"ident","type","name","latitude_deg","longitude_deg","iso_country"
"AGGH","large_airport","Honiara International","-9.428","160.054993","SB"
"AGGM","medium_airport","Munda","-8.32797","157.263","SB"
"ANYN","medium_airport","Nauru International","-0.547893","166.919525","NR"
"AQBC","medium_airport","Boulder Clay Runway","-74.739373","164.03539","AQ"
"AYBA","medium_airport","Baimuru","-7.496955","144.821756","PG"
"AYBK","medium_airport","Buka","-5.422299","154.672698","PG"
"AYBM","medium_airport","Balimo","-8.050000191","142.9329987","PG"
"AYCH","medium_airport","Chimbu","-6.024290085","144.970993","PG"
"AYDU","medium_airport","Daru","-9.08676","143.207993","PG"
"AYGA","medium_airport","Goroka","-6.081689835","145.3919983","PG"
"AYGN","medium_airport","Gurney","-10.3114996","150.3339996","PG"
"AYGR","medium_airport","Girua","-8.80453968","148.3090057","PG"
"AYHK","medium_airport","Hoskins","-5.463846","150.407327","PG"
"AYKM","medium_airport","Kerema","-7.963610172","145.7709961","PG"
"AYKV","medium_airport","Kavieng","-2.579400063","150.8079987","PG"
"AYMD","medium_airport","Madang","-5.207079887","145.7890015","PG"
"AYMH","medium_airport","Mount Hagen Kagamuga","-5.828212","144.299412","PG"
"AYMN","medium_airport","Mendi","-6.14774","143.656998","PG"
"AYMO","medium_airport","Momote","-2.06189","147.423996","PG"
"AYNZ","large_airport","Nadzab Tomodachi International","-6.567995","146.726544","PG"
"AYPY","large_airport","Port Moresby Jacksons International","-9.443380356","147.2200012","PG"
"AYTK","medium_airport","Tokua","-4.34046","152.380005","PG"
"AYVN","medium_airport","Vanimo","-2.6926","141.3028","PG"
"AYWD","medium_airport","Wapenamanda","-5.635293","143.892231","PG"
"AYWK","medium_airport","Wewak International","-3.583830118","143.6690063","PG"
"BGAA","medium_airport","Aasiaat","68.721802","-52.784698","GL"
"BGCO","medium_airport","Neerlerit Inaat","70.743103","-22.650499","GL"
"BGGH","large_airport","Nuuk International","64.191066","-51.67914","GL"
"BGJN","medium_airport","Ilulissat","69.243202","-51.057098","GL"
"BGKK","medium_airport","Kulusuk","65.573601","-37.1236","GL"
"BGQQ","medium_airport","Qaanaaq","77.488602","-69.388702","GL"
"BGSF","medium_airport","Kangerlussuaq International","67.010446","-50.715294","GL"
"BGSS","medium_airport","Sisimiut","66.951302","-53.729301","GL"
"BGTL","medium_airport","Pituffik Space Base","76.53063","-68.700541","GL"
"BIAR","large_airport","Akureyri International","65.656573","-18.072018","IS"
"BIBD","medium_airport","Bildudalur","65.641296","-23.5462","IS"
"BIEG","medium_airport","Egilsstaðir","65.28330231","-14.40139961","IS"
"BIGR","medium_airport","Grímsey","66.5458","-18.0173","IS"
"BIHN","medium_airport","Hornafjörður","64.295601","-15.2272","IS"
"BIHU","medium_airport","Húsavík","65.952301","-17.426001","IS"
"BIIS","medium_airport","Ísafjörður","66.058098","-23.1353","IS"
"BIKF","large_airport","Keflavik International","63.985001","-22.6056","IS"
"BIRK","medium_airport","Reykjavík Domestic","64.128732","-21.93759","IS"
"BIRL","medium_airport","Mývatn","65.6558","-16.9181","IS"
"BISI","medium_airport","Siglufjörður","66.137847","-18.908157","IS"
"BIVM","medium_airport","Vestmannaeyjar","63.42430115","-20.27890015","IS"
"BIVO","medium_airport","Vopnafjörður","65.720596","-14.8506","IS"
"BKPR","large_airport","Priština Adem Jashari International","42.5728","21.035801","XK"
"CBBC","medium_airport","Bella Bella (Campbell Island)","52.185001","-128.156994","CA"
"CYAG","medium_airport","Fort Frances Municipal","48.655749","-93.44349","CA"
"CYAH","medium_airport","La Grande-4","53.75469971","-73.6753006","CA"
"CYAM","medium_airport","Sault Ste Marie","46.483216","-84.508467","CA"
"CYAQ","medium_airport","Kasabonika","53.52470016","-88.64279938","CA"
"CYAV","medium_airport","Winnipeg / St. Andrews","50.0564","-97.032501","CA"
"CYAX","medium_airport","Lac du Bonnet","50.294399","-96.010002","CA"
"CYAY","medium_airport","St. Anthony","51.391909","-56.08321","CA"
"CYAZ","medium_airport","Tofino / Long Beach","49.079833","-125.775583","CA"
"CYBC","medium_airport","Baie-Comeau","49.1325","-68.204399","CA"
"CYBD","medium_airport","Bella Coola","52.387501","-126.596001","CA"
"CYBF","medium_airport","Bonnyville","54.304199","-110.744003","CA"
"CYBG","medium_airport","Saguenay-Bagotville","48.330123","-70.992012","CA"
"CYBK","medium_airport","Baker Lake","64.29889679","-96.07779694","CA"
"CYBL","medium_airport","Campbell River","49.950802","-125.271004","CA"
"CYBR","medium_airport","Brandon Municipal","49.91","-99.951897","CA"
"CYBU","medium_airport","Nipawin","53.33250046","-104.0080032","CA"
"CYBW","medium_airport","Calgary / Springbank","51.103982","-114.369378","CA"
"CYBX","medium_airport","Lourdes-de-Blanc-Sablon","51.4436","-57.185299","CA"
"CYCB","medium_airport","Cambridge Bay","69.10810089","-105.1380005","CA"
"CYCC","medium_airport","Cornwall Regional","45.092637","-74.567724","CA"
"CYCD","medium_airport","Nanaimo","49.05497","-123.869863","CA"
"CYCE","medium_airport","Centralia / James T. Field Memorial Aerodrome","43.285599","-81.508301","CA"
"CYCG","medium_airport","Castlegar/West Kootenay Regional","49.296398","-117.632004","CA"
"CYCH","medium_airport","Miramichi","47.007801","-65.449203","CA"
"CYCL","medium_airport","Charlo","47.990799","-66.330299","CA"
"CYCN","medium_airport","Cochrane","49.10559845","-81.01360321","CA"
"CYCP","medium_airport","Blue River","52.11669922","-119.2829971","CA"
"CYCQ","medium_airport","Chetwynd","55.68719864","-121.6269989","CA"
"CYDA","medium_airport","Dawson City","64.04309845","-139.128006","CA"
"CYDB","medium_airport","Burwash","61.371101","-139.041","CA"
"CYDF","medium_airport","Deer Lake","49.208159","-57.396147","CA"
"CYDM","medium_airport","Ross River","61.97060013","-132.4230042","CA"
"CYDN","medium_airport","Dauphin Barker","51.1008","-100.052002","CA"
"CYDO","medium_airport","Dolbeau-Saint-Felicien","48.7785","-72.375","CA"
"CYDQ","medium_airport","Dawson Creek","55.741245","-120.183263","CA"
"CYEE","medium_airport","Huronia","44.68330002","-79.92829895","CA"
"CYEG","large_airport","Edmonton International","53.3097","-113.580002","CA"
"CYEL","medium_airport","Elliot Lake Municipal","46.35139847","-82.56140137","CA"
"CYEM","medium_airport","Manitoulin East Municipal","45.842435","-81.857595","CA"
"CYEN","medium_airport","Estevan","49.21030045","-102.9660034","CA"
"CYET","medium_airport","Edson","53.57889938","-116.4649963","CA"
"CYEV","medium_airport","Inuvik Mike Zubko","68.30419922","-133.4830017","CA"
"CYEY","medium_airport","Amos/Magny","48.563903","-78.249702","CA"
"CYFB","medium_airport","Iqaluit","63.756402","-68.555801","CA"
"CYFC","medium_airport","Fredericton International","45.868697","-66.529891","CA"
"CYFD","medium_airport","Brantford Municipal","43.131401","-80.342499","CA"
"CYFE","medium_airport","Forestville","48.74610138","-69.09719849","CA"
"CYFJ","medium_airport","Mont-Tremblant International","46.409401","-74.779999","CA"
"CYFR","medium_airport","Fort Resolution","61.18080139","-113.6900024","CA"
"CYFS","medium_airport","Fort Simpson","61.7602005","-121.2369995","CA"
"CYGD","medium_airport","Goderich","43.76689911","-81.71060181","CA"
"CYGE","medium_airport","Golden","51.299196","-116.982002","CA"
"CYGK","medium_airport","Kingston Norman Rogers","44.2253","-76.596901","CA"
"CYGL","medium_airport","La Grande Rivière","53.62530136","-77.70420074","CA"
"CYGM","medium_airport","Gimli Industrial Park","50.62810135","-97.04329681","CA"
"CYGP","medium_airport","Michel-Pouliot Gaspé","48.774915","-64.481893","CA"
"CYGQ","medium_airport","Geraldton Greenstone Regional","49.77830124","-86.93939972","CA"
"CYGR","medium_airport","Îles-de-la-Madeleine","47.425242","-61.778612","CA"
"CYGV","medium_airport","Havre-Saint-Pierre","50.281898","-63.611401","CA"
"CYGW","medium_airport","Kuujjuarapik","55.2818985","-77.76529694","CA"
"CYHD","medium_airport","Dryden Regional","49.831699","-92.744202","CA"
"CYHF","medium_airport","Hearst René Fontaine Municipal","49.71419907","-83.68609619","CA"
"CYHM","medium_airport","John C. Munro Hamilton International","43.17348","-79.931185","CA"
"CYHN","medium_airport","Hornepayne Municipal","49.19309998","-84.7589035","CA"
"CYHT","medium_airport","Haines Junction","60.7892","-137.546005","CA"
"CYHU","medium_airport","Montréal / Saint-Hubert Metropolitan","45.517502","-73.416901","CA"
"CYHY","medium_airport","Hay River / Merlyn Carter","60.83969879","-115.7829971","CA"
"CYHZ","large_airport","Halifax / Stanfield International","44.88079834","-63.50859833","CA"
"CYIB","medium_airport","Atikokan Municipal","48.773899","-91.638603","CA"
"CYID","medium_airport","Digby / Annapolis Regional","44.54584504","-65.78542471","CA"
"CYIF","medium_airport","St Augustin","51.2117","-58.658298","CA"
"CYIV","medium_airport","Island Lake","53.85720062","-94.6536026","CA"
"CYJF","medium_airport","Fort Liard","60.2358017","-123.4690018","CA"
"CYJN","medium_airport","St Jean","45.29439926","-73.28109741","CA"
"CYJT","medium_airport","Stephenville Dymond International","48.54339","-58.552892","CA"
"CYKA","medium_airport","Kamloops John Moose Fulton Field Regional","50.703038","-120.448641","CA"
"CYKF","medium_airport","Region of Waterloo International","43.4608","-80.378601","CA"
"CYKJ","medium_airport","Key Lake","57.2560997","-105.6179962","CA"
"CYKL","medium_airport","Schefferville","54.80530167","-66.80529785","CA"
"CYKM","medium_airport","Kincardine Municipal","44.201401","-81.606697","CA"
"CYKX","medium_airport","Kirkland Lake","48.21030045","-79.98139954","CA"
"CYKY","medium_airport","Kindersley","51.51750183","-109.1809998","CA"
"CYLD","medium_airport","Chapleau","47.81999969","-83.34670258","CA"
"CYLJ","medium_airport","Meadow Lake","54.12530136","-108.5230026","CA"
"CYLL","medium_airport","Lloydminster","53.3092","-110.072998","CA"
"CYLR","medium_airport","Leaf Rapids","56.51330185","-99.98529816","CA"
"CYLS","medium_airport","Barrie-Lake Simcoe Regional","44.485056","-79.554663","CA"
"CYLT","medium_airport","Alert","82.517263","-62.283037","CA"
"CYLW","large_airport","Kelowna International","49.9561","-119.377998","CA"
"CYMA","medium_airport","Mayo","63.61640167","-135.8679962","CA"
"CYME","medium_airport","Matane","48.85689926","-67.45330048","CA"
"CYMG","medium_airport","Manitouwadge","49.08390045","-85.86060333","CA"
"CYMJ","medium_airport","Moose Jaw Air Vice Marshal C. M. McEwen","50.33029938","-105.5589981","CA"
"CYML","medium_airport","Charlevoix","47.59749985","-70.22389984","CA"
"CYMM","medium_airport","Fort McMurray International","56.653301","-111.222","CA"
"CYMO","medium_airport","Moosonee","51.29109955","-80.60780334","CA"
"CYMT","medium_airport","Chapais","49.77190018","-74.52809906","CA"
"CYMX","medium_airport","Montreal Mirabel International","45.679501","-74.038696","CA"
"CYNA","medium_airport","Natashquan","50.190114","-61.78898","CA"
"CYND","medium_airport","Ottawa / Gatineau","45.521702","-75.563599","CA"
"CYNJ","medium_airport","Langley","49.1008","-122.630997","CA"
"CYNL","medium_airport","Points North Landing","58.27669907","-104.0820007","CA"
"CYNM","medium_airport","Matagami","49.76169968","-77.80280304","CA"
"CYNN","medium_airport","Nejanilini Lake","59.48749924","-97.78029633","CA"
"CYOA","medium_airport","Ekati","64.69889832","-110.6149979","CA"
"CYOD","medium_airport","CFB Cold Lake","54.40499878","-110.2789993","CA"
"CYOJ","medium_airport","High Level","58.62139893","-117.1650009","CA"
"CYOO","medium_airport","Oshawa Executive","43.922798","-78.894997","CA"
"CYOP","medium_airport","Rainbow Lake","58.491402","-119.407997","CA"
"CYOS","medium_airport","Owen Sound / Billy Bishop Regional","44.59030151","-80.83750153","CA"
"CYOW","large_airport","Ottawa Macdonald-Cartier International","45.322498","-75.669197","CA"
"CYPA","medium_airport","Prince Albert Glass Field","53.21419907","-105.6729965","CA"
"CYPD","medium_airport","Port Hawkesbury","45.65670013","-61.36809921","CA"
"CYPE","medium_airport","Peace River","56.226898","-117.446999","CA"
"CYPG","medium_airport","Portage-la-Prairie / Southport","49.903099","-98.273817","CA"
"CYPK","medium_airport","Pitt Meadows Regional","49.21488","-122.709294","CA"
"CYPL","medium_airport","Pickle Lake","51.44639969","-90.21420288","CA"
"CYPN","medium_airport","Port-Menier","49.836399","-64.288597","CA"
"CYPQ","medium_airport","Peterborough Regional","44.232251","-78.362053","CA"
"CYPR","medium_airport","Prince Rupert","54.28609848","-130.4450073","CA"
"CYPW","medium_airport","Powell River","49.83420181","-124.5","CA"
"CYPX","medium_airport","Puvirnituq","60.050598","-77.286903","CA"
"CYPY","medium_airport","Fort Chipewyan","58.76720047","-111.1169968","CA"
"CYPZ","medium_airport","Burns Lake","54.3764","-125.950996","CA"
"CYQA","medium_airport","Muskoka","44.975376","-79.306546","CA"
"CYQB","large_airport","Quebec Jean Lesage International","46.7911","-71.393303","CA"
"CYQD","medium_airport","The Pas","53.97140121","-101.0910034","CA"
"CYQF","medium_airport","Red Deer Regional","52.182201","-113.893997","CA"
"CYQG","medium_airport","Windsor International","42.2756","-82.955597","CA"
"CYQH","medium_airport","Watson Lake","60.116839","-128.821993","CA"
"CYQI","medium_airport","Yarmouth","43.82690048","-66.08809662","CA"
"CYQK","medium_airport","Kenora","49.78829956","-94.36309814","CA"
"CYQL","medium_airport","Lethbridge County","49.63029861","-112.8000031","CA"
"CYQM","medium_airport","Greater Moncton Roméo LeBlanc International","46.113189","-64.67719","CA"
"CYQN","medium_airport","Nakina","50.18280029","-86.6964035","CA"
"CYQQ","medium_airport","Comox Valley International / CFB Comox","49.7108","-124.887001","CA"
"CYQR","medium_airport","Regina International","50.431938","-104.660906","CA"
"CYQS","medium_airport","St Thomas Municipal","42.77000046","-81.1108017","CA"
"CYQT","medium_airport","Thunder Bay International","48.371899","-89.323898","CA"
"CYQU","medium_airport","Grande Prairie","55.17969894","-118.8850021","CA"
"CYQV","medium_airport","Yorkton Municipal","51.264702","-102.461998","CA"
"CYQW","medium_airport","North Battleford","52.769409","-108.243742","CA"
"CYQX","medium_airport","Gander International","48.936258","-54.567719","CA"
"CYQY","medium_airport","Sydney / J.A. Douglas McCurdy","46.161072","-60.049759","CA"
"CYQZ","medium_airport","Quesnel","53.02610016","-122.5100021","CA"
"CYRB","medium_airport","Resolute Bay","74.71690369","-94.9693985","CA"
"CYRI","medium_airport","Rivière-du-Loup","47.76440048","-69.58470154","CA"
"CYRJ","medium_airport","Roberval","48.519665","-72.265735","CA"
"CYRL","medium_airport","Red Lake","51.06689835","-93.79309845","CA"
"CYRO","medium_airport","Ottawa / Rockcliffe","45.460496","-75.644001","CA"
"CYRP","medium_airport","Ottawa / Carp","45.31919861","-76.02220154","CA"
"CYRQ","medium_airport","Trois-Rivières","46.35279846","-72.67939758","CA"
"CYRT","medium_airport","Rankin Inlet","62.81140137","-92.11579895","CA"
"CYRV","medium_airport","Revelstoke","50.962245","-118.184258","CA"
"CYSB","medium_airport","Sudbury","46.625","-80.79889679","CA"
"CYSC","medium_airport","Sherbrooke","45.438599","-71.691399","CA"
"CYSF","medium_airport","Stony Rapids","59.25030136","-105.8410034","CA"
"CYSG","medium_airport","Saint-Georges","46.096401","-70.714699","CA"
"CYSH","medium_airport","Smiths Falls-Montague (Russ Beach)","44.945801","-75.940598","CA"
"CYSJ","medium_airport","Saint John","45.31610107","-65.89029694","CA"
"CYSL","medium_airport","Saint-Léonard","47.157097","-67.836242","CA"
"CYSM","medium_airport","Fort Smith","60.020302","-111.961998","CA"
"CYSN","medium_airport","Niagara District","43.191598","-79.171686","CA"
"CYSP","medium_airport","Marathon","48.75529861","-86.3443985","CA"
"CYSU","medium_airport","Summerside","46.440601","-63.833599","CA"
"CYTA","medium_airport","Pembroke","45.86439896","-77.25170135","CA"
"CYTF","medium_airport","Alma","48.5089","-71.641899","CA"
"CYTH","medium_airport","Thompson","55.80110168","-97.86419678","CA"
"CYTR","medium_airport","CFB Trenton","44.1189003","-77.52809906","CA"
"CYTS","medium_airport","Timmins/Victor M. Power","48.56969833","-81.37670136","CA"
"CYTZ","medium_airport","Billy Bishop Toronto City","43.627852","-79.39553","CA"
"CYUL","large_airport","Montreal / Pierre Elliott Trudeau International","45.467837","-73.742294","CA"
"CYUX","medium_airport","Hall Beach","68.7761","-81.2425","CA"
"CYUY","medium_airport","Rouyn Noranda","48.20610046","-78.83560181","CA"
"CYVB","medium_airport","Bonaventure","48.071098","-65.460297","CA"
"CYVC","medium_airport","La Ronge","55.15140152","-105.262001","CA"
"CYVD","medium_airport","Virden / RJ (Bob) Andrew Field Regional Aerodrome","49.8783","-100.917999","CA"
"CYVK","medium_airport","Vernon Regional","50.246163","-119.330963","CA"
"CYVO","medium_airport","Val-d'Or","48.05329895","-77.78279877","CA"
"CYVP","medium_airport","Kuujjuaq","58.09609985","-68.42690277","CA"
"CYVQ","medium_airport","Norman Wells","65.28160095","-126.7979965","CA"
"CYVR","large_airport","Vancouver International","49.193901","-123.183998","CA"
"CYVV","medium_airport","Wiarton","44.7458","-81.107201","CA"
"CYWG","large_airport","Winnipeg / James Armstrong Richardson International","49.90999985","-97.23989868","CA"
"CYWK","medium_airport","Wabush","52.9219017","-66.86440277","CA"
"CYWL","medium_airport","Williams Lake","52.18310165","-122.0540009","CA"
"CYWY","medium_airport","Wrigley","63.20940018","-123.4369965","CA"
"CYXC","medium_airport","Cranbrook/Canadian Rockies International","49.610802","-115.781998","CA"
"CYXE","large_airport","Saskatoon John G. Diefenbaker International","52.170723","-106.700793","CA"
"CYXH","medium_airport","Medicine Hat Regional","50.018902","-110.721001","CA"
"CYXJ","medium_airport","Fort St John / North Peace Regional","56.238098","-120.739998","CA"
"CYXK","medium_airport","Rimouski","48.477644","-68.496323","CA"
"CYXL","medium_airport","Sioux Lookout","50.11389923","-91.90529633","CA"
"CYXQ","medium_airport","Beaver Creek","62.41030121","-140.8670044","CA"
"CYXR","medium_airport","Earlton (Timiskaming Regional)","47.69740065","-79.84734535","CA"
"CYXS","medium_airport","Prince George (International)","53.884311","-122.666554","CA"
"CYXT","medium_airport","Northwest Regional Terrace-Kitimat","54.468498","-128.576009","CA"
"CYXU","medium_airport","London International","43.032845","-81.149003","CA"
"CYXX","medium_airport","Abbotsford International","49.025299","-122.361","CA"
"CYXY","medium_airport","Whitehorse / Erik Nielsen International","60.708533","-135.065705","CA"
"CYXZ","medium_airport","Wawa","47.96670151","-84.78669739","CA"
"CYYB","medium_airport","North Bay Jack Garland","46.363602","-79.422798","CA"
"CYYC","large_airport","Calgary International","51.118822","-114.009933","CA"
"CYYD","medium_airport","Smithers","54.8246994","-127.1829987","CA"
"CYYE","medium_airport","Fort Nelson","58.83639908","-122.5970001","CA"
"CYYF","medium_airport","Penticton","49.46310043","-119.6019974","CA"
"CYYG","medium_airport","Charlottetown","46.288911","-63.125174","CA"
"CYYJ","large_airport","Victoria International","48.647201","-123.427792","CA"
"CYYL","medium_airport","Lynn Lake","56.86389923","-101.0759964","CA"
"CYYN","medium_airport","Swift Current","50.29190063","-107.6910019","CA"
"CYYQ","medium_airport","Churchill","58.73920059","-94.06500244","CA"
"CYYR","medium_airport","Goose Bay","53.31919861","-60.42580032","CA"
"CYYT","large_airport","St. John's International","47.618599","-52.7519","CA"
"CYYU","medium_airport","Kapuskasing","49.411587","-82.469645","CA"
"CYYW","medium_airport","Armstrong","50.29029846","-88.90969849","CA"
"CYYY","medium_airport","Mont Joli","48.60860062","-68.20809937","CA"
"CYYZ","large_airport","Toronto Pearson International","43.675935","-79.629421","CA"
"CYZE","medium_airport","Gore Bay Manitoulin","45.8853","-82.567802","CA"
"CYZF","medium_airport","Yellowknife International","62.462799","-114.440002","CA"
"CYZH","medium_airport","Slave Lake","55.292945","-114.777276","CA"
"CYZP","medium_airport","Sandspit","53.25429916","-131.8139954","CA"
"CYZR","medium_airport","Chris Hadfield","42.999401","-82.308899","CA"
"CYZS","medium_airport","Coral Harbour","64.19329834","-83.35939789","CA"
"CYZT","medium_airport","Port Hardy","50.68059921","-127.3669968","CA"
"CYZU","medium_airport","Whitecourt","54.143902","-115.787003","CA"
"CYZV","medium_airport","Sept-Îles","50.22330093","-66.26560211","CA"
"CYZW","medium_airport","Teslin","60.17279816","-132.7429962","CA"
"CYZX","medium_airport","CFB Greenwood","44.9844017","-64.91690063","CA"
"CYZY","medium_airport","Mackenzie","55.297786","-123.133907","CA"
"CZAM","medium_airport","Shuswap Regional","50.682802","-119.228996","CA"
"CZBB","medium_airport","Boundary Bay","49.074338","-123.006877","CA"
"CZBF","medium_airport","Bathurst","47.6297","-65.738899","CA"
"CZBM","medium_airport","Bromont (Roland Désourdy)","45.290798","-72.741402","CA"
"CZEE","medium_airport","Kelsey","56.03749847","-96.50969696","CA"
"CZFA","medium_airport","Faro","62.20750046","-133.3760071","CA"
"CZGF","medium_airport","Grand Forks","49.015598","-118.431","CA"
"CZJG","medium_airport","Jenpeg","54.51890182","-98.0460968","CA"
"CZJN","medium_airport","Swan River","52.120602","-101.236","CA"
"CZLQ","medium_airport","Thicket Portage","55.31890106","-97.70780182","CA"
"CZMN","medium_airport","Pikwitonei","55.58890152","-97.16419983","CA"
"CZMT","medium_airport","Masset","54.0275","-132.125","CA"
"CZPC","medium_airport","Pincher Creek","49.520429","-113.997002","CA"
"CZSJ","medium_airport","Sandy Lake","53.06420135","-93.3443985","CA"
"CZST","medium_airport","Stewart","55.93541045","-129.9824345","CA"
"CZUC","medium_airport","Ignace Municipal","49.428204","-91.720418","CA"
"DAAB","medium_airport","Blida","36.503601","2.81417","DZ"
"DAAD","medium_airport","Bou Saada","35.3325","4.20639","DZ"
"DAAE","large_airport","Soummam–Abane Ramdane","36.712547","5.069909","DZ"
"DAAG","large_airport","Houari Boumediene","36.693886","3.214531","DZ"
"DAAJ","large_airport","Tiska Djanet","24.285448","9.463652","DZ"
"DAAK","medium_airport","Boufarik Air Base","36.545799","2.87611","DZ"
"DAAP","medium_airport","Illizi Takhamalt","26.723499","8.62265","DZ"
"DAAS","medium_airport","Ain Arnat","36.178488","5.329909","DZ"
"DAAT","large_airport","Aguenar – Hadj Bey Akhamok","22.810992","5.450832","DZ"
"DAAV","large_airport","Jijel Ferhat Abbas","36.794125","5.873652","DZ"
"DAAY","medium_airport","Mecheria","33.53590012","-0.242353007","DZ"
"DAAZ","medium_airport","Relizane","35.752955","0.625877","DZ"
"DABB","large_airport","Annaba Rabah Bitat","36.826781","7.81334","DZ"
"DABC","large_airport","Mohamed Boudiaf International","36.276001","6.62039","DZ"
"DABS","medium_airport","Cheikh Larbi Tébessi","35.43159866","8.12071991","DZ"
"DABT","large_airport","Batna Mostefa Ben Boulaid","35.752102","6.30859","DZ"
"DAFH","medium_airport","Hassi R'Mel","32.930401","3.31154","DZ"
"DAOB","medium_airport","Abdelhafid Boussouf Bou Chekif","35.341099","1.46315","DZ"
"DAOF","medium_airport","Tindouf","27.7003994","-8.167099953","DZ"
"DAOI","large_airport","Chlef Aboubakr Belkaid International","36.216614","1.341114","DZ"
"DAOL","medium_airport","Oran Tafraoui","35.5424","-0.532278","DZ"
"DAON","large_airport","Zenata – Messali El Hadj","35.012732","-1.457117","DZ"
"DAOO","large_airport","Oran Es-Sénia (Ahmed Ben Bella) International","35.620648","-0.622486","DZ"
"DAOR","medium_airport","Béchar Boudghene Ben Ali Lotfi","31.64570045","-2.269860029","DZ"
"DAOV","medium_airport","Ghriss","35.207699","0.147142","DZ"
"DATM","medium_airport","Bordj Badji Mokhtar","21.3778","0.92698","DZ"
"DAUA","medium_airport","Touat-Cheikh Sidi Mohamed Belkebir","27.837601","-0.186414","DZ"
"DAUB","large_airport","Biskra - Mohamed Khider","34.79318","5.738899","DZ"
"DAUE","medium_airport","El Golea","30.580732","2.861595","DZ"
"DAUG","medium_airport","Noumérat - Moufdi Zakaria","32.384102","3.79411","DZ"
"DAUH","medium_airport","Hassi Messaoud-Oued Irara Krim Belkacem","31.673","6.14044","DZ"
"DAUI","medium_airport","In Salah","27.250999","2.51202","DZ"
"DAUK","medium_airport","Touggourt Sidi Madhi","33.067799","6.08867","DZ"
"DAUL","medium_airport","Laghouat - Molay Ahmed Medeghri","33.7644","2.92834","DZ"
"DAUO","medium_airport","Guemar - مطار قمار بالوادي","33.511398","6.77679","DZ"
"DAUT","medium_airport","Timimoun","29.237101","0.276033","DZ"
"DAUU","medium_airport","Ain Beida","31.9172","5.41278","DZ"
"DAUZ","medium_airport","Zarzaitine - In Aménas","28.0515","9.64291","DZ"
"DBBB","large_airport","Cotonou Cadjehoun International","6.35723","2.38435","BJ"
"DFFD","large_airport","Ouagadougou Thomas Sankara International","12.3532","-1.51242","BF"
"DFOO","large_airport","Bobo Dioulasso","11.1601","-4.33097","BF"
"DGAA","large_airport","Kotoka International","5.6051898","-0.166786","GH"
"DGAH","medium_airport","Ho","6.579691","0.532547","GH"
"DGLE","large_airport","Yakubu Tali International","9.553909","-0.86606","GH"
"DGSI","large_airport","Prempeh I International","6.71456","-1.59082","GH"
"DGSN","medium_airport","Sunyani","7.36183","-2.32876","GH"
"DGTK","medium_airport","Takoradi","4.89605999","-1.774760008","GH"
"DIAP","large_airport","Félix-Houphouët-Boigny International","5.26139","-3.92629","CI"
"DIBK","medium_airport","Bouaké","7.7388","-5.07367","CI"
"DIDL","medium_airport","Daloa","6.79281","-6.47319","CI"
"DIKO","medium_airport","Korhogo","9.38718","-5.55666","CI"
"DIMN","medium_airport","Man","7.27207","-7.58736","CI"
"DISP","medium_airport","San Pedro","4.74672","-6.66082","CI"
"DIYO","large_airport","Yamoussoukro International","6.90317","-5.36558","CI"
"DNAA","large_airport","Nnamdi Azikiwe International","9.00679","7.26317","NG"
"DNAI","medium_airport","Akwa Ibom International","4.8725","8.093","NG"
"DNAK","medium_airport","Akure","7.246739864","5.301010132","NG"
"DNAS","large_airport","Asaba International","6.204167","6.665278","NG"
"DNBC","large_airport","Sir Abubakar Tafawa Balewa Bauchi State International","10.482833","9.744","NG"
"DNBE","medium_airport","Benin","6.316979885","5.599500179","NG"
"DNBY","medium_airport","Bayelsa International","4.95759","6.203327","NG"
"DNCA","medium_airport","Margaret Ekpo International","4.976019859","8.347200394","NG"
"DNEN","large_airport","Akanu Ibiam International","6.473718","7.560463","NG"
"DNGO","medium_airport","Gombe Lawanti International","10.298889","10.9","NG"
"DNGU","medium_airport","Gusau","12.17286","6.696136","NG"
"DNIB","medium_airport","Ibadan","7.362460136","3.978329897","NG"
"DNIL","large_airport","General Tunde Idiagbon International","8.44021","4.49392","NG"
"DNIM","medium_airport","Sam Mbakwe International Cargo","5.42706","7.20603","NG"
"DNJO","medium_airport","Yakubu Gowon","9.639829636","8.869050026","NG"
"DNKA","large_airport","Kaduna International","10.696","7.32011","NG"
"DNKN","large_airport","Mallam Aminu Kano International","12.045613","8.523566","NG"
"DNMA","large_airport","Maiduguri International","11.854163","13.080702","NG"
"DNMK","medium_airport","Makurdi","7.70388","8.61394","NG"
"DNMM","large_airport","Murtala Muhammed International","6.57737","3.32116","NG"
"DNMN","medium_airport","Minna","9.652170181","6.462259769","NG"
"DNPO","large_airport","Port Harcourt International","5.01549","6.94959","NG"
"DNSO","large_airport","Sadiq Abubakar III International","12.915729","5.207547","NG"
"DNSU","medium_airport","Warri","5.59821","5.8187","NG"
"DNYO","medium_airport","Yola","9.25755024","12.43039989","NG"
"DNZA","medium_airport","Zaria","11.1302","7.68581","NG"
"DRRM","medium_airport","Maradi","13.5025","7.12675","NE"
"DRRN","large_airport","Diori Hamani International","13.4815","2.18361","NE"
"DRRT","medium_airport","Tahoua","14.8757","5.26536","NE"
"DRZA","medium_airport","Mano Dayak International","16.966","8.00011","NE"
"DRZR","medium_airport","Zinder","13.77900028","8.98375988","NE"
"DTKA","medium_airport","Tabarka-Aïn Draham International","36.98","8.87694","TN"
"DTMB","medium_airport","Monastir Habib Bourguiba International","35.7580986","10.75469971","TN"
"DTNH","medium_airport","Enfidha - Hammamet International","36.075833","10.438611","TN"
"DTTA","large_airport","Tunis Carthage International","36.851002","10.2272","TN"
"DTTB","medium_airport","Bizerte Sidi Ahmed Air Base","37.242356","9.787016","TN"
"DTTD","medium_airport","Remada Air Base","32.306198","10.3821","TN"
"DTTF","medium_airport","Gafsa Ksar International","34.42200089","8.822500229","TN"
"DTTG","medium_airport","Gabès Matmata International","33.733691","9.91941","TN"
"DTTJ","large_airport","Djerba Zarzis International","33.873719","10.7773","TN"
"DTTR","medium_airport","El Borma","31.7043","9.25462","TN"
"DTTX","medium_airport","Sfax Thyna International","34.717999","10.691","TN"
"DTTZ","medium_airport","Tozeur Nefta International","33.93970108","8.110560417","TN"
"DXNG","large_airport","Niamtougou International","9.766675","1.090944","TG"
"DXXX","large_airport","Lomé–Tokoin International","6.16561","1.25451","TG"
"EBAW","medium_airport","Antwerp International (Deurne)","51.190667","4.463153","BE"
"EBBE","medium_airport","Beauvechain Air Base","50.758598","4.76833","BE"
"EBBL","medium_airport","Kleine Brogel Air Base","51.168301","5.47","BE"
"EBBR","large_airport","Brussels","50.901402","4.48444","BE"
"EBCI","large_airport","Brussels South Charleroi","50.461963","4.459562","BE"
"EBCV","medium_airport","Chièvres Air Base","50.575802","3.831","BE"
"EBFN","medium_airport","Koksijde Air Base","51.090302","2.65278","BE"
"EBFS","medium_airport","Florennes Air Base","50.24330139","4.645830154","BE"
"EBKT","medium_airport","Kortrijk-Wevelgem International","50.818878","3.209551","BE"
"EBLG","medium_airport","Liège","50.638574","5.443897","BE"
"EBOS","large_airport","Ostend-Bruges International","51.1998","2.874673","BE"
"EDAC","medium_airport","Leipzig–Altenburg","50.981945","12.506389","DE"
"EDAH","medium_airport","Heringsdorf","53.8787","14.1523","DE"
"EDBN","medium_airport","Neubrandenburg Trollenhagen","53.6022","13.306","DE"
"EDBR","medium_airport","Rothenburg/Görlitz Airfield","51.363335","14.95","DE"
"EDDB","large_airport","Berlin Brandenburg","52.361738","13.502341","DE"
"EDDC","large_airport","Dresden","51.134123","13.767831","DE"
"EDDE","large_airport","Erfurt-Weimar","50.978281","10.960713","DE"
"EDDF","large_airport","Frankfurt Main","50.026706","8.55835","DE"
"EDDG","large_airport","Münster Osnabrück","52.133816","7.688482","DE"
"EDDH","large_airport","Hamburg Helmut Schmidt","53.630402","9.98823","DE"
"EDDK","large_airport","Cologne Bonn","50.865898","7.14274","DE"
"EDDL","large_airport","Düsseldorf","51.289501","6.76678","DE"
"EDDM","large_airport","Munich","48.353802","11.7861","DE"
"EDDN","large_airport","Nuremberg","49.498699","11.078056","DE"
"EDDP","large_airport","Leipzig/Halle","51.420657","12.232705","DE"
"EDDR","medium_airport","Saarbrücken","49.214545","7.109735","DE"
"EDDS","large_airport","Stuttgart","48.689899","9.22196","DE"
"EDDV","large_airport","Hannover","52.461102","9.68508","DE"
"EDDW","large_airport","Bremen","53.046786","8.78932","DE"
"EDFE","medium_airport","Frankfurt-Egelsbach","49.96","8.643043","DE"
"EDFH","large_airport","Frankfurt-Hahn","49.946353","7.261734","DE"
"EDFM","medium_airport","Mannheim-City","49.473057","8.514167","DE"
"EDFZ","medium_airport","Mainz-Finthen Airfield","49.967499","8.147222","DE"
"EDGE","medium_airport","Eisenach-Kindel","50.991604","10.47973","DE"
"EDGS","medium_airport","Siegerland","50.707699","8.08297","DE"
"EDHI","medium_airport","Hamburg-Finkenwerder","53.535278","9.835556","DE"
"EDHK","medium_airport","Kiel-Holtenau","54.37957","10.145266","DE"
"EDHL","medium_airport","Lübeck Blankensee","53.805401","10.7192","DE"
"EDJA","large_airport","Memmingen Allgau","47.988092","10.238248","DE"
"EDLI","medium_airport","Bielefeld","51.964722","8.544444","DE"
"EDLN","medium_airport","Mönchengladbach","51.230278","6.504444","DE"
"EDLP","large_airport","Paderborn Lippstadt","51.612527","8.617459","DE"
"EDLV","large_airport","Weeze (Niederrhein)","51.601362","6.141228","DE"
"EDLW","large_airport","Dortmund","51.518299","7.61224","DE"
"EDMA","medium_airport","Augsburg","48.425278","10.931667","DE"
"EDML","medium_airport","Landshut Airfield","48.512019","12.034865","DE"
"EDMO","medium_airport","Oberpfaffenhofen","48.081402","11.2831","DE"
"EDNY","large_airport","Bodensee Friedrichshafen","47.671299","9.51149","DE"
"EDQA","medium_airport","Bamberg-Breitenau Airfield","49.920403","10.914233","DE"
"EDQD","medium_airport","Bayreuth","49.985001","11.64","DE"
"EDQM","medium_airport","Hof-Plauen","50.288544","11.852876","DE"
"EDSB","large_airport","Karlsruhe Baden-Baden","48.7794","8.0805","DE"
"EDTD","medium_airport","Donaueschingen-Villingen Airfield","47.973331","8.522222","DE"
"EDTL","medium_airport","Lahr","48.369301","7.82772","DE"
"EDTM","medium_airport","Mengen-Hohentengen Airfield","48.05389","9.372778","DE"
"EDTY","medium_airport","Adolf Würth","49.118332","9.783889","DE"
"EDUZ","medium_airport","Zerbst Airfield","52.000832","12.148611","DE"
"EDVE","medium_airport","Braunschweig-Wolfsburg","52.319199","10.5561","DE"
"EDVK","large_airport","Kassel","51.418395","9.391638","DE"
"EDXW","medium_airport","Westerland Sylt","54.9132","8.34047","DE"
"EEEI","medium_airport","Ämari Air Base","59.259599","24.204799","EE"
"EEKA","medium_airport","Kärdla","58.99079895","22.83069992","EE"
"EEKE","medium_airport","Kuressaare","58.22990036","22.5095005","EE"
"EEPU","medium_airport","Pärnu","58.41899872","24.4727993","EE"
"EETN","large_airport","Lennart Meri Tallinn","59.413246","24.83264","EE"
"EETU","medium_airport","Tartu","58.307438","26.686473","EE"
"EFET","medium_airport","Enontekio","68.36260223","23.42429924","FI"
"EFHA","medium_airport","Halli","61.856039","24.786686","FI"
"EFHK","large_airport","Helsinki Vantaa","60.318363","24.963341","FI"
"EFIT","medium_airport","Kitee","62.1661","30.073601","FI"
"EFIV","large_airport","Ivalo","68.6073","27.4053","FI"
"EFJO","medium_airport","Joensuu","62.658815","29.619398","FI"
"EFJY","medium_airport","Jyväskylä","62.399502","25.678301","FI"
"EFKA","medium_airport","Kauhava Airfield","63.127102","23.051399","FI"
"EFKE","medium_airport","Kemi-Tornio","65.77870178","24.58209991","FI"
"EFKI","medium_airport","Kajaani","64.2855","27.6924","FI"
"EFKJ","medium_airport","Kauhajoki Airfield","62.463212","22.390817","FI"
"EFKK","medium_airport","Kokkola-Pietarsaari","63.721199","23.143101","FI"
"EFKS","medium_airport","Kuusamo","65.987602","29.239401","FI"
"EFKT","large_airport","Kittilä International","67.700996","24.8468","FI"
"EFKU","large_airport","Kuopio","63.007099","27.7978","FI"
"EFLP","large_airport","Lappeenranta","61.044601","28.144743","FI"
"EFMA","large_airport","Mariehamn","60.1222","19.898199","FI"
"EFMI","medium_airport","Mikkeli","61.6866","27.201799","FI"
"EFOU","large_airport","Oulu","64.930099","25.354601","FI"
"EFPO","medium_airport","Pori","61.4617","21.799999","FI"
"EFPR","medium_airport","Helsinki East-Redstone Aerodrome","60.479167","26.593889","FI"
"EFRO","large_airport","Rovaniemi","66.563327","25.829751","FI"
"EFSA","medium_airport","Savonlinna","61.9431","28.945101","FI"
"EFSI","medium_airport","Seinäjoki","62.692101","22.8323","FI"
"EFSO","medium_airport","Sodankyla","67.39499664","26.61910057","FI"
"EFTP","large_airport","Tampere-Pirkkala","61.414101","23.604401","FI"
"EFTU","large_airport","Turku","60.514099","22.2628","FI"
"EFUT","medium_airport","Utti Air Base","60.8964","26.9384","FI"
"EFVA","large_airport","Vaasa","63.05023","21.762543","FI"
"EFVR","medium_airport","Varkaus","62.171101","27.868601","FI"
"EFYL","medium_airport","Ylivieska Airfield","64.054722","24.725278","FI"
"EGAA","large_airport","Belfast International","54.65750122","-6.215829849","GB"
"EGAB","medium_airport","Enniskillen/St Angelo","54.398274","-7.651179","GB"
"EGAC","medium_airport","George Best Belfast City","54.618099","-5.8725","GB"
"EGAE","medium_airport","City of Derry","55.042801","-7.16111","GB"
"EGBB","large_airport","Birmingham","52.453899","-1.74803","GB"
"EGBE","medium_airport","Coventry","52.369701","-1.47972","GB"
"EGBJ","medium_airport","Gloucestershire","51.894199","-2.16722","GB"
"EGBN","medium_airport","Nottingham City","52.919998","-1.07917","GB"
"EGCC","large_airport","Manchester","53.349375","-2.279521","GB"
"EGDC","medium_airport","Royal Marines Base Chivenor","51.0872","-4.15034","GB"
"EGDM","medium_airport","MoD Boscombe Down","51.152199","-1.74741","GB"
"EGDR","medium_airport","RNAS Culdrose","50.08610153","-5.255710125","GB"
"EGDX","medium_airport","MOD St Athan","51.405229","-3.433254","GB"
"EGDY","medium_airport","RNAS Yeovilton","51.009399","-2.63882","GB"
"EGEC","medium_airport","Campbeltown","55.437199","-5.68639","GB"
"EGED","medium_airport","Eday","59.19060135","-2.772219896","GB"
"EGFE","medium_airport","Haverfordwest","51.83309937","-4.961110115","GB"
"EGFF","large_airport","Cardiff International","51.396702","-3.34333","GB"
"EGFH","medium_airport","Swansea","51.601366","-4.071006","GB"
"EGGD","large_airport","Bristol","51.382326","-2.716453","GB"
"EGGP","large_airport","Liverpool John Lennon","53.334863","-2.849637","GB"
"EGGW","large_airport","London Luton","51.874699","-0.368333","GB"
"EGHH","medium_airport","Bournemouth","50.780483","-1.839576","GB"
"EGHI","medium_airport","Southampton","50.950298","-1.3568","GB"
"EGHL","medium_airport","Lasham Airfield","51.18744","-1.031663","GB"
"EGHQ","medium_airport","Cornwall Newquay","50.440601","-4.99541","GB"
"EGJA","medium_airport","Alderney","49.706104","-2.21472","GG"
"EGJB","medium_airport","Guernsey","49.435001","-2.60197","GG"
"EGJJ","medium_airport","Jersey","49.207901","-2.19551","JE"
"EGKA","medium_airport","Brighton City","50.835602","-0.297222","GB"
"EGKB","medium_airport","London Biggin Hill","51.3307991","0.032499999","GB"
"EGKK","large_airport","London Gatwick","51.148744","-0.185739","GB"
"EGLC","medium_airport","London City","51.505299","0.055278","GB"
"EGLF","medium_airport","Farnborough","51.275799","-0.776333","GB"
"EGLK","medium_airport","Blackbushe","51.323898","-0.8475","GB"
"EGLL","large_airport","London Heathrow","51.470748","-0.459909","GB"
"EGMC","medium_airport","London Southend","51.570562","0.693627","GB"
"EGMD","medium_airport","Lydd London Ashford","50.956246","0.939074","GB"
"EGNC","medium_airport","Carlisle Lake District","54.9375","-2.80917","GB"
"EGNH","medium_airport","Blackpool","53.771702","-3.02861","GB"
"EGNJ","medium_airport","Humberside","53.576152","-0.34954","GB"
"EGNL","medium_airport","Barrow Walney Island","54.1286111","-3.2675","GB"
"EGNM","large_airport","Leeds Bradford","53.865898","-1.66057","GB"
"EGNO","medium_airport","Warton Aerodrome","53.745098","-2.88306","GB"
"EGNR","medium_airport","Hawarden","53.178101","-2.97778","GB"
"EGNS","large_airport","Isle of Man","54.083081","-4.623871","IM"
"EGNT","large_airport","Newcastle International","55.037958","-1.689577","GB"
"EGNV","medium_airport","Teesside International","54.509201","-1.42941","GB"
"EGNX","large_airport","East Midlands","52.8311","-1.32806","GB"
"EGOM","medium_airport","RAF Spadeadam","55.04999924","-2.549999952","GB"
"EGOS","medium_airport","RAF Shawbury","52.798199","-2.66804","GB"
"EGOV","medium_airport","Anglesey","53.2481","-4.53534","GB"
"EGPA","medium_airport","Kirkwall","58.957903","-2.905077","GB"
"EGPB","medium_airport","Sumburgh","59.878899","-1.29556","GB"
"EGPC","medium_airport","Wick John O'Groats","58.4589","-3.09306","GB"
"EGPD","large_airport","Aberdeen International","57.2019","-2.19778","GB"
"EGPE","medium_airport","Inverness","57.5425","-4.0475","GB"
"EGPF","large_airport","Glasgow","55.871899","-4.43306","GB"
"EGPH","large_airport","Edinburgh","55.950145","-3.372288","GB"
"EGPI","medium_airport","Islay","55.682708","-6.257525","GB"
"EGPK","large_airport","Glasgow Prestwick","55.501499","-4.577182","GB"
"EGPL","medium_airport","Benbecula","57.481098","-7.36278","GB"
"EGPN","medium_airport","Dundee","56.452499","-3.02583","GB"
"EGPO","medium_airport","Stornoway","58.215599","-6.33111","GB"
"EGPR","medium_airport","Barra","57.0228","-7.44306","GB"
"EGPU","medium_airport","Tiree","56.499199","-6.86917","GB"
"EGQL","medium_airport","Leuchars Station Airfield","56.37398","-2.868862","GB"
"EGQS","medium_airport","RAF Lossiemouth","57.7052","-3.33917","GB"
"EGSC","medium_airport","Cambridge City","52.205002","0.175","GB"
"EGSH","medium_airport","Norwich","52.6758","1.28278","GB"
"EGSS","large_airport","London Stansted","51.884998","0.235","GB"
"EGTC","medium_airport","Cranfield","52.072201","-0.616667","GB"
"EGTE","medium_airport","Exeter International","50.734261","-3.413984","GB"
"EGTK","medium_airport","London Oxford","51.836899","-1.32","GB"
"EGUB","medium_airport","RAF Benson","51.614366","-1.095991","GB"
"EGUL","medium_airport","RAF Lakenheath","52.40954","0.561161","GB"
"EGUN","medium_airport","RAF Mildenhall","52.3619","0.486406","GB"
"EGUW","medium_airport","Wattisham Airfield","52.127451","0.956189","GB"
"EGVA","medium_airport","RAF Fairford","51.683568","-1.789172","GB"
"EGVN","medium_airport","RAF Brize Norton","51.75","-1.58362","GB"
"EGVO","medium_airport","RAF Odiham","51.2341","-0.942825","GB"
"EGWC","medium_airport","RAF Cosford","52.640524","-2.305326","GB"
"EGWU","medium_airport","RAF Northolt","51.553001","-0.418167","GB"
"EGXC","medium_airport","RAF Coningsby","53.092999","-0.166014","GB"
"EGXE","medium_airport","RAF Leeming","54.297191","-1.538944","GB"
"EGXG","medium_airport","Leeds East","53.834747","-1.194678","GB"
"EGXH","medium_airport","RAF Honington","52.342602","0.772939","GB"
"EGXT","medium_airport","RAF Wittering","52.612598","-0.476453","GB"
"EGXW","medium_airport","RAF Waddington","53.166199","-0.523811","GB"
"EGXZ","medium_airport","RAF Topcliffe","54.204116","-1.380265","GB"
"EGYD","medium_airport","RAF Cranwell","53.027308","-0.493104","GB"
"EGYE","medium_airport","RAF Barkston Heath","52.960616","-0.559428","GB"
"EGYM","medium_airport","RAF Marham","52.648395","0.550692","GB"
"EGYP","large_airport","Mount Pleasant / RAF Mount Pleasant","-51.822642","-58.445777","FK"
"EHAM","large_airport","Amsterdam Schiphol","52.308601","4.76389","NL"
"EHBD","medium_airport","Kempen Budel","51.255299","5.60139","NL"
"EHBK","large_airport","Maastricht Aachen","50.911087","5.769401","NL"
"EHDL","medium_airport","Deelen Air Base","52.0606","5.87306","NL"
"EHEH","large_airport","Eindhoven","51.45009995","5.374529839","NL"
"EHGG","large_airport","Groningen Eelde","53.119107","6.577652","NL"
"EHGR","medium_airport","Gilze Rijen Air Base","51.567402","4.93183","NL"
"EHKD","medium_airport","De Kooy Airfield / Den Helder Naval Air Station","52.923401","4.78062","NL"
"EHLE","medium_airport","Lelystad","52.453188","5.514622","NL"
"EHLW","medium_airport","Leeuwarden Air Base","53.22859955","5.760560036","NL"
"EHRD","large_airport","Rotterdam The Hague","51.956902","4.43722","NL"
"EHTW","medium_airport","Twente","52.275833","6.889167","NL"
"EHVK","medium_airport","Volkel Air Base","51.657222","5.707778","NL"
"EHWO","medium_airport","Woensdrecht Air Base","51.4491","4.34203","NL"
"EICK","large_airport","Cork International","51.841301","-8.49111","IE"
"EIDL","medium_airport","Donegal","55.0442009","-8.340999603","IE"
"EIDW","large_airport","Dublin","53.428713","-6.262121","IE"
"EIKN","large_airport","Ireland West Knock","53.910439","-8.817002","IE"
"EIKY","medium_airport","Kerry","52.180901","-9.52378","IE"
"EIME","medium_airport","Casement Air Base","53.30170059","-6.451330185","IE"
"EINN","large_airport","Shannon","52.702","-8.92482","IE"
"EISG","medium_airport","Sligo","54.28020096","-8.599209785","IE"
"EIWF","medium_airport","Waterford","52.187199","-7.08696","IE"
"EIWT","medium_airport","Weston","53.351622","-6.490357","IE"
"EKAH","large_airport","Aarhus","56.303331","10.618286","DK"
"EKBI","large_airport","Billund","55.740335","9.157019","DK"
"EKCH","large_airport","Copenhagen Kastrup","55.61790085","12.65600014","DK"
"EKEB","medium_airport","Esbjerg","55.525902","8.5534","DK"
"EKKA","medium_airport","Midtjyllands / Air Base Karup","56.297139","9.104311","DK"
"EKMB","medium_airport","Lolland Falster Maribo","54.699447","11.438163","DK"
"EKOD","large_airport","Odense Hans Christian Andersen","55.475307","10.327206","DK"
"EKRK","medium_airport","Copenhagen Roskilde","55.585602","12.1314","DK"
"EKRN","medium_airport","Bornholm","55.063301","14.7596","DK"
"EKSB","medium_airport","Sønderborg","54.96440125","9.791729927","DK"
"EKSN","medium_airport","Sindal","57.503502","10.2294","DK"
"EKSP","medium_airport","Skrydstrup Air Base","55.221048","9.26702","DK"
"EKSV","medium_airport","Skive","56.550201","9.17298","DK"
"EKTS","medium_airport","Thisted","57.068802","8.70522","DK"
"EKVD","medium_airport","Kolding Vamdrup Airfield","55.436298","9.33092","DK"
"EKVG","large_airport","Vágar","62.063256","-7.275782","FO"
"EKVJ","medium_airport","Stauning Vestjylland ","55.990101","8.35391","DK"
"EKYT","large_airport","Aalborg","57.094763","9.84993","DK"
"ELLX","large_airport","Luxembourg-Findel International","49.626845","6.212134","LU"
"ENAL","large_airport","Ålesund","62.560443","6.110845","NO"
"ENAN","medium_airport","Andøya, Andenes","69.295193","16.139379","NO"
"ENAT","medium_airport","Alta","69.976097","23.3717","NO"
"ENBN","medium_airport","Brønnøysund, Brønnøy","65.461098","12.2175","NO"
"ENBO","large_airport","Bodø","67.269203","14.3653","NO"
"ENBR","large_airport","Bergen, Flesland","60.2934","5.21814","NO"
"ENBS","medium_airport","Båtsfjord","70.60025","29.692612","NO"
"ENBV","medium_airport","Berlevåg","70.871517","29.034097","NO"
"ENCN","large_airport","Kristiansand","58.204201","8.08537","NO"
"ENDU","medium_airport","Bardufoss","69.055801","18.5404","NO"
"ENEV","large_airport","Harstad/Narvik","68.491302","16.678101","NO"
"ENFL","medium_airport","Florø","61.58359909","5.024720192","NO"
"ENGM","large_airport","Oslo-Gardermoen International","60.193901","11.1004","NO"
"ENHD","medium_airport","Haugesund, Karmøy","59.345299","5.20836","NO"
"ENHF","medium_airport","Hammerfest","70.679703","23.6686","NO"
"ENHV","medium_airport","Honningsvåg, Valan","71.009697","25.983601","NO"
"ENKB","medium_airport","Kristiansund, Kvernberget","63.111801","7.82452","NO"
"ENKR","medium_airport","Kirkenes, Høybuktmoen","69.7258","29.8913","NO"
"ENLK","medium_airport","Leknes","68.15249634","13.6093998","NO"
"ENMH","medium_airport","Mehamn","71.029701","27.8267","NO"
"ENML","medium_airport","Molde, Årø","62.744701","7.2625","NO"
"ENMS","medium_airport","Mosjøen, Kjærstad","65.783997","13.2149","NO"
"ENNA","medium_airport","Lakselv, Banak","70.068802","24.973499","NO"
"ENNO","medium_airport","Notodden","59.565071","9.213152","NO"
"ENOL","medium_airport","Ørland","63.69889832","9.604000092","NO"
"ENOV","medium_airport","Ørsta-Volda, Hovden","62.18000031","6.074100018","NO"
"ENRA","medium_airport","Mo i Rana, Røssvoll","66.36389923","14.30140018","NO"
"ENRM","medium_airport","Rørvik, Ryum","64.83830261","11.14610004","NO"
"ENRO","medium_airport","Røros","62.57839966","11.34230042","NO"
"ENRY","medium_airport","Moss, Rygge","59.378817","10.785439","NO"
"ENSB","medium_airport","Svalbard, Longyear","78.246101","15.4656","NO"
"ENSH","medium_airport","Svolvær, Helle","68.243301","14.6692","NO"
"ENSK","medium_airport","Stokmarknes, Skagen","68.578827","15.033417","NO"
"ENSN","medium_airport","Skien","59.185001","9.56694","NO"
"ENSO","medium_airport","Stord, Sørstokken","59.791901","5.34085","NO"
"ENSR","medium_airport","Sørkjosen","69.786797","20.9594","NO"
"ENSS","medium_airport","Vardø, Svartnes","70.3554","31.044901","NO"
"ENST","medium_airport","Sandnessjøen, Stokka","65.956802","12.4689","NO"
"ENTC","large_airport","Tromsø","69.683296","18.9189","NO"
"ENTO","large_airport","Sandefjord, Torp","59.186699","10.2586","NO"
"ENVA","large_airport","Trondheim, Værnes","63.457802","10.924","NO"
"ENVD","medium_airport","Vadsø","70.0653","29.8447","NO"
"ENZV","large_airport","Stavanger, Sola","58.876701","5.63778","NO"
"EPBY","medium_airport","Ignacy Jan Paderewski Bydgoszcz","53.096802","17.977699","PL"
"EPCE","medium_airport","Cewice Naval Air Base","54.416525","17.765734","PL"
"EPDE","medium_airport","Deblin Military Air Base","51.551021","21.892322","PL"
"EPGD","large_airport","Gdańsk Lech Wałęsa","54.377602","18.4662","PL"
"EPIR","medium_airport","Inowroclaw Military Air Base","52.829399","18.330601","PL"
"EPKK","large_airport","Kraków John Paul II International","50.077702","19.7848","PL"
"EPKS","medium_airport","Krzesiny Military Air Base","52.331699","16.9664","PL"
"EPKT","large_airport","Katowice Wojciech Korfanty International","50.476015","19.080705","PL"
"EPLB","large_airport","Lublin","51.240157","22.713461","PL"
"EPLK","medium_airport","Łask Air Base","51.551701","19.1791","PL"
"EPLL","large_airport","Łódź Władysław Reymont","51.721901","19.3981","PL"
"EPLY","medium_airport","Leźnica Wielka Air Base","52.004945","19.143792","PL"
"EPMB","medium_airport","Malbork Królewo Air Base","54.026598","19.135718","PL"
"EPMI","medium_airport","Miroslawiec Military Air Base","53.3951","16.0828","PL"
"EPMM","medium_airport","Minsk Mazowiecki Military Air Base","52.19549942","21.65589905","PL"
"EPMO","large_airport","Warsaw Modlin","52.451099","20.6518","PL"
"EPPO","large_airport","Poznań-Ławica","52.421598","16.823359","PL"
"EPPW","medium_airport","Powidz Military Air Base","52.380087","17.853155","PL"
"EPRA","medium_airport","Warsaw Radom","51.38937","21.214742","PL"
"EPRZ","large_airport","Rzeszów-Jasionka","50.109791","22.024155","PL"
"EPSC","large_airport","Solidarity Szczecin–Goleniów","53.584702","14.9022","PL"
"EPSN","medium_airport","Swidwin Military Air Base","53.7906","15.8263","PL"
"EPSY","medium_airport","Olsztyn-Mazury","53.481899","20.9377","PL"
"EPTM","medium_airport","Tomaszów Mazowiecki Military Air Base","51.5844","20.097799","PL"
"EPWA","large_airport","Warsaw Chopin","52.165699","20.9671","PL"
"EPWR","large_airport","Copernicus Wrocław","51.103719","16.882096","PL"
"EPZG","medium_airport","Zielona Góra-Babimost","52.1385","15.7986","PL"
"ESCF","medium_airport","Malmen Air Base","58.397666","15.522422","SE"
"ESDF","medium_airport","Ronneby","56.266701","15.265","SE"
"ESFR","medium_airport","Råda Air Base","58.4981","13.0532","SE"
"ESGG","large_airport","Göteborg Landvetter","57.6628","12.2798","SE"
"ESGJ","medium_airport","Jönköping","57.75759888","14.06869984","SE"
"ESGP","medium_airport","Säve","57.7747","11.8704","SE"
"ESGR","medium_airport","Skövde","58.456402","13.9727","SE"
"ESGT","medium_airport","Trollhättan-Vänersborg","58.31809998","12.34500027","SE"
"ESIB","medium_airport","Såtenäs Air Base","58.426399","12.7144","SE"
"ESKK","medium_airport","Karlskoga","59.345901","14.4959","SE"
"ESKM","medium_airport","Mora","60.957901","14.5114","SE"
"ESKN","large_airport","Stockholm Skavsta","58.789656","16.911479","SE"
"ESKS","large_airport","Scandinavian Mountains","61.16508","12.83352","SE"
"ESMK","medium_airport","Kristianstad","55.9217","14.0855","SE"
"ESMQ","medium_airport","Kalmar","56.685501","16.2876","SE"
"ESMS","large_airport","Malmö Sturup","55.535564","13.376327","SE"
"ESMT","medium_airport","Halmstad","56.69110107","12.82019997","SE"
"ESMX","medium_airport","Växjö Kronoberg","56.92910004","14.72799969","SE"
"ESNG","medium_airport","Gällivare","67.13240051","20.81459999","SE"
"ESNK","medium_airport","Kramfors-Sollefteå Höga Kusten","63.048599","17.7689","SE"
"ESNL","medium_airport","Lycksele","64.548302","18.7162","SE"
"ESNN","medium_airport","Sundsvall-Härnösand","62.52809906","17.44389915","SE"
"ESNO","medium_airport","Örnsköldsvik","63.40829849","18.98999977","SE"
"ESNQ","large_airport","Kiruna","67.821999","20.3368","SE"
"ESNS","medium_airport","Skellefteå","64.62480164","21.07690048","SE"
"ESNU","large_airport","Umeå","63.791801","20.282801","SE"
"ESNV","medium_airport","Vilhelmina South Lapland","64.579102","16.833599","SE"
"ESNX","medium_airport","Arvidsjaur","65.59030151","19.28190041","SE"
"ESNY","medium_airport","Söderhamn","61.261501","17.0991","SE"
"ESNZ","medium_airport","Åre Östersund","63.193546","14.504168","SE"
"ESOE","medium_airport","Örebro","59.22370148","15.03800011","SE"
"ESOK","medium_airport","Karlstad","59.444698","13.3374","SE"
"ESOW","large_airport","Stockholm Västerås","59.589401","16.6336","SE"
"ESPA","large_airport","Luleå","65.5438","22.122","SE"
"ESSA","large_airport","Stockholm-Arlanda","59.64849","17.928829","SE"
"ESSB","medium_airport","Stockholm-Bromma","59.354401","17.9417","SE"
"ESSD","medium_airport","Dala","60.422001","15.5152","SE"
"ESSK","medium_airport","Gävle Sandviken","60.5933","16.951401","SE"
"ESSL","large_airport","Linköping City","58.404909","15.684499","SE"
"ESSP","medium_airport","Norrköping","58.5862999","16.25060081","SE"
"ESST","medium_airport","Torsby","60.1576","12.9913","SE"
"ESSU","medium_airport","Eskilstuna","59.351101","16.708401","SE"
"ESSV","large_airport","Visby","57.6628","18.346201","SE"
"ESTA","medium_airport","Ängelholm-Helsingborg","56.29610062","12.84710026","SE"
"ESTL","medium_airport","Ljungbyhed Airfield","56.082802","13.2125","SE"
"ESUD","medium_airport","Storuman","64.960899","17.6966","SE"
"ETAD","medium_airport","Spangdahlem Air Base","49.976507","6.698413","DE"
"ETAR","medium_airport","Ramstein Air Base","49.436901","7.60028","DE"
"ETHB","medium_airport","Bückeburg Air Base","52.2785","9.08217","DE"
"ETHC","medium_airport","Celle Army Airfield","52.591202","10.0221","DE"
"ETHF","medium_airport","Fritzlar Army Airfield","51.1146","9.286","DE"
"ETHL","medium_airport","Laupheim Air Base","48.220299","9.91002","DE"
"ETHN","medium_airport","Niederstetten Army Air Base","49.39162","9.956747","DE"
"ETHS","medium_airport","Faßberg Air Base","52.919399","10.185827","DE"
"ETIC","medium_airport","Grafenwöhr Army Air Field","49.6987","11.9402","DE"
"ETIH","medium_airport","Hohenfels Army Airfield","49.216541","11.836064","DE"
"ETMN","medium_airport","Sea-Airport Cuxhaven/Nordholz / Nordholz Naval Airbase","53.767689","8.659201","DE"
"ETND","medium_airport","Diepholz Air Base","52.585556","8.342222","DE"
"ETNG","medium_airport","Geilenkirchen Air Base","50.9608","6.04242","DE"
"ETNH","medium_airport","Hohn Air Base","54.312199","9.53817","DE"
"ETNL","medium_airport","Rostock-Laage","53.918201","12.2783","DE"
"ETNN","medium_airport","Nörvenich Air Base","50.8312","6.65817","DE"
"ETNS","medium_airport","Schleswig Air Base","54.459301","9.51633","DE"
"ETNT","medium_airport","Wittmundhafen Air Base","53.547798","7.66733","DE"
"ETNW","medium_airport","Wunstorf Air Base","52.457298","9.42717","DE"
"ETOU","medium_airport","Wiesbaden Army Airfield","50.04980087","8.325400352","DE"
"ETSB","medium_airport","Büchel Air Base","50.173801","7.06333","DE"
"ETSH","medium_airport","Holzdorf Air Base","51.767799","13.1677","DE"
"ETSI","medium_airport","Ingolstadt Manching","48.71569824","11.5340004","DE"
"ETSL","medium_airport","Lechfeld Air Base","48.185504","10.8612","DE"
"ETSN","medium_airport","Neuburg Air Base","48.710999","11.2115","DE"
"EVKA","medium_airport","Jēkabpils Air Base","56.534698","25.8925","LV"
"EVLA","large_airport","Liepāja International","56.517502","21.096901","LV"
"EVRA","large_airport","Riga International","56.920752","23.970711","LV"
"EVTA","medium_airport","Jūrmala","56.9422","23.2239","LV"
"EYKA","large_airport","Kaunas International","54.963965","24.08582","LT"
"EYKD","medium_airport","Kėdainiai Air Base","55.31169891","23.95639992","LT"
"EYPA","large_airport","Palanga International","55.973202","21.093901","LT"
"EYPP","medium_airport","Panevėžys Air Base","55.72940063","24.46080017","LT"
"EYSA","medium_airport","Šiauliai International","55.89390182","23.39500046","LT"
"EYSB","medium_airport","Barysiai Airfield","56.070599","23.5581","LT"
"EYVI","large_airport","Vilnius International","54.634102","25.285801","LT"
"FAAB","medium_airport","Alexander Bay","-28.575001","16.5333","ZA"
"FAAG","medium_airport","Aggeneys","-29.281799","18.8139","ZA"
"FABE","medium_airport","Bisho","-32.897099","27.2791","ZA"
"FABL","large_airport","Bram Fischer International","-29.092699","26.302401","ZA"
"FABR","medium_airport","Barberton","-25.717147","30.974974","ZA"
"FACT","large_airport","Cape Town International","-33.97403","18.604333","ZA"
"FAEL","large_airport","King Phalo","-33.035599","27.825899","ZA"
"FAEO","medium_airport","Ermelo","-26.4956","29.979799","ZA"
"FAFB","medium_airport","Ficksburg Sentraoes","-28.82309914","27.90889931","ZA"
"FAGC","medium_airport","Grand Central","-25.98629951","28.14010048","ZA"
"FAGG","large_airport","George","-34.0056","22.378902","ZA"
"FAGM","medium_airport","Rand","-26.2425","28.151199","ZA"
"FAHR","medium_airport","Harrismith","-28.2351","29.106199","ZA"
"FAHT","medium_airport","Eastgate / Air Force Base Hoedspruit","-24.361864","31.052921","ZA"
"FAKD","medium_airport","P C Pelser","-26.871099","26.718","ZA"
"FAKM","large_airport","Kimberley","-28.805401","24.764872","ZA"
"FAKN","large_airport","Kruger Mpumalanga International","-25.383327","31.105325","ZA"
"FAKU","medium_airport","Johan Pienaar","-27.456596","23.411946","ZA"
"FAKZ","medium_airport","Kleinsee","-29.68840027","17.09399986","ZA"
"FALA","large_airport","Lanseria International","-25.938964","27.926642","ZA"
"FALC","medium_airport","Lime Acres Finsch Mine","-28.36009979","23.43910027","ZA"
"FALE","large_airport","King Shaka International","-29.61444444","31.11972222","ZA"
"FALW","medium_airport","Langebaanweg","-32.96889877","18.1602993","ZA"
"FALY","medium_airport","Ladysmith","-28.58169937","29.74970055","ZA"
"FAMD","medium_airport","Malamala","-24.816866","31.544085","ZA"
"FAMG","medium_airport","Margate","-30.85740089","30.34300041","ZA"
"FAMM","medium_airport","Mmabatho International","-25.79840088","25.54800034","ZA"
"FAMS","medium_airport","Morningside Farm","-25.7045002","26.9090004","ZA"
"FAMU","medium_airport","Mkuze","-27.626101","32.0443","ZA"
"FANC","medium_airport","Newcastle","-27.77059937","29.9769001","ZA"
"FAOH","medium_airport","Oudtshoorn","-33.60699844","22.18899918","ZA"
"FAOR","large_airport","O.R. Tambo International","-26.140081","28.246801","ZA"
"FAPE","large_airport","Chief Dawid Stuurman International","-33.989715","25.617353","ZA"
"FAPG","medium_airport","Plettenberg Bay","-34.08816","23.328723","ZA"
"FAPH","medium_airport","Hendrik Van Eck","-23.93720055","31.15539932","ZA"
"FAPI","medium_airport","Pietersburg Municipal","-23.9261","29.4844","ZA"
"FAPJ","medium_airport","Port St Johns","-31.60612","29.52175","ZA"
"FAPM","medium_airport","Pietermaritzburg","-29.64900017","30.39870071","ZA"
"FAPN","medium_airport","Pilanesberg International","-25.333799","27.173401","ZA"
"FAPP","large_airport","Polokwane International","-23.845269","29.458615","ZA"
"FAPS","medium_airport","Potchefstroom","-26.67099953","27.08189964","ZA"
"FAQT","medium_airport","Queenstown","-31.92020035","26.88220024","ZA"
"FARB","medium_airport","Richards Bay","-28.74099922","32.09209824","ZA"
"FARG","medium_airport","Rustenburg","-25.6443","27.271099","ZA"
"FARS","medium_airport","Robertson","-33.812199","19.9028","ZA"
"FASB","medium_airport","Springbok","-29.68930054","17.93959999","ZA"
"FASC","medium_airport","Secunda","-26.52409935","29.17009926","ZA"
"FASD","medium_airport","Saldanha/Vredenburg","-32.9641","17.969299","ZA"
"FASK","medium_airport","Swartkop Air Force Base","-25.8097","28.1646","ZA"
"FASS","medium_airport","Sishen","-27.6486","22.9993","ZA"
"FASZ","medium_airport","Skukuza","-24.96085","31.588587","ZA"
"FATZ","medium_airport","Tzaneen","-23.8244","30.3293","ZA"
"FAUL","medium_airport","Prince Mangosuthu Buthelezi","-28.32060051","31.41650009","ZA"
"FAUP","medium_airport","Upington","-28.400246","21.263592","ZA"
"FAUT","medium_airport","K. D. Matanzima","-31.54636318","28.6733551","ZA"
"FAVB","medium_airport","Vryburg","-26.98240089","24.72879982","ZA"
"FAVG","medium_airport","Virginia","-29.770599","31.058399","ZA"
"FAVR","medium_airport","Vredendal","-31.64100075","18.5447998","ZA"
"FAVV","medium_airport","Vereeniging","-26.566401","27.9608","ZA"
"FAWB","medium_airport","Wonderboom","-25.6539","28.224199","ZA"
"FAWK","medium_airport","Waterkloof Air Force Base","-25.82999992","28.22249985","ZA"
"FAYP","medium_airport","Ysterplaat Air Force Base","-33.9002","18.498301","ZA"
"FBFT","large_airport","Phillip Gaonwe Matante International","-21.159183","27.468826","BW"
"FBJW","medium_airport","Jwaneng","-24.602301","24.691","BW"
"FBKE","large_airport","Kasane International","-17.831653","25.166195","BW"
"FBMN","large_airport","Maun International","-19.970491","23.431409","BW"
"FBSK","large_airport","Sir Seretse Khama International","-24.555201","25.9182","BW"
"FBSN","medium_airport","Sua Pan","-20.5534","26.115801","BW"
"FBSP","medium_airport","Selebi Phikwe","-22.0583","27.8288","BW"
"FCBB","large_airport","Maya-Maya International","-4.2517","15.253","CG"
"FCOD","medium_airport","Oyo Ollombo","-1.226666","15.91","CG"
"FCOO","medium_airport","Owando","-0.524566","15.93782","CG"
"FCOU","medium_airport","Ouesso","1.61599","16.037901","CG"
"FCPL","medium_airport","Ngot Nzoungou","-4.20635","12.6599","CG"
"FCPP","large_airport","Antonio Agostinho-Neto International","-4.81603","11.8866","CG"
"FDMS","medium_airport","Matsapha International","-26.528919","31.307577","SZ"
"FDSK","large_airport","King Mswati III International","-26.358611","31.716944","SZ"
"FEFF","large_airport","Bangui M'Poko International","4.39848","18.518801","CF"
"FEFT","medium_airport","Berbérati","4.221580029","15.78639984","CF"
"FGBT","large_airport","Bata International","1.90547","9.80568","GQ"
"FGMY","medium_airport","President Obiang Nguema International","1.676437","11.024904","GQ"
"FGSL","large_airport","Malabo International","3.75527","8.70872","GQ"
"FHAW","medium_airport","RAF Ascension Island","-7.970179","-14.392744","SH"
"FHSH","medium_airport","Saint Helena International","-15.958898","-5.646066","SH"
"FIMP","large_airport","Sir Seewoosagur Ramgoolam International","-20.430201","57.683601","MU"
"FIMR","medium_airport","Sir Charles Gaetan Duval","-19.756696","63.359326","MU"
"FJDG","medium_airport","Naval Support Facility Diego Garcia","-7.31327","72.411102","IO"
"FKKC","medium_airport","Tiko","4.089190006","9.3605299","CM"
"FKKD","large_airport","Douala International","4.00608","9.71948","CM"
"FKKL","medium_airport","Salak","10.4513998","14.25739956","CM"
"FKKM","medium_airport","Foumban Nkounja","5.63692","10.7508","CM"
"FKKN","medium_airport","N'Gaoundéré","7.357009888","13.55920029","CM"
"FKKR","large_airport","Garoua International","9.334785","13.372129","CM"
"FKKU","medium_airport","Bafoussam","5.536920071","10.35459995","CM"
"FKKV","medium_airport","Bamenda","6.03924","10.1226","CM"
"FKKY","medium_airport","Yaoundé Ville","3.83604","11.5235","CM"
"FKYS","large_airport","Yaoundé Nsimalen International","3.72256","11.5533","CM"
"FLKE","medium_airport","Kasompe","-12.5728","27.8939","ZM"
"FLLC","medium_airport","Lusaka City","-15.4138","28.3307","ZM"
"FLLI","large_airport","Harry Mwanga Nkumbula International","-17.821524","25.819642","ZM"
"FLLS","large_airport","Kenneth Kaunda International","-15.330833","28.452722","ZM"
"FLMF","large_airport","Mfuwe International","-13.2589","31.9366","ZM"
"FLMG","medium_airport","Mongu","-15.2545","23.1623","ZM"
"FLND","medium_airport","Peter Zuze Air Force Base","-12.997222","28.663889","ZM"
"FLSK","large_airport","Simon Mwansa Kapwepwe International","-12.96513","28.515624","ZM"
"FLSO","medium_airport","Southdowns","-12.9005","28.1499","ZM"
"FMCH","large_airport","Prince Said Ibrahim International","-11.5337","43.2719","KM"
"FMCI","medium_airport","Mohéli Bandar Es Eslam","-12.298096","43.766496","KM"
"FMCV","medium_airport","Ouani","-12.131047","44.430044","KM"
"FMCZ","large_airport","Dzaoudzi Pamandzi International","-12.809319","45.281815","YT"
"FMEE","large_airport","Roland Garros","-20.890087","55.518894","RE"
"FMEP","large_airport","Saint-Pierre Pierrefonds","-21.319362","55.422506","RE"
"FMMI","large_airport","Ivato International","-18.7969","47.478802","MG"
"FMMN","medium_airport","Miandrivazo","-19.562799","45.450802","MG"
"FMMS","medium_airport","Sainte Marie","-17.093901","49.8158","MG"
"FMMT","large_airport","Toamasina Ambalamanasy","-18.113537","49.392262","MG"
"FMMV","medium_airport","Morondava","-20.2847","44.3176","MG"
"FMNA","medium_airport","Arrachart","-12.3494","49.291698","MG"
"FMNC","medium_airport","Mananara Nord","-16.1639","49.7738","MG"
"FMND","medium_airport","Andapa","-14.65170002","49.62060165","MG"
"FMNH","medium_airport","Antsirabe","-14.9994","50.320202","MG"
"FMNL","medium_airport","Analalava","-14.629514","47.763555","MG"
"FMNM","large_airport","Amborovy","-15.666842","46.351233","MG"
"FMNN","large_airport","Nosy Be International","-13.3121","48.3148","MG"
"FMNQ","medium_airport","Besalampy","-16.74453","44.482484","MG"
"FMNR","medium_airport","Maroantsetra","-15.437742","49.689081","MG"
"FMNS","medium_airport","Sambava","-14.2786","50.174702","MG"
"FMNV","medium_airport","Vohemar","-13.3758","50.0028","MG"
"FMNW","medium_airport","Ambalabe","-14.8988","47.9939","MG"
"FMSD","medium_airport","Tôlanaro","-25.038099","46.9561","MG"
"FMSF","medium_airport","Fianarantsoa","-21.441601","47.111698","MG"
"FMSK","medium_airport","Manakara","-22.119699","48.021702","MG"
"FMSM","medium_airport","Mananjary","-21.201799","48.358299","MG"
"FMSR","medium_airport","Morombe","-21.753837","43.374753","MG"
"FMST","medium_airport","Toliara","-23.3834","43.7285","MG"
"FNBC","medium_airport","Mbanza Congo","-6.269899845","14.24699974","AO"
"FNBG","medium_airport","Benguela","-12.609","13.4037","AO"
"FNBJ","large_airport","Dr. Antonio Agostinho Neto International","-9.050734","13.499078","AO"
"FNCA","medium_airport","Cabinda","-5.59839","12.188145","AO"
"FNCT","medium_airport","Catumbela","-12.4792","13.4869","AO"
"FNDU","medium_airport","Dundo","-7.400889874","20.81850052","AO"
"FNGI","medium_airport","Ngjiva Pereira","-17.0435009","15.68379974","AO"
"FNHU","medium_airport","Albano Machado","-12.8089","15.7605","AO"
"FNKU","medium_airport","Kuito","-12.40460014","16.94739914","AO"
"FNLU","large_airport","Quatro de Fevereiro International","-8.85837","13.2312","AO"
"FNMA","medium_airport","Malanje","-9.525090218","16.31240082","AO"
"FNME","medium_airport","Menongue","-14.6576004","17.71980095","AO"
"FNMO","medium_airport","Welwitschia Mirabilis International","-15.2612","12.1468","AO"
"FNNG","medium_airport","Negage","-7.754509926","15.2876997","AO"
"FNPA","medium_airport","Porto Amboim","-10.722","13.7655","AO"
"FNSA","medium_airport","Saurimo","-9.68907","20.4319","AO"
"FNSO","medium_airport","Soyo","-6.141089916","12.37180042","AO"
"FNSU","medium_airport","Sumbe","-11.1679","13.8475","AO"
"FNUB","medium_airport","Lubango Mukanka International","-14.924839","13.576653","AO"
"FNUE","medium_airport","Luena","-11.7681","19.897699","AO"
"FNUG","medium_airport","Uige","-7.60307","15.0278","AO"
"FNXA","medium_airport","Xangongo","-16.7553997","14.96529961","AO"
"FOGK","medium_airport","Koulamoutou Mabimbi","-1.18461","12.4413","GA"
"FOGM","medium_airport","Mouilla Ville","-1.84514","11.0567","GA"
"FOGO","medium_airport","Oyem","1.543110013","11.58139992","GA"
"FOGQ","medium_airport","Okondja","-0.665214","13.6731","GA"
"FOGR","medium_airport","Lambarene","-0.704389","10.2457","GA"
"FOOB","medium_airport","Bitam","2.07564","11.4932","GA"
"FOOG","large_airport","Port Gentil International","-0.711739","8.75438","GA"
"FOOH","medium_airport","Omboue Hospital","-1.57473","9.26269","GA"
"FOOK","medium_airport","Makokou","0.579210997","12.89089966","GA"
"FOOL","large_airport","Libreville Leon M'ba International","0.458951","9.41214","GA"
"FOON","large_airport","M'Vengue El Hadj Omar Bongo Ondimba International","-1.65616","13.438","GA"
"FPPR","medium_airport","Principe","1.661155","7.411081","ST"
"FPST","large_airport","São Tomé International","0.378175","6.71215","ST"
"FQBR","large_airport","Beira International","-19.7964","34.9076","MZ"
"FQCH","medium_airport","Chimoio","-19.15130043","33.42900085","MZ"
"FQIN","medium_airport","Inhambane","-23.8764","35.408501","MZ"
"FQLC","medium_airport","Lichinga","-13.274","35.2663","MZ"
"FQMA","large_airport","Maputo","-25.920799","32.572601","MZ"
"FQMD","medium_airport","Mueda","-11.6729","39.563099","MZ"
"FQMP","medium_airport","Mocímboa da Praia","-11.3618","40.3549","MZ"
"FQNC","medium_airport","Nacala International","-14.4882","40.7122","MZ"
"FQNP","large_airport","Nampula","-15.1056","39.281799","MZ"
"FQPB","medium_airport","Pemba","-12.993302","40.524867","MZ"
"FQQL","medium_airport","Quelimane","-17.85549927","36.86909866","MZ"
"FQTT","large_airport","Tete","-16.104799","33.640202","MZ"
"FQVL","medium_airport","Vilankulo","-22.01840019","35.31330109","MZ"
"FSIA","large_airport","Seychelles International","-4.67434","55.521801","SC"
"FSPP","medium_airport","Praslin Island","-4.319256","55.691561","SC"
"FTFY","medium_airport","Ouadi Doum Air Base","18.52793","20.188644","TD"
"FTTC","medium_airport","Abeche","13.847","20.844299","TD"
"FTTD","medium_airport","Moundou","8.628503","16.074241","TD"
"FTTJ","large_airport","N'Djamena International","12.1337","15.034","TD"
"FTTY","medium_airport","Faya-Largeau","17.917101","19.111099","TD"
"FVBU","large_airport","Joshua Mqabuko Nkomo International","-20.016284","28.622897","ZW"
"FVCZ","medium_airport","Buffalo Range","-21.008101","31.5786","ZW"
"FVFA","large_airport","Victoria Falls International","-18.097437","25.836867","ZW"
"FVHA","large_airport","Robert Gabriel Mugabe International","-17.931801","31.0928","ZW"
"FVKB","medium_airport","Kariba","-16.5198","28.885","ZW"
"FVMT","medium_airport","Mutoko","-17.4319","32.184502","ZW"
"FVMV","medium_airport","Masvingo International","-20.0553","30.8591","ZW"
"FVTL","medium_airport","Josiah Tungamirai Air Force Base","-19.436718","29.861945","ZW"
"FVWN","medium_airport","Hwange National Park","-18.6299","27.021","ZW"
"FWCL","large_airport","Chileka International","-15.677189","34.972319","MW"
"FWDW","medium_airport","Dwangwa","-12.517527","34.131877","MW"
"FWKA","medium_airport","Karonga","-9.953571","33.893264","MW"
"FWKI","large_airport","Kamuzu International","-13.7894","33.780998","MW"
"FWUU","medium_airport","Mzuzu","-11.4447","34.011799","MW"
"FXMM","large_airport","Moshoeshoe I International","-29.456277","27.554456","LS"
"FYAR","medium_airport","Arandis","-22.461875","14.979322","NA"
"FYGF","medium_airport","Grootfontein","-19.6022","18.1227","NA"
"FYKM","medium_airport","Katima Mulilo","-17.634258","24.176688","NA"
"FYKT","medium_airport","Keetmanshoop","-26.539801","18.111401","NA"
"FYLZ","medium_airport","Luderitz","-26.68740082","15.24289989","NA"
"FYML","medium_airport","Mariental","-24.6054","17.9254","NA"
"FYOA","medium_airport","Ondangwa","-17.878201","15.9526","NA"
"FYOG","medium_airport","Oranjemund","-28.585318","16.44638","NA"
"FYRU","medium_airport","Rundu","-17.956499","19.7194","NA"
"FYTF","medium_airport","Twyfelfontein","-20.54424","14.35879","NA"
"FYTM","medium_airport","Tsumeb","-19.262079","17.732509","NA"
"FYWB","large_airport","Walvis Bay International","-22.979332","14.647102","NA"
"FYWE","medium_airport","Eros","-22.60492","17.079002","NA"
"FYWH","large_airport","Hosea Kutako International","-22.4799","17.4709","NA"
"FZAA","large_airport","Ndjili International","-4.38575","15.4446","CD"
"FZAB","medium_airport","Ndolo","-4.326660156","15.32750034","CD"
"FZBO","medium_airport","Bandundu","-3.31132","17.381701","CD"
"FZCA","medium_airport","Kikwit","-5.03577","18.785601","CD"
"FZEA","medium_airport","Mbandaka","0.022600001","18.2887001","CD"
"FZFD","medium_airport","Gbadolite","4.252745","20.975271","CD"
"FZFK","medium_airport","Gemena","3.23537","19.771299","CD"
"FZGA","medium_airport","Lisala","2.17066","21.496901","CD"
"FZIC","large_airport","Bangoka International","0.481639","25.337999","CD"
"FZJH","medium_airport","Matari","2.82761","27.588301","CD"
"FZKA","medium_airport","Bunia","1.565743","30.220685","CD"
"FZKJ","medium_airport","Buta Zega","2.818058","24.793997","CD"
"FZMA","medium_airport","Bukavu Kavumu","-2.30898","28.8088","CD"
"FZNA","large_airport","Goma International","-1.666758","29.238037","CD"
"FZOA","medium_airport","Kindu","-2.919179916","25.91539955","CD"
"FZQA","large_airport","Lubumbashi International","-11.591494","27.530753","CD"
"FZQM","medium_airport","Kolwezi","-10.7659","25.505699","CD"
"FZRF","medium_airport","Kalemie","-5.87556","29.25","CD"
"FZSA","medium_airport","Kamina Air Base","-8.64202","25.252899","CD"
"FZUA","medium_airport","Kananga","-5.90005","22.4692","CD"
"FZWA","medium_airport","Mbuji Mayi","-6.121240139","23.56900024","CD"
"GABS","large_airport","Modibo Keita International","12.5335","-7.94994","ML"
"GAGO","medium_airport","Gao International","16.248466","-0.005389","ML"
"GAKY","medium_airport","Kayes Dag Dag","14.482521","-11.399335","ML"
"GAMB","medium_airport","Mopti","14.5128","-4.07956","ML"
"GATB","large_airport","Tombouktou","16.730499","-3.00758","ML"
"GBYD","large_airport","Banjul International","13.338","-16.652201","GM"
"GCFV","large_airport","Fuerteventura","28.4527","-13.8638","ES"
"GCHI","medium_airport","El Hierro","27.8148","-17.8871","ES"
"GCLA","medium_airport","La Palma","28.626499","-17.7556","ES"
"GCLP","large_airport","Gran Canaria","27.9319","-15.3866","ES"
"GCRR","large_airport","César Manrique-Lanzarote","28.945499","-13.6052","ES"
"GCTS","large_airport","Tenerife Sur","28.0445","-16.5725","ES"
"GCXO","large_airport","Tenerife Norte-Ciudad de La Laguna","28.482752","-16.341707","ES"
"GEML","medium_airport","Melilla","35.2798","-2.95626","ES"
"GFBO","medium_airport","Bo","7.9444","-11.761","SL"
"GFKE","medium_airport","Kenema","7.896364","-11.174126","SL"
"GFLL","large_airport","Lungi International","8.61644","-13.1955","SL"
"GFYE","medium_airport","Yengema","8.61047","-11.0454","SL"
"GGOV","large_airport","Osvaldo Vieira International","11.894262","-15.653596","GW"
"GLGE","medium_airport","Greenville/Sinoe","5.032124","-9.064236","LR"
"GLMR","medium_airport","Spriggs Payne","6.28906","-10.7587","LR"
"GLRB","large_airport","Roberts International","6.23379","-10.3623","LR"
"GMAD","large_airport","Al Massira","30.322478","-9.412003","MA"
"GMAT","medium_airport","Tan Tan","28.447563","-11.161749","MA"
"GMAZ","large_airport","Zagora","30.265788","-5.860808","MA"
"GMFB","medium_airport","Bouarfa","32.514306","-1.983056","MA"
"GMFF","large_airport","Fes Saïss International","33.927299","-4.97796","MA"
"GMFK","medium_airport","Moulay Ali Cherif","31.94750023","-4.398330212","MA"
"GMFM","medium_airport","Bassatine","33.879101","-5.51512","MA"
"GMFO","large_airport","Oujda Angads","34.789558","-1.926041","MA"
"GMMA","medium_airport","Smara","26.731987","-11.683655","EH"
"GMMD","large_airport","Beni Mellal","32.401895","-6.315905","MA"
"GMME","large_airport","Rabat-Salé","34.051498","-6.75152","MA"
"GMMH","large_airport","Dakhla","23.7183","-15.932","EH"
"GMMI","medium_airport","Essaouira-Mogador","31.397499","-9.68167","MA"
"GMML","large_airport","Laayoune Hassan I International","27.142467","-13.224947","EH"
"GMMN","large_airport","Mohammed V International","33.3675","-7.58997","MA"
"GMMW","large_airport","Nador Al Aaroui International","34.9888","-3.02821","MA"
"GMMX","large_airport","Marrakesh Menara","31.604807","-8.035788","MA"
"GMMY","medium_airport","Kenitra Air Base","34.298901","-6.59588","MA"
"GMMZ","large_airport","Ouarzazate International","30.9391","-6.90943","MA"
"GMTA","medium_airport","Cherif Al Idrissi","35.177101","-3.83952","MA"
"GMTN","large_airport","Sania Ramel","35.594299","-5.32002","MA"
"GMTT","large_airport","Tangier Ibn Battuta","35.731741","-5.921459","MA"
"GOBD","large_airport","Blaise Diagne International","14.670878","-17.072829","SN"
"GOGG","medium_airport","Ziguinchor","12.55559","-16.283298","SN"
"GOGS","medium_airport","Cap Skirring","12.39533","-16.748","SN"
"GOOK","medium_airport","Kaolack","14.14690018","-16.05130005","SN"
"GOOY","large_airport","Léopold Sédar Senghor International","14.742337","-17.479222","SN"
"GOSM","medium_airport","Ouro Sogui","15.5936","-13.3228","SN"
"GOSS","medium_airport","Saint Louis","16.049814","-16.461039","SN"
"GOTB","medium_airport","Bakel","14.84729958","-12.46829987","SN"
"GOTK","medium_airport","Kédougou","12.57229996","-12.22029972","SN"
"GOTT","medium_airport","Tambacounda","13.7368","-13.6531","SN"
"GQNO","large_airport","Nouakchott–Oumtounsy International","18.31","-15.969722","MR"
"GQPA","medium_airport","Atar International","20.505823","-13.043744","MR"
"GQPP","large_airport","Nouadhibou International","20.932404","-17.030199","MR"
"GQPZ","medium_airport","Tazadit","22.757345","-12.482228","MR"
"GUCY","large_airport","Ahmed Sékou Touré International","9.57689","-13.612","GN"
"GVAC","large_airport","Amílcar Cabral International","16.7414","-22.9494","CV"
"GVBA","large_airport","Aristides Pereira International","16.136499","-22.888901","CV"
"GVMA","medium_airport","Maio","15.1559","-23.21369934","CV"
"GVNP","large_airport","Nelson Mandela International","14.941126","-23.484728","CV"
"GVSN","medium_airport","Preguiça","16.588852","-24.284132","CV"
"GVSV","large_airport","Cesaria Evora International","16.833363","-25.055308","CV"
"HAAB","large_airport","Addis Ababa Bole International","8.97789","38.799301","ET"
"HAAM","medium_airport","Arba Minch","6.03939","37.5905","ET"
"HAAX","medium_airport","Axum","14.1468","38.7728","ET"
"HABD","medium_airport","Bahir Dar","11.6081","37.321602","ET"
"HADR","large_airport","Aba Tenna Dejazmach Yilma International","9.623549","41.855027","ET"
"HAGM","medium_airport","Gambela","8.12876","34.563099","ET"
"HAGN","medium_airport","Gondar","12.5199","37.433998","ET"
"HAGO","medium_airport","Gode","5.935130119","43.57860184","ET"
"HAHM","medium_airport","Harar Meda","8.7163","39.0059","ET"
"HAJJ","large_airport","Gerad Wilwal International","9.331907","42.911811","ET"
"HAJK","medium_airport","Jinka","5.749655","36.560165","ET"
"HAJM","medium_airport","Jimma","7.666090012","36.8166008","ET"
"HAKD","medium_airport","Kebri Dahar","6.732577","44.241339","ET"
"HALA","large_airport","Hawassa International","7.100611","38.396455","ET"
"HAMK","medium_airport","Mekele Alula Aba Nega","13.4674","39.533501","ET"
"HASO","medium_airport","Asosa","10.01850033","34.5862999","ET"
"HBBA","large_airport","Bujumbura Melchior Ndadaye International","-3.32402","29.318501","BI"
"HBBE","medium_airport","Gitega","-3.417209","29.911308","BI"
"HCMF","large_airport","Bender Qassim International","11.275235","49.139231","SO"
"HCMH","large_airport","Egal International","9.514082","44.083469","SO"
"HCMI","medium_airport","Berbera","10.385035","44.936723","SO"
"HCMK","medium_airport","Kismayo","-0.377353","42.459202","SO"
"HCMM","large_airport","Aden Adde International","2.01444","45.304699","SO"
"HDAM","large_airport","Djibouti-Ambouli","11.5473","43.1595","DJ"
"HEAL","large_airport","El Alamein International","30.924324","28.46161","EG"
"HEAR","large_airport","El Arish International","31.055324","33.827964","EG"
"HEAT","large_airport","Asyut International","27.045962","31.01276","EG"
"HEAZ","medium_airport","Almaza Air Force Base","30.091702","31.359739","EG"
"HEBA","large_airport","Alexandria International","30.93249","29.696437","EG"
"HEBL","medium_airport","Abu Simbel","22.375924","31.611734","EG"
"HEBS","medium_airport","Bani Sweif Air Base","29.20224","31.013471","EG"
"HECA","large_airport","Cairo International","30.111534","31.396694","EG"
"HECP","medium_airport","Capital International","30.06465","31.839974","EG"
"HECW","medium_airport","Cairo West Air Base","30.116431","30.915535","EG"
"HEGN","large_airport","Hurghada International","27.176776","33.796692","EG"
"HEGR","medium_airport","El Jora","31.078138","34.153131","EG"
"HEGS","medium_airport","Jiyanklis Air Base","30.819799","30.1912","EG"
"HEIS","medium_airport","Ismailia Air Base","30.597951","32.235689","EG"
"HELX","large_airport","Luxor International","25.671018","32.706446","EG"
"HEMA","large_airport","Marsa Alam International","25.555548","34.59245","EG"
"HEMM","large_airport","Mersa Matruh International","31.324313","27.22227","EG"
"HEPS","large_airport","Port Said International","31.279285","32.240582","EG"
"HESC","medium_airport","Saint Catherine International","28.684292","34.064409","EG"
"HESG","large_airport","Sohag International","26.342515","31.743017","EG"
"HESH","large_airport","Sharm El Sheikh International","27.977272","34.394717","EG"
"HESN","large_airport","Aswan International","23.961075","32.820382","EG"
"HESX","large_airport","Sphinx International","30.108179","30.895728","EG"
"HETB","medium_airport","Taba International","29.594496","34.775752","EG"
"HHAS","medium_airport","Asmara International","15.2919","38.910702","ER"
"HHMS","medium_airport","Massawa International","15.67","39.370098","ER"
"HHSB","medium_airport","Assab International","13.0718","42.645","ER"
"HJJJ","large_airport","Juba International","4.87201","31.601101","SS"
"HKAM","medium_airport","Amboseli","-2.644786","37.252922","KE"
"HKEL","large_airport","Eldoret International","0.404458","35.238899","KE"
"HKJK","large_airport","Jomo Kenyatta International","-1.318886","36.928233","KE"
"HKKI","large_airport","Kisumu International","-0.086139","34.728901","KE"
"HKKT","medium_airport","Kitale","0.971989","34.958599","KE"
"HKLK","medium_airport","Lokichogio","4.20412","34.348202","KE"
"HKLO","medium_airport","Lodwar","3.12197","35.6087","KE"
"HKLU","medium_airport","Manda","-2.252431","40.912892","KE"
"HKML","medium_airport","Malindi International","-3.22931","40.1017","KE"
"HKMO","large_airport","Moi International","-4.03483","39.5942","KE"
"HKMS","medium_airport","Mara Serena Lodge Airstrip","-1.404588","35.008349","KE"
"HKNK","medium_airport","Nakuru Lanet","-0.298419","36.159193","KE"
"HKNL","medium_airport","Nanyuki Civil","-0.062352","37.041296","KE"
"HKNW","medium_airport","Nairobi Wilson","-1.32172","36.8148","KE"
"HKNY","medium_airport","Laikipia Air Base","0.029024","37.025196","KE"
"HKRE","medium_airport","Moi Air Base","-1.27727","36.862301","KE"
"HKWJ","medium_airport","Wajir","1.73324","40.091599","KE"
"HLGD","large_airport","Sirt International / Ghardabiya Airbase","31.058578","16.597095","LY"
"HLGT","medium_airport","Ghat","25.14559937","10.14260006","LY"
"HLKF","medium_airport","Kufra","24.17869949","23.31399918","LY"
"HLLB","large_airport","Benina International","32.096802","20.269501","LY"
"HLLM","large_airport","Mitiga International","32.89177","13.287878","LY"
"HLLQ","large_airport","Al Abraq International","32.789036","21.954864","LY"
"HLLS","medium_airport","Sabha","26.992452","14.466162","LY"
"HLMB","medium_airport","Marsa al Brega","30.378099","19.576401","LY"
"HLTD","medium_airport","Ghadames","30.145484","9.702095","LY"
"HRYG","medium_airport","Gisenyi","-1.6772","29.2589","RW"
"HRYR","large_airport","Kigali International","-1.96863","30.1395","RW"
"HRZA","medium_airport","Kamembe","-2.462239981","28.90789986","RW"
"HSDN","medium_airport","Dongola","19.153666","30.430069","SD"
"HSFA","medium_airport","Paloich","10.529167","32.500556","SS"
"HSFS","medium_airport","El Fasher","13.61489964","25.32460022","SD"
"HSKA","medium_airport","Kassala","15.38749981","36.3288002","SD"
"HSMN","medium_airport","Merowe","18.443333","31.843333","SD"
"HSNN","medium_airport","Nyala","12.0535","24.9562","SD"
"HSOB","medium_airport","El-Obeid","13.1532","30.2327","SD"
"HSPN","large_airport","Port Sudan New International","19.434558","37.234125","SD"
"HSSG","medium_airport","Sabera Geneina","13.4774","22.53722","SD"
"HSSK","large_airport","Khartoum International","15.5895","32.5532","SD"
"HSSM","medium_airport","Malakal International","9.558739","31.651937","SS"
"HSWW","medium_airport","Wau","7.72583","27.975","SS"
"HTAR","medium_airport","Arusha","-3.367789984","36.63330078","TZ"
"HTDA","large_airport","Julius Nyerere International","-6.873499","39.207288","TZ"
"HTDO","medium_airport","Dodoma","-6.170559","35.756036","TZ"
"HTGW","medium_airport","Songwe","-8.919942","33.273981","TZ"
"HTIR","medium_airport","Iringa","-7.66863","35.752102","TZ"
"HTKJ","large_airport","Kilimanjaro International","-3.427049","37.07353","TZ"
"HTLM","medium_airport","Lake Manyara","-3.37631","35.818298","TZ"
"HTMT","medium_airport","Mtwara","-10.336204","40.181997","TZ"
"HTMW","large_airport","Mwanza International","-2.446563","32.936049","TZ"
"HTPE","medium_airport","Pemba","-5.25726","39.811401","TZ"
"HTTG","medium_airport","Tanga","-5.09236","39.071201","TZ"
"HTZA","large_airport","Abeid Amani Karume International","-6.22202","39.224899","TZ"
"HUAR","medium_airport","Arua","3.049152","30.911714","UG"
"HUEN","large_airport","Entebbe International","0.042386","32.443501","UG"
"HUGU","medium_airport","Gulu","2.805560112","32.27180099","UG"
"HUSO","medium_airport","Soroti","1.727689981","33.62279892","UG"
"KABE","medium_airport","Lehigh Valley International","40.651773","-75.442797","US"
"KABI","medium_airport","Abilene Regional","32.41130066","-99.68190002","US"
"KABQ","large_airport","Albuquerque International Sunport","35.039976","-106.608925","US"
"KABR","medium_airport","Aberdeen Regional","45.44910049","-98.42179871","US"
"KABY","medium_airport","Southwest Georgia Regional","31.532946","-84.196215","US"
"KACK","medium_airport","Nantucket Memorial","41.25310135","-70.06020355","US"
"KACT","medium_airport","Waco Regional","31.61129951","-97.23049927","US"
"KACV","medium_airport","California Redwood Coast-Humboldt County","40.978101","-124.109","US"
"KACY","medium_airport","Atlantic City International","39.456201","-74.577511","US"
"KADH","medium_airport","Ada Regional","34.805214","-96.671988","US"
"KADW","medium_airport","Joint Base Andrews","38.810799","-76.866997","US"
"KAEG","medium_airport","Double Eagle II","35.145199","-106.794998","US"
"KAEX","medium_airport","Alexandria International","31.325828","-92.546702","US"
"KAFW","medium_airport","Perot Field/Fort Worth Alliance","32.99044","-97.31947","US"
"KAGC","medium_airport","Allegheny County","40.354401","-79.930199","US"
"KAGS","medium_airport","Augusta Regional At Bush Field","33.3699","-81.9645","US"
"KAHN","medium_airport","Athens Ben Epps","33.948842","-83.325634","US"
"KAIA","medium_airport","Alliance Municipal","42.052543","-102.803965","US"
"KAKR","medium_airport","Akron Fulton International","41.037355","-81.46784","US"
"KALB","large_airport","Albany International","42.748299","-73.801697","US"
"KALI","medium_airport","Alice International","27.7409","-98.026901","US"
"KALM","medium_airport","Alamogordo White Sands Regional","32.837818","-105.993149","US"
"KALN","medium_airport","St Louis Regional","38.89030075","-90.04599762","US"
"KALO","medium_airport","Waterloo Regional","42.55709839","-92.40029907","US"
"KALS","medium_airport","San Luis Valley Regional/Bergman Field","37.434898","-105.866997","US"
"KALW","medium_airport","Walla Walla Regional","46.09489822","-118.288002","US"
"KAMA","medium_airport","Rick Husband Amarillo International","35.217857","-101.706444","US"
"KANB","medium_airport","Anniston Regional","33.5882","-85.8581","US"
"KAND","medium_airport","Anderson Regional","34.49459839","-82.70939636","US"
"KAOO","medium_airport","Altoona Blair County","40.296398","-78.32","US"
"KAPA","medium_airport","Centennial","39.57009888","-104.848999","US"
"KAPF","medium_airport","Naples Municipal","26.15259933","-81.77529907","US"
"KAPG","medium_airport","Phillips Army Air Field","39.466202","-76.1688","US"
"KAPN","medium_airport","Alpena County Regional","45.0780983","-83.56030273","US"
"KARA","medium_airport","Acadiana Regional","30.0378","-91.883904","US"
"KART","medium_airport","Watertown International","43.991901","-76.021698","US"
"KASE","medium_airport","Aspen-Pitkin County (Sardy Field)","39.223202","-106.869003","US"
"KAST","medium_airport","Astoria Regional","46.15800095","-123.8789978","US"
"KATL","large_airport","Hartsfield Jackson Atlanta International","33.6367","-84.428101","US"
"KATW","medium_airport","Appleton International","44.258515","-88.519","US"
"KATY","medium_airport","Watertown Regional","44.91400146","-97.15470123","US"
"KAUG","medium_airport","Augusta State","44.3205986","-69.79730225","US"
"KAUS","large_airport","Austin Bergstrom International","30.197535","-97.662015","US"
"KAUW","medium_airport","Wausau Downtown","44.92620087","-89.62660217","US"
"KAVL","medium_airport","Asheville Regional","35.435488","-82.541853","US"
"KAVP","medium_airport","Wilkes-Barre/Scranton International","41.337064","-75.724232","US"
"KAWO","medium_airport","Arlington Municipal","48.161448","-122.158442","US"
"KAXN","medium_airport","Chandler Field","45.866299","-95.394699","US"
"KAZO","medium_airport","Kalamazoo/Battle Creek International","42.232105","-85.549637","US"
"KBAB","medium_airport","Beale Air Force Base","39.136101","-121.436996","US"
"KBAD","medium_airport","Barksdale Air Force Base","32.501801","-93.662697","US"
"KBAF","medium_airport","Westfield-Barnes Regional","42.157799","-72.715599","US"
"KBAK","medium_airport","Columbus Municipal","39.262386","-85.895576","US"
"KBAZ","medium_airport","New Braunfels National","29.7045","-98.042198","US"
"KBBD","medium_airport","Curtis Field","31.178931","-99.324732","US"
"KBBG","medium_airport","Branson","36.532082","-93.200544","US"
"KBCE","medium_airport","Bryce Canyon","37.70640183","-112.1449966","US"
"KBCT","medium_airport","Boca Raton","26.3785","-80.107697","US"
"KBDE","medium_airport","Baudette International","48.728401","-94.612198","US"
"KBDL","large_airport","Bradley International","41.938555","-72.688016","US"
"KBDR","medium_airport","Igor I Sikorsky Memorial","41.163502","-73.126198","US"
"KBED","medium_airport","Laurence G Hanscom Field","42.470001","-71.289001","US"
"KBFD","medium_airport","Bradford Regional","41.80310059","-78.64009857","US"
"KBFF","medium_airport","Western Neb. Rgnl/William B. Heilig","41.87400055","-103.5960007","US"
"KBFI","medium_airport","King County International - Boeing Field","47.527042","-122.29995","US"
"KBFL","medium_airport","Meadows Field","35.433601","-119.056999","US"
"KBFM","medium_airport","Mobile Downtown","30.62680054","-88.06809998","US"
"KBGM","medium_airport","Greater Binghamton/Edwin A Link field","42.20869827","-75.97979736","US"
"KBGR","medium_airport","Bangor International","44.806364","-68.826668","US"
"KBHB","medium_airport","Hancock County-Bar Harbor","44.45000076","-68.3615036","US"
"KBHM","large_airport","Birmingham-Shuttlesworth International","33.562877","-86.750712","US"
"KBIF","medium_airport","Biggs Army Air Field (Fort Bliss)","31.84950066","-106.3799973","US"
"KBIH","medium_airport","Eastern Sierra Regional","37.3731","-118.363998","US"
"KBIL","medium_airport","Billings Logan International","45.808932","-108.541242","US"
"KBIS","medium_airport","Bismarck Municipal","46.772734","-100.746874","US"
"KBIX","medium_airport","Keesler Air Force Base","30.41040039","-88.92440033","US"
"KBJC","medium_airport","Rocky Mountain Metropolitan","39.908798","-105.116997","US"
"KBJI","medium_airport","Bemidji Regional","47.50939941","-94.93370056","US"
"KBKE","medium_airport","Baker City Municipal","44.83729935","-117.8089981","US"
"KBKF","medium_airport","Buckley Space Force Base","39.701698","-104.751999","US"
"KBKL","medium_airport","Burke Lakefront","41.51750183","-81.6832962","US"
"KBKW","medium_airport","Raleigh County Memorial","37.7873","-81.124199","US"
"KBLF","medium_airport","Mercer County","37.295799","-81.207703","US"
"KBLH","medium_airport","Blythe","33.61920166","-114.7170029","US"
"KBLI","medium_airport","Bellingham International","48.7928009","-122.538002","US"
"KBLV","medium_airport","Scott AFB/Midamerica","38.5452","-89.835197","US"
"KBMG","medium_airport","Monroe County","39.14599991","-86.61669922","US"
"KBMI","medium_airport","Central Illinois Regional at Bloomington-Normal","40.4771","-88.915901","US"
"KBNA","large_airport","Nashville International","36.1245","-86.6782","US"
"KBNO","medium_airport","Burns Municipal","43.590463","-118.955154","US"
"KBOI","large_airport","Boise Air Terminal/Gowen Field","43.5644","-116.223","US"
"KBOS","large_airport","Boston Logan International","42.36197","-71.0079","US"
"KBPI","medium_airport","Miley Memorial Field","42.58509827","-110.1110001","US"
"KBPK","medium_airport","Ozark Regional","36.3689003","-92.47049713","US"
"KBPT","medium_airport","Jack Brooks Regional","29.9508","-94.020699","US"
"KBQK","medium_airport","Brunswick Golden Isles","31.258801","-81.466499","US"
"KBRD","medium_airport","Brainerd Lakes Regional","46.402861","-94.129727","US"
"KBRL","medium_airport","Southeast Iowa Regional","40.78319931","-91.12550354","US"
"KBRO","medium_airport","Brownsville South Padre Island International","25.907238","-97.425235","US"
"KBTL","medium_airport","Battle Creek Executive at Kellogg Field","42.307301","-85.251503","US"
"KBTM","medium_airport","Bert Mooney","45.95479965","-112.4970016","US"
"KBTR","medium_airport","Baton Rouge Metropolitan","30.533199","-91.149597","US"
"KBTV","medium_airport","Patrick Leahy Burlington International","44.471901","-73.153297","US"
"KBUF","large_airport","Buffalo Niagara International","42.940498","-78.732201","US"
"KBUR","large_airport","Hollywood Burbank/Bob Hope","34.202834","-118.35805","US"
"KBVI","medium_airport","Beaver County","40.772499","-80.391403","US"
"KBVY","medium_airport","Beverly Regional","42.584202","-70.916496","US"
"KBWG","medium_airport","Bowling Green Warren County Regional","36.96450043","-86.41970062","US"
"KBWI","large_airport","Baltimore/Washington International Thurgood Marshall","39.1754","-76.668297","US"
"KBXM","medium_airport","Brunswick Executive","43.89220047","-69.93859863","US"
"KBYH","medium_airport","Arkansas International","35.96429825","-89.94400024","US"
"KBYI","medium_airport","Burley Municipal","42.54259872","-113.7720032","US"
"KBYS","medium_airport","Bicycle Lake Army Air Field","35.2804985","-116.6299973","US"
"KBZN","medium_airport","Bozeman Yellowstone International","45.778853","-111.153711","US"
"KCAE","medium_airport","Columbia Metropolitan","33.938172","-81.123022","US"
"KCAK","medium_airport","Akron Canton Regional","40.91609955","-81.44219971","US"
"KCAR","medium_airport","Caribou Municipal","46.871498","-68.017899","US"
"KCBM","medium_airport","Columbus Air Force Base","33.643799","-88.443802","US"
"KCCR","medium_airport","Buchanan Field","37.9897","-122.056999","US"
"KCCY","medium_airport","Northeast Iowa Regional","43.07260132","-92.6108017","US"
"KCDC","medium_airport","Cedar City Regional","37.70100021","-113.098999","US"
"KCDR","medium_airport","Chadron Municipal","42.837601","-103.095001","US"
"KCDS","medium_airport","Childress Municipal","34.43379974","-100.288002","US"
"KCEC","medium_airport","Jack Mc Namara Field","41.778929","-124.236403","US"
"KCEF","medium_airport","Westover Metropolitan / Westover Air Reserve Base","42.194","-72.534798","US"
"KCEW","medium_airport","Bob Sikes","30.77879906","-86.52210236","US"
"KCEZ","medium_airport","Cortez Municipal","37.303001","-108.627998","US"
"KCGF","medium_airport","Cuyahoga County","41.56510162","-81.48639679","US"
"KCGI","medium_airport","Cape Girardeau Regional","37.2253","-89.570801","US"
"KCHA","medium_airport","Chattanooga Metropolitan (Lovell Field)","35.035301","-85.203796","US"
"KCHO","medium_airport","Charlottesville Albemarle","38.1385994","-78.45290375","US"
"KCHS","large_airport","Charleston International","32.896159","-80.038151","US"
"KCID","medium_airport","The Eastern Iowa","41.884701","-91.7108","US"
"KCIU","medium_airport","Chippewa County International","46.242038","-84.462082","US"
"KCKB","medium_airport","North Central West Virginia","39.2966","-80.228104","US"
"KCLE","large_airport","Cleveland Hopkins International","41.411701","-81.8498","US"
"KCLL","medium_airport","Easterwood Field","30.5886","-96.3638","US"
"KCLM","medium_airport","William R Fairchild International","48.120201","-123.5","US"
"KCLT","large_airport","Charlotte Douglas International","35.2140007","-80.94309998","US"
"KCMA","medium_airport","Camarillo International","34.213699","-119.094002","US"
"KCMH","large_airport","John Glenn Columbus International","39.998001","-82.891899","US"
"KCMI","medium_airport","University of Illinois Willard","40.039819","-88.276249","US"
"KCMX","medium_airport","Houghton County Memorial","47.16839981","-88.4890976","US"
"KCNM","medium_airport","Cavern City Air Terminal","32.33750153","-104.2630005","US"
"KCNU","medium_airport","Chanute Martin Johnson","37.668173","-95.486727","US"
"KCNY","medium_airport","Canyonlands Regional","38.755001","-109.754997","US"
"KCOD","medium_airport","Yellowstone Regional","44.520199","-109.024002","US"
"KCOE","medium_airport","Coeur D'Alene - Pappy Boyington Field","47.7743","-116.82","US"
"KCOF","medium_airport","Patrick Space Force Base","28.2349","-80.6101","US"
"KCON","medium_airport","Concord Municipal","43.20270157","-71.50229645","US"
"KCOS","large_airport","City of Colorado Springs Municipal","38.805801","-104.700996","US"
"KCOU","medium_airport","Columbia Regional","38.8181","-92.219597","US"
"KCPR","medium_airport","Casper-Natrona County International","42.907381","-106.461609","US"
"KCRE","medium_airport","Grand Strand","33.81169891","-78.72389984","US"
"KCRG","medium_airport","Jacksonville Executive at Craig","30.3362999","-81.51439667","US"
"KCRP","medium_airport","Corpus Christi International","27.770399","-97.501198","US"
"KCRQ","medium_airport","McClellan-Palomar","33.1283","-117.279999","US"
"KCRW","medium_airport","Yeager","38.3731","-81.593201","US"
"KCSG","medium_airport","Columbus","32.516415","-84.939602","US"
"KCSV","medium_airport","Crossville Memorial Whitson Field","35.95131","-85.08499","US"
"KCTB","medium_airport","Cut Bank International","48.608657","-112.378183","US"
"KCUB","medium_airport","Jim Hamilton L.B. Owens","33.97050095","-80.99520111","US"
"KCVG","large_airport","Cincinnati Northern Kentucky International","39.048801","-84.667801","US"
"KCVN","medium_airport","Clovis Municipal","34.426594","-103.078794","US"
"KCVO","medium_airport","Corvallis Municipal","44.49720001","-123.2900009","US"
"KCVS","medium_airport","Cannon Air Force Base","34.382801","-103.321999","US"
"KCWA","medium_airport","Central Wisconsin","44.777448","-89.670238","US"
"KCXO","medium_airport","Conroe-North Houston Regional","30.351801","-95.414497","US"
"KCXP","medium_airport","Carson","39.194331","-119.734312","US"
"KCYS","medium_airport","Cheyenne Regional Jerry Olson Field","41.155701","-104.811997","US"
"KDAA","medium_airport","Davison Army Air Field","38.71500015","-77.18099976","US"
"KDAB","medium_airport","Daytona Beach International","29.18255","-81.059464","US"
"KDAG","medium_airport","Barstow Daggett","34.85369873","-116.7870026","US"
"KDAL","large_airport","Dallas Love Field","32.844776","-96.847653","US"
"KDAN","medium_airport","Danville Regional","36.572899","-79.336098","US"
"KDAY","medium_airport","James M. Cox Dayton International","39.902401","-84.219398","US"
"KDBQ","medium_airport","Dubuque Regional","42.402","-90.709503","US"
"KDCA","large_airport","Ronald Reagan Washington National","38.8521","-77.037697","US"
"KDDC","medium_airport","Dodge City Regional","37.76340103","-99.96559906","US"
"KDEC","medium_airport","Decatur","39.83459854","-88.86569977","US"
"KDEN","large_airport","Denver International","39.860027","-104.673792","US"
"KDET","medium_airport","Coleman A. Young Municipal","42.40919876","-83.00990295","US"
"KDFW","large_airport","Dallas Fort Worth International","32.896801","-97.038002","US"
"KDHN","medium_airport","Dothan Regional","31.32130051","-85.44960022","US"
"KDHT","medium_airport","Dalhart Municipal","36.02259827","-102.5469971","US"
"KDIK","medium_airport","Dickinson Theodore Roosevelt Regional","46.797533","-102.801905","US"
"KDLF","medium_airport","Laughlin Air Force Base","29.359501","-100.778002","US"
"KDLH","medium_airport","Duluth International","46.841873","-92.198746","US"
"KDLS","medium_airport","Columbia Gorge Regional","45.620979","-121.170777","US"
"KDMA","medium_airport","Davis Monthan Air Force Base","32.16650009","-110.8830032","US"
"KDMN","medium_airport","Deming Municipal","32.26229858","-107.7210007","US"
"KDNL","medium_airport","Daniel Field","33.46649933","-82.03939819","US"
"KDOV","medium_airport","Dover Civil Air Terminal/Dover Air Force Base","39.129501","-75.466003","US"
"KDPA","medium_airport","Dupage","41.90779877","-88.24859619","US"
"KDRA","medium_airport","Desert Rock","36.6194","-116.032997","US"
"KDRI","medium_airport","Beauregard Regional","30.831699","-93.339897","US"
"KDRO","medium_airport","Durango La Plata County","37.151501","-107.753998","US"
"KDRT","medium_airport","Del Rio International","29.37420082","-100.927002","US"
"KDSM","large_airport","Des Moines International","41.534027","-93.656719","US"
"KDTS","medium_airport","Destin Executive","30.400101","-86.471497","US"
"KDTW","large_airport","Detroit Metropolitan Wayne County","42.21377","-83.353786","US"
"KDUA","medium_airport","Durant Regional - Eaker Field","33.939675","-96.395072","US"
"KDUG","medium_airport","Bisbee Douglas International","31.464139","-109.60456","US"
"KDUJ","medium_airport","DuBois Regional","41.17829895","-78.8986969","US"
"KDVL","medium_airport","Devils Lake Regional","48.115454","-98.908796","US"
"KDXR","medium_airport","Danbury Municipal","41.371656","-73.482227","US"
"KDYS","medium_airport","Dyess Air Force Base","32.420799","-99.854599","US"
"KEAR","medium_airport","Kearney Regional","40.727001","-99.006798","US"
"KEAT","medium_airport","Pangborn Memorial","47.398899","-120.207001","US"
"KEAU","medium_airport","Chippewa Valley Regional","44.86579895","-91.48429871","US"
"KECG","medium_airport","Elizabeth City Regional & Coast Guard Air Station","36.260601","-76.174599","US"
"KECP","medium_airport","Northwest Florida Beaches International","30.357106","-85.795414","US"
"KEDC","medium_airport","Austin Executive","30.398049","-97.566909","US"
"KEDW","medium_airport","Edwards Air Force Base","34.910781","-117.886391","US"
"KEED","medium_airport","Needles","34.7663002","-114.6230011","US"
"KEEN","medium_airport","Dillant Hopkins","42.898399","-72.270798","US"
"KEET","medium_airport","Shelby County","33.17699814","-86.78279877","US"
"KEFD","medium_airport","Ellington","29.6072998","-95.15879822","US"
"KEGE","medium_airport","Eagle County Regional","39.64260101","-106.9179993","US"
"KEGI","medium_airport","Duke Field","30.65040016","-86.52290344","US"
"KEKA","medium_airport","Murray Field","40.803398","-124.112999","US"
"KEKN","medium_airport","Elkins-Randolph County Regional","38.889759","-79.857651","US"
"KEKO","medium_airport","Elko Regional","40.82490158","-115.7919998","US"
"KELD","medium_airport","South Arkansas Regional at Goodwin Field","33.221001","-92.813301","US"
"KELM","medium_airport","Elmira Corning Regional","42.15990067","-76.89160156","US"
"KELO","medium_airport","Ely Municipal","47.82450104","-91.83070374","US"
"KELP","large_airport","El Paso International","31.809908","-106.375607","US"
"KELY","medium_airport","Ely Yelland Field","39.29970169","-114.8420029","US"
"KEND","medium_airport","Vance Air Force Base","36.339199","-97.916496","US"
"KENV","medium_airport","Wendover","40.71870041","-114.0309982","US"
"KENW","medium_airport","Kenosha Regional","42.59569931","-87.92780304","US"
"KERI","medium_airport","Erie International Tom Ridge Field","42.083127","-80.173867","US"
"KESC","medium_airport","Delta County","45.723199","-87.088623","US"
"KESF","medium_airport","Esler Army Airfield / Esler Regional","31.394266","-92.294082","US"
"KEUG","medium_airport","Eugene","44.124599","-123.211998","US"
"KEVV","medium_airport","Evansville Regional","38.03699875","-87.53240204","US"
"KEVW","medium_airport","Evanston-Uinta County-Burns Field","41.27479935","-111.0350037","US"
"KEWB","medium_airport","New Bedford Regional","41.67610168","-70.95690155","US"
"KEWN","medium_airport","Coastal Carolina Regional","35.07300186","-77.04290009","US"
"KEWR","large_airport","New York Newark Liberty International","40.6894","-74.170545","US"
"KEYW","medium_airport","Key West International","24.556119","-81.759579","US"
"KFAF","medium_airport","Felker Army Air Field","37.1325","-76.608803","US"
"KFAR","medium_airport","Hector International","46.9207","-96.815804","US"
"KFAT","large_airport","Fresno Yosemite International","36.775767","-119.718018","US"
"KFAY","medium_airport","Fayetteville Regional - Grannis Field","34.991199","-78.880302","US"
"KFBG","medium_airport","Simmons Army Air Field","35.13180161","-78.93669891","US"
"KFCS","medium_airport","Butts AAF (Fort Carson) Air Field","38.67839813","-104.7570038","US"
"KFDY","medium_airport","Findlay","41.01350021","-83.66870117","US"
"KFFO","medium_airport","Wright-Patterson Air Force Base","39.826099","-84.048302","US"
"KFHR","medium_airport","Friday Harbor","48.523654","-123.024645","US"
"KFHU","medium_airport","Sierra Vista Municipal / Libby Army Air Field","31.587383","-110.348225","US"
"KFKL","medium_airport","Venango Regional","41.37789917","-79.86039734","US"
"KFLG","medium_airport","Flagstaff Pulliam","35.139757","-111.669826","US"
"KFLL","large_airport","Fort Lauderdale Hollywood International","26.072599","-80.152702","US"
"KFLO","medium_airport","Florence Regional","34.1853981","-79.72389984","US"
"KFME","medium_airport","Fort Meade Executive","39.0854","-76.759399","US"
"KFMN","medium_airport","Four Corners Regional","36.741199","-108.230003","US"
"KFMY","medium_airport","Page Field","26.58659935","-81.86329651","US"
"KFNL","medium_airport","Northern Colorado Regional","40.44969","-105.011272","US"
"KFNT","medium_airport","Bishop International","42.969294","-83.743355","US"
"KFOD","medium_airport","Fort Dodge Regional","42.552624","-94.191237","US"
"KFOE","medium_airport","Topeka Regional","38.950901","-95.663597","US"
"KFPR","medium_airport","Treasure Coast International","27.4951","-80.368301","US"
"KFRG","medium_airport","Republic","40.728576","-73.414267","US"
"KFRI","medium_airport","Marshall Army Air Field","39.053021","-96.764202","US"
"KFSD","medium_airport","Sioux Falls Regional","43.585463","-96.741152","US"
"KFSI","medium_airport","Henry Post Army Air Field","34.649799","-98.402199","US"
"KFSM","medium_airport","Fort Smith Regional","35.336601","-94.367401","US"
"KFST","medium_airport","Fort Stockton Pecos County","30.91570091","-102.9160004","US"
"KFTK","medium_airport","Godman Army Air Field","37.90710068","-85.9720993","US"
"KFTW","medium_airport","Fort Worth Meacham International","32.819919","-97.360818","US"
"KFTY","medium_airport","Fulton County Brown Field","33.77909851","-84.52140045","US"
"KFWA","medium_airport","Fort Wayne International","40.978896","-85.194465","US"
"KFXE","medium_airport","Fort Lauderdale Executive","26.19729996","-80.17070007","US"
"KFYV","medium_airport","Drake Field","36.00510025","-94.17009735","US"
"KGCC","medium_airport","Northeast Wyoming Regional","44.3489","-105.539001","US"
"KGCK","medium_airport","Garden City Regional","37.92750168","-100.723999","US"
"KGCN","medium_airport","Grand Canyon National Park","35.9524","-112.147003","US"
"KGDV","medium_airport","Dawson Community","47.137658","-104.80691","US"
"KGEG","large_airport","Spokane International","47.6199","-117.533997","US"
"KGFK","medium_airport","Grand Forks International","47.949299","-97.176102","US"
"KGFL","medium_airport","Floyd Bennett Memorial","43.34120178","-73.61029816","US"
"KGGG","medium_airport","East Texas Regional","32.38399887","-94.71150208","US"
"KGGW","medium_airport","Glasgow Valley County Wokal Field","48.212502","-106.614998","US"
"KGJT","medium_airport","Grand Junction Regional","39.126663","-108.529387","US"
"KGLD","medium_airport","Goodland Municipal","39.370701","-101.699753","US"
"KGLH","medium_airport","Mid Delta Regional","33.482899","-90.985603","US"
"KGLS","medium_airport","Scholes International At Galveston","29.265301","-94.860397","US"
"KGMU","medium_airport","Greenville Downtown","34.847903","-82.350217","US"
"KGNV","medium_airport","Gainesville Regional","29.69009972","-82.27179718","US"
"KGON","medium_airport","Groton New London","41.330101","-72.045097","US"
"KGPI","medium_airport","Glacier Park International","48.310501","-114.255997","US"
"KGPT","medium_airport","Gulfport Biloxi International","30.405582","-89.069836","US"
"KGRB","medium_airport","Austin Straubel International","44.483459","-88.130805","US"
"KGRF","medium_airport","Gray Army Air Field","47.07920074","-122.5810013","US"
"KGRI","medium_airport","Central Nebraska Regional","40.96749878","-98.30960083","US"
"KGRK","medium_airport","Killeen Regional / Robert Gray Army Airfield","31.0672","-97.828903","US"
"KGRR","large_airport","Gerald R. Ford International","42.880798","-85.522797","US"
"KGSB","medium_airport","Seymour Johnson Air Force Base","35.339401","-77.960602","US"
"KGSO","large_airport","Piedmont Triad International","36.09937","-79.937262","US"
"KGSP","medium_airport","Greenville-Spartanburg International","34.895699","-82.218903","US"
"KGTB","medium_airport","Wheeler Sack Army Air Field","44.055599","-75.719498","US"
"KGTF","medium_airport","Great Falls International","47.481998","-111.371002","US"
"KGTR","medium_airport","Golden Triangle Regional","33.450298","-88.5914","US"
"KGUC","medium_airport","Gunnison Crested Butte Regional","38.534672","-106.934566","US"
"KGUP","medium_airport","Gallup Municipal","35.511653","-108.788166","US"
"KGUS","medium_airport","Grissom Air Reserve Base","40.648102","-86.1521","US"
"KGUY","medium_airport","Guymon Municipal","36.68510056","-101.5080032","US"
"KGWO","medium_airport","Greenwood–Leflore","33.495025","-90.088204","US"
"KGYI","medium_airport","North Texas Regional Perrin Field","33.7141","-96.673698","US"
"KGYY","medium_airport","Gary/Chicago International","41.617087","-87.413206","US"
"KHBG","medium_airport","Hattiesburg Bobby L Chain Municipal","31.26479912","-89.25279999","US"
"KHBR","medium_airport","Hobart Regional","34.991317","-99.051313","US"
"KHDN","medium_airport","Yampa Valley","40.481201","-107.218002","US"
"KHEF","medium_airport","Manassas Regional/Harry P. Davis Field","38.721401","-77.515404","US"
"KHFD","medium_airport","Hartford Brainard","41.73669815","-72.6493988","US"
"KHGR","medium_airport","Hagerstown Regional Richard A Henson Field","39.708771","-77.728014","US"
"KHHR","medium_airport","Jack Northrop Field Hawthorne Municipal","33.922798","-118.334999","US"
"KHIB","medium_airport","Range Regional","47.384831","-92.836905","US"
"KHIF","medium_airport","Hill Air Force Base","41.12403","-111.973086","US"
"KHII","medium_airport","Lake Havasu City","34.570506","-114.357745","US"
"KHIO","medium_airport","Portland Hillsboro","45.540401","-122.949997","US"
"KHKY","medium_airport","Hickory Regional","35.74110031","-81.38950348","US"
"KHLG","medium_airport","Wheeling Ohio County","40.17499924","-80.64630127","US"
"KHLN","medium_airport","Helena Regional","46.6068","-111.983002","US"
"KHMN","medium_airport","Holloman Air Force Base","32.852501","-106.107002","US"
"KHOB","medium_airport","Lea County Regional","32.6875","-103.217003","US"
"KHON","medium_airport","Huron Regional","44.385201","-98.2285","US"
"KHOP","medium_airport","Campbell Army Airfield (Fort Campbell)","36.674154","-87.48974","US"
"KHOT","medium_airport","Memorial Field","34.4788","-93.096262","US"
"KHOU","large_airport","William P. Hobby","29.645336","-95.276812","US"
"KHPN","medium_airport","Westchester County","41.06700134","-73.70760345","US"
"KHQM","medium_airport","Bowerman","46.97119904","-123.9369965","US"
"KHRL","medium_airport","Valley International","26.22850037","-97.65440369","US"
"KHRO","medium_airport","Boone County","36.26150131","-93.15470123","US"
"KHRT","medium_airport","Hurlburt Field","30.427799","-86.689301","US"
"KHST","medium_airport","Homestead Air Reserve Base","25.4886","-80.383598","US"
"KHSV","medium_airport","Huntsville International","34.636244","-86.774378","US"
"KHTS","medium_airport","Tri-State / Milton J. Ferguson Field","38.366699","-82.557999","US"
"KHUA","medium_airport","Redstone Army Air Field","34.67869949","-86.68479919","US"
"KHUF","medium_airport","Terre Haute Regional, Hulman Field","39.4515","-87.307602","US"
"KHUL","medium_airport","Houlton International","46.12310028","-67.792099","US"
"KHUT","medium_airport","Hutchinson Municipal","38.06549835","-97.86060333","US"
"KHVN","medium_airport","Tweed New Haven","41.262869","-72.887694","US"
"KHVR","medium_airport","Havre City County","48.541387","-109.762859","US"
"KHWO","medium_airport","North Perry","26.0012","-80.2407","US"
"KHXD","medium_airport","Hilton Head","32.2244","-80.697502","US"
"KHYA","medium_airport","Cape Cod Gateway","41.6693","-70.280403","US"
"KHYI","medium_airport","San Marcos Regional","29.8927","-97.862999","US"
"KHYR","medium_airport","Sawyer County","46.02519989","-91.44429779","US"
"KHYS","medium_airport","Hays Regional","38.844521","-99.273148","US"
"KHZY","medium_airport","Northeast Ohio Regional","41.778","-80.695503","US"
"KIAB","medium_airport","McConnell Air Force Base","37.621899","-97.268204","US"
"KIAD","large_airport","Washington Dulles International","38.9445","-77.455803","US"
"KIAG","medium_airport","Niagara Falls International","43.1073","-78.946198","US"
"KIAH","large_airport","George Bush Intercontinental","29.9844","-95.3414","US"
"KICT","medium_airport","Wichita Dwight D. Eisenhower National","37.650314","-97.428583","US"
"KIDA","medium_airport","Idaho Falls Regional","43.514599","-112.070999","US"
"KIFP","medium_airport","Laughlin Bullhead International","35.154726","-114.559322","US"
"KIGM","medium_airport","Kingman","35.259499","-113.938004","US"
"KIKK","medium_airport","Greater Kankakee","41.07139969","-87.84629822","US"
"KILG","medium_airport","Wilmington","39.678699","-75.606499","US"
"KILM","medium_airport","Wilmington International","34.272345","-77.905117","US"
"KILN","medium_airport","Wilmington Airpark","39.42789841","-83.792099","US"
"KIMT","medium_airport","Ford","45.81911","-88.114557","US"
"KIND","large_airport","Indianapolis International","39.7173","-86.294403","US"
"KINK","medium_airport","Winkler County","31.7796","-103.200996","US"
"KINL","medium_airport","Falls International","48.56620026","-93.40309906","US"
"KINT","medium_airport","Smith Reynolds","36.13370132","-80.22200012","US"
"KINW","medium_airport","Winslow Lindbergh Regional","35.02190018","-110.7229996","US"
"KIPL","medium_airport","Imperial County","32.83539","-115.574026","US"
"KIPT","medium_airport","Williamsport Regional","41.242126","-76.92245","US"
"KIRK","medium_airport","Kirksville Regional","40.09349823","-92.54489899","US"
"KISM","medium_airport","Kissimmee Gateway","28.28980064","-81.43710327","US"
"KISO","medium_airport","Kinston Regional Jetport At Stallings Field","35.33140183","-77.6088028","US"
"KISP","medium_airport","Long Island MacArthur","40.796324","-73.101703","US"
"KITH","medium_airport","Ithaca Tompkins Regional","42.49100113","-76.45839691","US"
"KIWA","medium_airport","Mesa Gateway","33.3078","-111.654999","US"
"KJAC","medium_airport","Jackson Hole","43.6073","-110.737999","US"
"KJAN","medium_airport","Jackson-Medgar Wiley Evers International","32.311199","-90.075897","US"
"KJAX","large_airport","Jacksonville International","30.492469","-81.687813","US"
"KJBR","medium_airport","Jonesboro Municipal","35.83169937","-90.64640045","US"
"KJCT","medium_airport","Kimble County","30.51129913","-99.7634964","US"
"KJFK","large_airport","New York John F. Kennedy International","40.639447","-73.779317","US"
"KJHW","medium_airport","Chautauqua County-Jamestown","42.15425","-79.254008","US"
"KJKL","medium_airport","Julian Carroll","37.59389877","-83.31729889","US"
"KJLN","medium_airport","Joplin Regional","37.151798","-94.498299","US"
"KJMS","medium_airport","Jamestown Regional","46.92969894","-98.67819977","US"
"KJNX","medium_airport","Johnston Regional","35.540901","-78.390297","US"
"KJQF","medium_airport","Concord-Padgett Regional","35.387798","-80.709099","US"
"KJST","medium_airport","John Murtha Johnstown Cambria County","40.31610107","-78.83390045","US"
"KJWY","medium_airport","Mid-Way Regional","32.4587","-96.912399","US"
"KJXN","medium_airport","Jackson County/Reynolds Field","42.260509","-84.463019","US"
"KKLS","medium_airport","Southwest Washington Regional","46.11800003","-122.8980026","US"
"KLAA","medium_airport","Southeast Colorado Regional","38.066407","-102.691373","US"
"KLAF","medium_airport","Purdue University","40.412875","-86.939363","US"
"KLAL","medium_airport","Lakeland Linder International","27.989267","-82.020715","US"
"KLAN","medium_airport","Capital Region International","42.777582","-84.585721","US"
"KLAR","medium_airport","Laramie Regional","41.31209946","-105.6750031","US"
"KLAS","large_airport","Harry Reid International","36.083361","-115.151817","US"
"KLAW","medium_airport","Lawton Fort Sill Regional","34.567699","-98.416603","US"
"KLAX","large_airport","Los Angeles International","33.942501","-118.407997","US"
"KLBB","medium_airport","Lubbock Preston Smith International","33.663601","-101.822998","US"
"KLBE","medium_airport","Arnold Palmer Regional","40.275902","-79.4048","US"
"KLBF","medium_airport","North Platte Regional Lee Bird Field","41.12620163","-100.6839981","US"
"KLBL","medium_airport","Liberal Mid-America Regional","37.0442009","-100.9599991","US"
"KLBT","medium_airport","Lumberton Regional","34.610773","-79.05943","US"
"KLBX","medium_airport","Texas Gulf Coast Regional","29.108601","-95.462097","US"
"KLCH","medium_airport","Lake Charles Regional","30.12610054","-93.22329712","US"
"KLCK","medium_airport","Rickenbacker International","39.813801","-82.927803","US"
"KLEB","medium_airport","Lebanon Municipal","43.62609863","-72.30419922","US"
"KLEE","medium_airport","Leesburg International","28.82309914","-81.80870056","US"
"KLEX","medium_airport","Blue Grass","38.035066","-84.606738","US"
"KLFI","medium_airport","Langley Air Force Base","37.082901","-76.360497","US"
"KLFK","medium_airport","Angelina County","31.23399925","-94.75","US"
"KLFT","medium_airport","Lafayette Regional","30.205299","-91.987602","US"
"KLGA","large_airport","New York LaGuardia","40.777199","-73.872597","US"
"KLGB","large_airport","Long Beach International","33.816523","-118.149891","US"
"KLGU","medium_airport","Logan-Cache","41.79119873","-111.8519974","US"
"KLIT","medium_airport","Bill & Hillary Clinton National/Adams Field","34.729222","-92.223591","US"
"KLLQ","medium_airport","Monticello Municipal Ellis Field","33.638599","-91.750999","US"
"KLMT","medium_airport","Crater Lake-Klamath Regional","42.156101","-121.733002","US"
"KLND","medium_airport","Hunt Field","42.815201","-108.730003","US"
"KLNK","medium_airport","Lincoln","40.844882","-96.76178","US"
"KLNS","medium_airport","Lancaster","40.12170029","-76.2960968","US"
"KLOL","medium_airport","Derby Field","40.06639862","-118.5650024","US"
"KLOU","medium_airport","Bowman Field","38.22800064","-85.66369629","US"
"KLOZ","medium_airport","London-Corbin/Magee Field","37.0821991","-84.0848999","US"
"KLRD","medium_airport","Laredo International","27.5438","-99.461601","US"
"KLRF","medium_airport","Little Rock Air Force Base","34.91690063","-92.14969635","US"
"KLRU","medium_airport","Las Cruces International","32.289398","-106.921997","US"
"KLSE","medium_airport","La Crosse Regional","43.879002","-91.256699","US"
"KLSF","medium_airport","Lawson Army Air Field","32.332546","-84.988003","US"
"KLSV","medium_airport","Nellis Air Force Base","36.23619843","-115.0339966","US"
"KLTS","medium_airport","Altus Air Force Base","34.667099","-99.266701","US"
"KLUF","medium_airport","Luke Air Force Base","33.535","-112.383003","US"
"KLUK","medium_airport","Cincinnati Municipal Lunken Field","39.102357","-84.418945","US"
"KLVM","medium_airport","Mission Field","45.69940186","-110.447998","US"
"KLVS","medium_airport","Las Vegas Municipal","35.654202","-105.141998","US"
"KLWB","medium_airport","Greenbrier Valley","37.857914","-80.400438","US"
"KLWM","medium_airport","Lawrence Municipal","42.71720123","-71.12339783","US"
"KLWS","medium_airport","Lewiston Nez Perce County","46.37450027","-117.0149994","US"
"KLWT","medium_airport","Lewistown Municipal","47.048429","-109.466143","US"
"KLYH","medium_airport","Lynchburg Regional - Preston Glenn Field","37.326698","-79.200401","US"
"KMAF","medium_airport","Midland International Air and Space Port","31.942499","-102.202003","US"
"KMBG","medium_airport","Mobridge Municipal","45.54650116","-100.4079971","US"
"KMBS","medium_airport","MBS International","43.533181","-84.083104","US"
"KMCB","medium_airport","McComb-Pike County / John E Lewis Field","31.178499","-90.471901","US"
"KMCC","medium_airport","McClellan Airfield","38.667599","-121.401001","US"
"KMCE","medium_airport","Merced Regional Macready Field","37.284698","-120.514","US"
"KMCF","medium_airport","MacDill Air Force Base","27.8493","-82.521202","US"
"KMCI","large_airport","Kansas City International","39.301699","-94.713893","US"
"KMCK","medium_airport","McCook Ben Nelson Regional","40.207787","-100.592794","US"
"KMCN","medium_airport","Middle Georgia Regional","32.69279861","-83.64920044","US"
"KMCO","large_airport","Orlando International","28.42939949","-81.30899811","US"
"KMCW","medium_airport","Mason City Municipal","43.159801","-93.329716","US"
"KMDH","medium_airport","Southern Illinois","37.778099","-89.251999","US"
"KMDT","medium_airport","Harrisburg International","40.192838","-76.762333","US"
"KMDW","large_airport","Chicago Midway International","41.785999","-87.752403","US"
"KMEI","medium_airport","Key Field / Meridian Regional","32.3326","-88.7519","US"
"KMEM","large_airport","Memphis International","35.043845","-89.97634","US"
"KMER","medium_airport","Castle","37.38050079","-120.5680008","US"
"KMFD","medium_airport","Mansfield Lahm Regional","40.82139969","-82.51660156","US"
"KMFE","medium_airport","McAllen Miller International","26.176141","-98.237965","US"
"KMFR","medium_airport","Rogue Valley International-Medford","42.374199","-122.873001","US"
"KMGC","medium_airport","Michigan City Municipal","41.7033","-86.821198","US"
"KMGE","medium_airport","Dobbins Air Reserve Base","33.915401","-84.516296","US"
"KMGM","medium_airport","Montgomery Regional (Dannelly Field)","32.300598","-86.393997","US"
"KMGW","medium_airport","Morgantown Municipal Walter L. (Bill) Hart Field","39.643305","-79.917598","US"
"KMHK","medium_airport","Manhattan Regional","39.14099884","-96.67079926","US"
"KMHR","medium_airport","Sacramento Mather","38.554744","-121.297989","US"
"KMHT","medium_airport","Manchester-Boston Regional","42.932598","-71.435699","US"
"KMHV","medium_airport","Mojave Air &  Space Port","35.056391","-118.145342","US"
"KMIA","large_airport","Miami International","25.796011","-80.289751","US"
"KMIB","medium_airport","Minot Air Force Base","48.4156","-101.358002","US"
"KMIE","medium_airport","Delaware County Johnson Field","40.242298","-85.395897","US"
"KMIV","medium_airport","Millville Municipal","39.367802","-75.072197","US"
"KMKC","medium_airport","Charles B. Wheeler Downtown","39.123199","-94.592796","US"
"KMKE","large_airport","General Mitchell International","42.947201","-87.896599","US"
"KMKG","medium_airport","Muskegon County","43.169498","-86.238197","US"
"KMKL","medium_airport","McKellar-Sipes Regional","35.599899","-88.915604","US"
"KMLB","medium_airport","Melbourne Orlando International","28.102009","-80.641088","US"
"KMLC","medium_airport","Mc Alester Regional","34.882401","-95.783501","US"
"KMLI","medium_airport","Quad City International","41.448502","-90.5075","US"
"KMLS","medium_airport","Miles City - Frank Wiley Field","46.427268","-105.885372","US"
"KMLU","medium_airport","Monroe Regional","32.510899","-92.037697","US"
"KMMH","medium_airport","Mammoth Yosemite","37.625381","-118.84306","US"
"KMMT","medium_airport","Mc Entire Joint National Guard Base","33.92079926","-80.80130005","US"
"KMMU","medium_airport","Morristown Municipal","40.799062","-74.414949","US"
"KMMV","medium_airport","McMinnville Municipal","45.194401","-123.136002","US"
"KMOB","medium_airport","Mobile Regional","30.6912","-88.242798","US"
"KMOD","medium_airport","Modesto City Co-Harry Sham Field","37.625801","-120.954002","US"
"KMOT","medium_airport","Minot International","48.25801","-101.279123","US"
"KMPV","medium_airport","Edward F Knapp State","44.20349884","-72.56230164","US"
"KMQY","medium_airport","Smyrna","36.00899887","-86.52010345","US"
"KMRB","medium_airport","Eastern WV Regional/Shepherd Field","39.40190125","-77.98459625","US"
"KMRY","medium_airport","Monterey Regional","36.586777","-121.844183","US"
"KMSL","medium_airport","Northwest Alabama Regional","34.745123","-87.612981","US"
"KMSN","medium_airport","Dane County Regional Truax Field","43.1399","-89.337502","US"
"KMSO","medium_airport","Missoula Montana","46.915816","-114.091107","US"
"KMSP","large_airport","Minneapolis–Saint Paul International","44.880081","-93.221741","US"
"KMSS","medium_airport","Massena International Richards Field","44.936157","-74.844304","US"
"KMSY","large_airport","Louis Armstrong New Orleans International","29.993401","-90.264673","US"
"KMTC","medium_airport","Selfridge Air National Guard Base","42.613463","-82.836919","US"
"KMTH","medium_airport","Florida Keys Marathon International","24.726006","-81.05138","US"
"KMTJ","medium_airport","Montrose Regional","38.5098","-107.893997","US"
"KMTN","medium_airport","Martin State","39.325699","-76.413803","US"
"KMUI","medium_airport","Muir Army Air Field (Fort Indiantown Gap)","40.435214","-76.568661","US"
"KMUO","medium_airport","Mountain Home Air Force Base","43.043598","-115.872002","US"
"KMWA","medium_airport","Veterans of Southern Illinois","37.751208","-89.016568","US"
"KMWH","medium_airport","Grant County International","47.20769882","-119.3199997","US"
"KMWL","medium_airport","Mineral Wells Regional","32.781601","-98.060204","US"
"KMXF","medium_airport","Maxwell Air Force Base","32.3829","-86.365799","US"
"KMYL","medium_airport","McCall Municipal","44.888837","-116.101112","US"
"KMYR","large_airport","Myrtle Beach International","33.679699","-78.928299","US"
"KMYV","medium_airport","Yuba County","39.09780121","-121.5699997","US"
"KNBC","medium_airport","Beaufort MCAS - Merritt Field","32.47740173","-80.72319794","US"
"KNBG","medium_airport","New Orleans NAS JRB/Alvin Callender Field","29.82530022","-90.03500366","US"
"KNCA","medium_airport","MCAS New River / McCutcheon Field","34.708401","-77.439697","US"
"KNDZ","medium_airport","Whiting Field Naval Air Station South","30.704399","-87.023003","US"
"KNEL","medium_airport","Lakehurst Maxfield Field","40.03329849","-74.353302","US"
"KNEW","medium_airport","Lakefront","30.04240036","-90.02829742","US"
"KNFG","medium_airport","Camp Pendleton MCAS (Munn Field)","33.30130005","-117.3550034","US"
"KNFL","medium_airport","Fallon Naval Air Station","39.41659927","-118.7009964","US"
"KNFW","medium_airport","NAS Fort Worth JRB / Carswell Field","32.769199","-97.441498","US"
"KNGP","medium_airport","Naval Air Station Corpus Christi Truax Field","27.6926","-97.2911","US"
"KNGU","medium_airport","Norfolk Naval Station (Chambers Field)","36.937599","-76.289299","US"
"KNHK","medium_airport","Patuxent River Naval Air Station (Trapnell Field)","38.285999","-76.411797","US"
"KNID","medium_airport","China Lake Naws (Armitage Field)","35.6853981","-117.6920013","US"
"KNIP","medium_airport","Jacksonville Naval Air Station (Towers Field)","30.2358","-81.680603","US"
"KNJK","medium_airport","El Centro NAF (Vraciu Field)","32.829201","-115.671996","US"
"KNKT","medium_airport","Cherry Point MCAS / Cunningham Field/","34.900902","-76.880699","US"
"KNKX","medium_airport","Miramar Marine Corps Air Station - Mitscher Field","32.86840057","-117.1429977","US"
"KNLC","medium_airport","Lemoore Naval Air Station (Reeves Field)","36.33300018","-119.9520035","US"
"KNMM","medium_airport","Naval Air Station Meridian / McCain Field","32.5531","-88.55406","US"
"KNPA","medium_airport","Naval Air Station Pensacola Forrest Sherman Field","30.352699","-87.318604","US"
"KNQA","medium_airport","Millington-Memphis","35.356701","-89.8703","US"
"KNQI","medium_airport","Kingsville Naval Air Station","27.50720024","-97.80970001","US"
"KNQX","medium_airport","Naval Air Station Key West/Boca Chica Field","24.57579994","-81.68890381","US"
"KNRB","medium_airport","Naval Station Mayport / Admiral David L McDonald Field","30.3911","-81.424698","US"
"KNSE","medium_airport","Whiting Field Naval Air Station - North","30.7241993","-87.02189636","US"
"KNTD","medium_airport","Point Mugu Naval Air Station (Naval Base Ventura Co)","34.12030029","-119.1210022","US"
"KNTU","medium_airport","Oceana Naval Air Station","36.820702","-76.033501","US"
"KNUQ","medium_airport","Moffett Federal Airfield","37.4161","-122.049004","US"
"KNUW","medium_airport","Whidbey Island Naval Air Station (Ault Field)","48.351799","-122.655998","US"
"KNXP","medium_airport","Twentynine Palms Strategic Expeditionary Landing Field","34.2962","-116.162003","US"
"KNYG","medium_airport","Quantico Marine Corps Airfield / Turner Field","38.501701","-77.305298","US"
"KNYL","medium_airport","Yuma International / Marine Corps Air Station Yuma","32.650938","-114.609375","US"
"KNZY","medium_airport","North Island Naval Air Station-Halsey Field","32.69919968","-117.2149963","US"
"KOAJ","medium_airport","Albert J Ellis","34.829201","-77.612099","US"
"KOAK","large_airport","San Francisco Bay Oakland International","37.720085","-122.221184","US"
"KOFF","medium_airport","Offutt Air Force Base","41.119307","-95.90851","US"
"KOFK","medium_airport","Karl Stefan Memorial","41.98550034","-97.43509674","US"
"KOGB","medium_airport","Orangeburg Municipal","33.45679855","-80.85949707","US"
"KOGD","medium_airport","Ogden Hinckley","41.19589996","-112.012001","US"
"KOGS","medium_airport","Ogdensburg International","44.6819","-75.4655","US"
"KOKB","medium_airport","Oceanside Municipal","33.217947","-117.351683","US"
"KOKC","large_airport","OKC Will Rogers World","35.393388","-97.598248","US"
"KOLF","medium_airport","L M Clayton","48.094501","-105.574997","US"
"KOLM","medium_airport","Olympia Regional","46.969399","-122.903","US"
"KOLS","medium_airport","Nogales International","31.4177","-110.848","US"
"KOLU","medium_airport","Columbus Municipal","41.448145","-97.340174","US"
"KOMA","large_airport","Eppley Airfield","41.3032","-95.894096","US"
"KONO","medium_airport","Ontario Municipal","44.0198","-117.013289","US"
"KONP","medium_airport","Newport Municipal","44.580399","-124.057999","US"
"KONT","large_airport","Ontario International","34.056","-117.600998","US"
"KOPF","medium_airport","Miami-Opa Locka Executive","25.907","-80.278397","US"
"KOQU","medium_airport","Quonset State","41.5970993","-71.41210175","US"
"KORD","large_airport","Chicago O'Hare International","41.9786","-87.9048","US"
"KORF","large_airport","Norfolk International","36.895341","-76.201","US"
"KORH","medium_airport","Worcester Regional","42.2673","-71.875702","US"
"KORL","medium_airport","Orlando Executive","28.5455","-81.332901","US"
"KORS","medium_airport","Orcas Island","48.708199","-122.910004","US"
"KOSH","medium_airport","Wittman Regional","43.9844017","-88.55699921","US"
"KOSU","medium_airport","The Ohio State University - Don Scott Field","40.0798","-83.072998","US"
"KOTH","medium_airport","Southwest Oregon Regional","43.417099","-124.2460022","US"
"KOTM","medium_airport","Ottumwa Regional","41.106368","-92.449837","US"
"KOWB","medium_airport","Owensboro Daviess County","37.74010086","-87.16680145","US"
"KOWD","medium_airport","Norwood Memorial","42.19049835","-71.17289734","US"
"KOXB","medium_airport","Ocean City Municipal","38.310398","-75.124001","US"
"KOXR","medium_airport","Oxnard","34.20080185","-119.2070007","US"
"KOZR","medium_airport","Cairns AAF (Fort Rucker) Air Field","31.27569962","-85.71340179","US"
"KPAE","medium_airport","Seattle Paine Field International","47.9063","-122.281998","US"
"KPAH","medium_airport","Barkley Regional","37.06079865","-88.77380371","US"
"KPAM","medium_airport","Tyndall Air Force Base","30.069599","-85.575401","US"
"KPAO","medium_airport","Palo Alto","37.461102","-122.114998","US"
"KPBF","medium_airport","Pine Bluff Regional, Grider Field","34.174121","-91.935643","US"
"KPBG","medium_airport","Plattsburgh International","44.650902","-73.468102","US"
"KPBI","large_airport","Palm Beach International","26.683201","-80.095596","US"
"KPCW","medium_airport","Erie-Ottawa International","41.515647","-82.868328","US"
"KPDK","medium_airport","DeKalb Peachtree","33.87633","-84.30213","US"
"KPDT","medium_airport","Eastern Oregon Regional at Pendleton","45.695099","-118.841003","US"
"KPDX","large_airport","Portland International","45.588699","-122.598","US"
"KPGA","medium_airport","Page Municipal","36.924234","-111.447716","US"
"KPGD","medium_airport","Punta Gorda","26.9202","-81.990501","US"
"KPGV","medium_airport","Pitt-Greenville","35.635535","-77.384262","US"
"KPHF","medium_airport","Newport News Williamsburg International","37.131901","-76.492996","US"
"KPHL","large_airport","Philadelphia International","39.871899","-75.241096","US"
"KPHX","large_airport","Phoenix Sky Harbor International","33.435302","-112.005905","US"
"KPIA","medium_airport","General Wayne A. Downing Peoria International","40.663841","-89.692631","US"
"KPIB","medium_airport","Hattiesburg Laurel Regional","31.4671","-89.337097","US"
"KPIE","large_airport","St. Petersburg Clearwater International","27.9102","-82.687401","US"
"KPIH","medium_airport","Pocatello Regional","42.90980148","-112.5960007","US"
"KPIR","medium_airport","Pierre Regional","44.38270187","-100.2860031","US"
"KPIT","large_airport","Pittsburgh International","40.491501","-80.232903","US"
"KPKB","medium_airport","Mid Ohio Valley Regional","39.3451","-81.439201","US"
"KPLN","medium_airport","Pellston Regional of Emmet County","45.57089996","-84.79669952","US"
"KPMD","medium_airport","Palmdale Regional / USAF Plant 42","34.629398","-118.084999","US"
"KPNA","medium_airport","Ralph Wenz Field","42.79550171","-109.8069992","US"
"KPNC","medium_airport","Ponca City Regional","36.73199844","-97.09980011","US"
"KPNE","medium_airport","Northeast Philadelphia","40.082406","-75.010614","US"
"KPNS","large_airport","Pensacola International","30.472718","-87.186639","US"
"KPOB","medium_airport","Pope Field","35.170898","-79.014503","US"
"KPOE","medium_airport","Polk Army Air Field","31.0447998","-93.1917038","US"
"KPOU","medium_airport","Dutchess County","41.62659836","-73.88420105","US"
"KPQI","medium_airport","Presque Isle International","46.688999","-68.0448","US"
"KPRB","medium_airport","Paso Robles Municipal","35.67290115","-120.6269989","US"
"KPRC","medium_airport","Prescott Regional - Ernest A. Love Field","34.653502","-112.419883","US"
"KPRX","medium_airport","Cox Field","33.63660049","-95.45079803","US"
"KPSC","medium_airport","Tri Cities","46.264702","-119.119003","US"
"KPSM","medium_airport","Portsmouth International at Pease","43.0779","-70.823303","US"
"KPSP","large_airport","Palm Springs International","33.8297","-116.507004","US"
"KPTK","medium_airport","Oakland County International","42.66550064","-83.42009735","US"
"KPUB","medium_airport","Pueblo Memorial","38.289101","-104.497002","US"
"KPUW","medium_airport","Pullman-Moscow Regional","46.741601","-117.11163","US"
"KPVD","large_airport","Rhode Island T. F. Green International","41.725038","-71.425668","US"
"KPVU","medium_airport","Provo Municipal","40.218894","-111.722445","US"
"KPWK","medium_airport","Chicago Executive","42.114222","-87.901494","US"
"KPWM","large_airport","Portland International Jetport","43.646198","-70.309303","US"
"KPWT","medium_airport","Bremerton National","47.49020004","-122.7649994","US"
"KRAL","medium_airport","Riverside Municipal","33.9519","-117.445","US"
"KRAP","medium_airport","Rapid City Regional","44.04529953","-103.0569992","US"
"KRBL","medium_airport","Red Bluff Municipal","40.15069962","-122.2519989","US"
"KRCA","medium_airport","Ellsworth Air Force Base","44.14500046","-103.1039963","US"
"KRDD","medium_airport","Redding Municipal","40.50899887","-122.2929993","US"
"KRDG","medium_airport","Reading Regional (Carl A Spaatz Field)","40.378502","-75.965202","US"
"KRDM","medium_airport","Roberts Field","44.254101","-121.150002","US"
"KRDR","medium_airport","Grand Forks Air Force Base","47.96110153","-97.40119934","US"
"KRDU","large_airport","Raleigh-Durham International","35.878659","-78.7873","US"
"KRFD","medium_airport","Chicago Rockford International","42.1954","-89.097198","US"
"KRHI","medium_airport","Rhinelander Oneida County","45.63119888","-89.46749878","US"
"KRHP","medium_airport","Western Carolina Regional","35.195202","-83.862999","US"
"KRIC","large_airport","Richmond International","37.505199","-77.319702","US"
"KRIL","medium_airport","Garfield County Regional","39.526299","-107.726997","US"
"KRIV","medium_airport","March Air Reserve Base","33.880699","-117.259003","US"
"KRIW","medium_airport","Central Wyoming Regional","43.064201","-108.459999","US"
"KRKD","medium_airport","Knox County Regional","44.060101","-69.099197","US"
"KRKS","medium_airport","Southwest Wyoming Regional","41.5942","-109.065001","US"
"KRME","medium_airport","Griffiss International","43.23379898","-75.40699768","US"
"KRMG","medium_airport","Richard B Russell","34.3506012","-85.15799713","US"
"KRND","medium_airport","Randolph Air Force Base","29.529699","-98.2789","US"
"KRNH","medium_airport","New Richmond Regional","45.1483","-92.538101","US"
"KRNO","large_airport","Reno Tahoe International","39.4991","-119.767998","US"
"KROA","medium_airport","Roanoke–Blacksburg Regional","37.3255","-79.975403","US"
"KROC","large_airport","Frederick Douglass Greater Rochester International","43.1189","-77.672401","US"
"KROW","medium_airport","Roswell Air Center","33.301601","-104.530998","US"
"KRSL","medium_airport","Russell Municipal","38.87210083","-98.8117981","US"
"KRST","medium_airport","Rochester International","43.908298","-92.5","US"
"KRSW","large_airport","Southwest Florida International","26.534685","-81.752816","US"
"KRUT","medium_airport","Rutland - Southern Vermont Regional","43.5294","-72.9496","US"
"KRVS","medium_airport","Tulsa Riverside","36.0396","-95.984596","US"
"KRWF","medium_airport","Redwood Falls Municipal","44.547199","-95.082298","US"
"KRWI","medium_airport","Rocky Mount Wilson Regional","35.8563","-77.891899","US"
"KRWL","medium_airport","Rawlins Municipal/Harvey Field","41.80559921","-107.1999969","US"
"KRYY","medium_airport","Cobb County International-McCollum Field","34.01316","-84.59721","US"
"KSAC","medium_airport","Sacramento Executive","38.51250076","-121.4929962","US"
"KSAF","medium_airport","Santa Fe Municipal","35.6171","-106.088997","US"
"KSAN","large_airport","San Diego International","32.733601","-117.190002","US"
"KSAT","large_airport","San Antonio International","29.533701","-98.469803","US"
"KSAV","large_airport","Savannah Hilton Head International","32.126591","-81.19998","US"
"KSAW","medium_airport","Marquette/Sawyer International","46.351498","-87.395884","US"
"KSBA","medium_airport","Santa Barbara Municipal","34.426201","-119.839996","US"
"KSBD","large_airport","San Bernardino International","34.096717","-117.236596","US"
"KSBN","medium_airport","South Bend International","41.708304","-86.316922","US"
"KSBP","medium_airport","San Luis County Regional","35.23680115","-120.6419983","US"
"KSBY","medium_airport","Salisbury Ocean City Wicomico Regional","38.34049988","-75.51029968","US"
"KSCH","medium_airport","Schenectady County","42.85250092","-73.92890167","US"
"KSCK","medium_airport","Stockton Metropolitan","37.893279","-121.238079","US"
"KSDF","large_airport","Louisville Muhammad Ali International","38.1706","-85.735076","US"
"KSDM","medium_airport","Brown Field Municipal","32.572639","-116.980019","US"
"KSDY","medium_airport","Sidney - Richland Regional","47.705141","-104.194422","US"
"KSEA","large_airport","Seattle–Tacoma International","47.447943","-122.310276","US"
"KSFB","large_airport","Orlando Sanford International","28.774277","-81.234626","US"
"KSFF","medium_airport","Felts Field","47.682899","-117.321925","US"
"KSFO","large_airport","San Francisco International","37.619806","-122.374821","US"
"KSGF","medium_airport","Springfield Branson National","37.245047","-93.388596","US"
"KSGH","medium_airport","Springfield-Beckley Municipal","39.84030151","-83.84020233","US"
"KSGJ","medium_airport","Northeast Florida Regional","29.9592","-81.339798","US"
"KSGR","medium_airport","Sugar Land Regional","29.62229919","-95.65650177","US"
"KSGU","medium_airport","St George Regional","37.036389","-113.510306","US"
"KSHD","medium_airport","Shenandoah Valley Regional","38.263802","-78.8964","US"
"KSHR","medium_airport","Sheridan County","44.76919937","-106.9800034","US"
"KSHV","medium_airport","Shreveport Regional","32.446602","-93.8256","US"
"KSJC","large_airport","Norman Y. Mineta San Jose International","37.362452","-121.929188","US"
"KSJT","medium_airport","San Angelo Regional Mathis Field","31.35770035","-100.4960022","US"
"KSKA","medium_airport","Fairchild Air Force Base","47.615101","-117.655998","US"
"KSKF","medium_airport","Lackland Air Force Base","29.38419914","-98.58110046","US"
"KSKX","medium_airport","Taos Regional","36.452494","-105.67749","US"
"KSLC","large_airport","Salt Lake City International","40.78886","-111.979866","US"
"KSLE","medium_airport","Salem-Willamette Valley/McNary Field","44.9095","-123.002998","US"
"KSLI","medium_airport","Los Alamitos Army Air Field","33.790864","-118.050342","US"
"KSLK","medium_airport","Adirondack Regional","44.38691","-74.204629","US"
"KSLN","medium_airport","Salina Municipal","38.79100037","-97.65219879","US"
"KSME","medium_airport","Lake Cumberland Regional","37.05339813","-84.61589813","US"
"KSMF","large_airport","Sacramento International","38.6954","-121.591003","US"
"KSMN","medium_airport","Lemhi County","45.122233","-113.88196","US"
"KSMO","medium_airport","Santa Monica Municipal","34.0158","-118.450996","US"
"KSMX","medium_airport","Santa Maria Public Captain G Allan Hancock Field","34.898899","-120.457001","US"
"KSNA","large_airport","John Wayne Orange County International","33.675063","-117.869281","US"
"KSNS","medium_airport","Salinas Municipal","36.66279984","-121.6060028","US"
"KSNY","medium_airport","Sidney Municipal Lloyd W Carr Field","41.101299","-102.985001","US"
"KSOA","medium_airport","Sonora Municipal","30.58569908","-100.6490021","US"
"KSOW","medium_airport","Show Low Regional","34.264062","-110.007091","US"
"KSPI","medium_airport","Abraham Lincoln Capital","39.844101","-89.677902","US"
"KSPS","medium_airport","Wichita Falls Municipal / Sheppard Air Force Base","33.9888","-98.491898","US"
"KSQL","medium_airport","San Carlos","37.51313","-122.250838","US"
"KSRQ","large_airport","Sarasota Bradenton International","27.394631","-82.554359","US"
"KSRR","medium_airport","Sierra Blanca Regional","33.462799","-105.535004","US"
"KSSC","medium_airport","Shaw Air Force Base","33.972698","-80.470596","US"
"KSSF","medium_airport","Stinson Municipal","29.33699989","-98.47109985","US"
"KSSI","medium_airport","St Simons Island","31.1518","-81.391296","US"
"KSTC","medium_airport","Saint Cloud Regional","45.5466","-94.059898","US"
"KSTJ","medium_airport","Rosecrans Memorial","39.77190018","-94.90969849","US"
"KSTL","large_airport","St. Louis Lambert International","38.748697","-90.370003","US"
"KSTP","medium_airport","Saint Paul Downtown Holman Field","44.93479","-93.060036","US"
"KSTS","medium_airport","Charles M. Schulz Sonoma County","38.50899887","-122.8130035","US"
"KSUN","medium_airport","Friedman Memorial","43.50439835","-114.2959976","US"
"KSUS","medium_airport","Spirit of St Louis","38.662102","-90.652","US"
"KSUU","medium_airport","Travis Air Force Base","38.262699","-121.927002","US"
"KSUX","medium_airport","Sioux Gateway / Brigadier General Bud Day Field","42.397605","-96.382237","US"
"KSUZ","medium_airport","Saline County Regional","34.590599","-92.479401","US"
"KSVC","medium_airport","Grant County","32.636701","-108.154736","US"
"KSVN","medium_airport","Hunter Army Air Field","32.00999832","-81.14569855","US"
"KSWF","medium_airport","New York Stewart International","41.50421","-74.108901","US"
"KSWO","medium_airport","Stillwater Regional","36.162132","-97.085581","US"
"KSYR","large_airport","Syracuse Hancock International","43.11119843","-76.10630035","US"
"KSZL","medium_airport","Whiteman Air Force Base","38.730301","-93.547897","US"
"KTBN","medium_airport","Waynesville-St. Robert Regional-Forney Field","37.7416","-92.140701","US"
"KTCC","medium_airport","Tucumcari Municipal","35.18280029","-103.6029968","US"
"KTCL","medium_airport","Tuscaloosa National","33.2206","-87.611397","US"
"KTCM","medium_airport","McChord Air Force Base","47.137699","-122.475998","US"
"KTCS","medium_airport","Truth or Consequences Municipal","33.2369","-107.272003","US"
"KTEB","medium_airport","Teterboro","40.850101","-74.060799","US"
"KTEX","medium_airport","Telluride Regional","37.9538","-107.907997","US"
"KTIK","medium_airport","Tinker Air Force Base","35.4147","-97.386597","US"
"KTIW","medium_airport","Tacoma Narrows","47.267407","-122.577295","US"
"KTIX","medium_airport","Space Coast Regional","28.51479912","-80.79920197","US"
"KTLH","medium_airport","Tallahassee International","30.401209","-84.35433","US"
"KTMB","medium_airport","Miami Executive","25.6479","-80.4328","US"
"KTOI","medium_airport","Troy Municipal at N Kenneth Campbell Field","31.860399","-86.012101","US"
"KTOL","medium_airport","Eugene F. Kranz Toledo Express","41.5868","-83.8078","US"
"KTOP","medium_airport","Philip Billard Municipal","39.069899","-95.622606","US"
"KTPA","large_airport","Tampa International","27.9755","-82.533203","US"
"KTPH","medium_airport","Tonopah","38.06019974","-117.086998","US"
"KTPL","medium_airport","Draughon Miller Central Texas Regional","31.1525","-97.407799","US"
"KTRI","medium_airport","Tri-Cities Regional TN/VA","36.475201","-82.407401","US"
"KTRK","medium_airport","Truckee Tahoe","39.318628","-120.140562","US"
"KTRM","medium_airport","Jacqueline Cochran Regional","33.62670135","-116.1600037","US"
"KTTD","medium_airport","Portland Troutdale","45.54940033","-122.401001","US"
"KTTN","medium_airport","Trenton Mercer","40.276699","-74.813499","US"
"KTTS","medium_airport","Space Florida Launch and Landing Facility","28.615","-80.694504","US"
"KTUL","large_airport","Tulsa International","36.197084","-95.886225","US"
"KTUP","medium_airport","Tupelo Regional","34.26810074","-88.76989746","US"
"KTUS","large_airport","Tucson International","32.115004","-110.938053","US"
"KTVC","medium_airport","Cherry Capital","44.741402","-85.582199","US"
"KTVF","medium_airport","Thief River Falls Regional","48.065701","-96.184998","US"
"KTVL","medium_airport","Lake Tahoe","38.89390182","-119.9950027","US"
"KTWF","medium_airport","Joslin Field Magic Valley Regional","42.4818","-114.487999","US"
"KTXK","medium_airport","Texarkana Regional (Webb Field)","33.453701","-93.990997","US"
"KTYR","medium_airport","Tyler Pounds Regional","32.35409927","-95.40239716","US"
"KTYS","large_airport","McGhee Tyson","35.811001","-83.994003","US"
"KUAO","medium_airport","Aurora State","45.24710083","-122.7699966","US"
"KUIN","medium_airport","Quincy Regional Baldwin Field","39.942699","-91.194603","US"
"KUKI","medium_airport","Ukiah Municipal","39.125999","-123.200996","US"
"KUNV","medium_airport","State College Regional","40.849374","-77.84852","US"
"KUOX","medium_airport","University Oxford","34.38430023","-89.53679657","US"
"KUTS","medium_airport","Huntsville Regional","30.74690056","-95.58719635","US"
"KUUU","medium_airport","Newport State","41.532207","-71.281039","US"
"KVAD","medium_airport","Moody Air Force Base","30.96780014","-83.19300079","US"
"KVBG","medium_airport","Vandenberg Space Force Base","34.737301","-120.584","US"
"KVCT","medium_airport","Victoria Regional","28.8526001","-96.91850281","US"
"KVEL","medium_airport","Vernal Regional","40.436214","-109.511661","US"
"KVGT","medium_airport","North Las Vegas","36.209074","-115.193982","US"
"KVIS","medium_airport","Visalia Municipal","36.318699","-119.392998","US"
"KVLD","medium_airport","Valdosta Regional","30.78249931","-83.27670288","US"
"KVNY","medium_airport","Van Nuys","34.209801","-118.489998","US"
"KVOK","medium_airport","Volk Field","43.938999","-90.253403","US"
"KVPS","medium_airport","Destin-Fort Walton Beach","30.481315","-86.515839","US"
"KVPZ","medium_airport","Porter County Municipal","41.45399857","-87.00710297","US"
"KVQQ","medium_airport","Cecil","30.2187","-81.876701","US"
"KVRB","medium_airport","Vero Beach Regional","27.6556","-80.417901","US"
"KVTN","medium_airport","Miller Field","42.856211","-100.549192","US"
"KWJF","medium_airport","General William J Fox Airfield","34.7411","-118.219002","US"
"KWMC","medium_airport","Winnemucca Municipal","40.89659882","-117.8059998","US"
"KWRB","medium_airport","Robins Air Force Base","32.640099","-83.591904","US"
"KWRI","medium_airport","Mc Guire Air Force Base","40.0155983","-74.59169769","US"
"KWRL","medium_airport","Worland Municipal","43.965698","-107.950996","US"
"KWST","medium_airport","Westerly State","41.349602","-71.803398","US"
"KWWD","medium_airport","Cape May County","39.00849915","-74.90830231","US"
"KWWR","medium_airport","West Woodward","36.438","-99.5226667","US"
"KWYS","medium_airport","Yellowstone","44.6884","-111.117996","US"
"KXMR","medium_airport","Cape Canaveral SFS Skid Strip","28.4676","-80.566597","US"
"KXNA","medium_airport","Northwest Arkansas National","36.281898","-94.306801","US"
"KXTA","medium_airport","Homey (Area 51)","37.23500061","-115.810997","US"
"KXWA","medium_airport","Williston Basin International","48.260863","-103.75116","US"
"KYIP","medium_airport","Willow Run","42.2379","-83.530403","US"
"KYKM","medium_airport","Yakima Air Terminal McAllister Field","46.56819916","-120.5439987","US"
"KYKN","medium_airport","Chan Gurney Municipal","42.91669846","-97.3859024","US"
"KYNG","medium_airport","Youngstown Warren Regional","41.26070023","-80.67910004","US"
"KZZV","medium_airport","Zanesville Municipal","39.94440079","-81.89209747","US"
"LAKU","medium_airport","Kukës International","42.035802","20.415955","AL"
"LAKV","medium_airport","Kuçovë Air Base","40.7719","19.901899","AL"
"LATI","large_airport","Tirana International Mother Teresa","41.4147","19.7206","AL"
"LBBG","large_airport","Burgas","42.569917","27.515173","BG"
"LBGO","medium_airport","Gorna Oryahovitsa","43.151402","25.7129","BG"
"LBPD","large_airport","Plovdiv International","42.067799","24.8508","BG"
"LBPG","medium_airport","Graf Ignatievo Air Base","42.290401","24.714001","BG"
"LBPL","medium_airport","Dolna Mitropoliya Air Base","43.451771","24.502423","BG"
"LBSF","large_airport","Sofia","42.696357","23.417671","BG"
"LBWB","medium_airport","Balchik Airfield","43.423801","28.181299","BG"
"LBWN","large_airport","Varna","43.232101","27.8251","BG"
"LCEN","large_airport","Ercan International","35.153064","33.507352","CY"
"LCGK","medium_airport","Lefkoniko / Geçitkale Air Base","35.23591","33.720088","CY"
"LCLK","large_airport","Larnaca International","34.875099","33.624901","CY"
"LCPH","large_airport","Paphos International","34.717999","32.485699","CY"
"LCRA","medium_airport","RAF Akrotiri","34.590401","32.9879","CY"
"LDDU","large_airport","Dubrovnik Ruđer Bošković","42.562247","18.265543","HR"
"LDOS","medium_airport","Osijek","45.462355","18.811278","HR"
"LDPL","large_airport","Pula","44.893501","13.9222","HR"
"LDRI","large_airport","Rijeka","45.216376","14.57085","HR"
"LDSB","medium_airport","Brač","43.284454","16.678362","HR"
"LDSP","large_airport","Split Saint Jerome","43.538898","16.298","HR"
"LDZA","large_airport","Zagreb Franjo Tuđman International","45.742901","16.0688","HR"
"LDZD","large_airport","Zadar","44.096986","15.353565","HR"
"LEAB","medium_airport","Albacete / Los Llanos Air Base","38.948502","-1.86352","ES"
"LEAL","large_airport","Alicante-Elche Miguel Hernández","38.2822","-0.558156","ES"
"LEAM","medium_airport","Almería","36.843899","-2.3701","ES"
"LEAS","large_airport","Asturias","43.563599","-6.03462","ES"
"LEBA","medium_airport","Córdoba","37.841999","-4.84888","ES"
"LEBB","large_airport","Bilbao","43.301102","-2.91061","ES"
"LEBG","medium_airport","Burgos","42.357601","-3.62076","ES"
"LEBL","large_airport","Josep Tarradellas Barcelona-El Prat","41.2971","2.07846","ES"
"LEBZ","medium_airport","Badajoz","38.8913","-6.82133","ES"
"LECH","medium_airport","Castellón-Costa Azahar","40.213889","0.073333","ES"
"LECO","medium_airport","A Coruña","43.302101","-8.37726","ES"
"LECU","medium_airport","Madrid-Cuatro Vientos","40.370701","-3.78514","ES"
"LEDA","medium_airport","Lleida-Alguaire","41.728185","0.535023","ES"
"LEGA","medium_airport","Armilla Air Base","37.133202","-3.63569","ES"
"LEGE","large_airport","Girona-Costa Brava","41.904639","2.761774","ES"
"LEGR","medium_airport","F.G.L. Granada-Jaén","37.188702","-3.77736","ES"
"LEGT","medium_airport","Getafe Air Base","40.294102","-3.72383","ES"
"LEIB","large_airport","Ibiza","38.872898","1.37312","ES"
"LEJR","medium_airport","Jerez","36.744598","-6.06011","ES"
"LELC","medium_airport","San Javier","37.775002","-0.812389","ES"
"LELN","medium_airport","León","42.590709","-5.653406","ES"
"LELO","medium_airport","Logroño-Agoncillo","42.460953","-2.322235","ES"
"LEMD","large_airport","Adolfo Suárez Madrid–Barajas","40.493407","-3.572249","ES"
"LEMG","large_airport","Málaga-Costa del Sol","36.6749","-4.49911","ES"
"LEMH","large_airport","Menorca","39.862598","4.21865","ES"
"LEMI","large_airport","Region of Murcia International","37.802852","-1.124884","ES"
"LEMO","medium_airport","Moron Air Base","37.17490005","-5.615940094","ES"
"LEPA","large_airport","Palma de Mallorca","39.551701","2.73881","ES"
"LEPP","medium_airport","Pamplona","42.77","-1.64633","ES"
"LERI","medium_airport","Alcantarilla Air Base","37.951099","-1.23032","ES"
"LERL","medium_airport","Ciudad Real International","38.856479","-3.969944","ES"
"LERS","large_airport","Reus","41.147509","1.168354","ES"
"LERT","medium_airport","Rota Naval Station","36.64519882","-6.349460125","ES"
"LESA","medium_airport","Salamanca","40.952099","-5.50199","ES"
"LESO","medium_airport","San Sebastián","43.356499","-1.79061","ES"
"LEST","large_airport","Santiago-Rosalía de Castro","42.896301","-8.41514","ES"
"LESU","medium_airport","Pirineus - la Seu d'Urgel","42.3386","1.40917","ES"
"LETL","medium_airport","Teruel","40.410269","-1.217366","ES"
"LETO","medium_airport","Madrid–Torrejón / Torrejón Air Base","40.487875","-3.456808","ES"
"LEVC","large_airport","Valencia","39.489162","-0.480961","ES"
"LEVD","medium_airport","Valladolid","41.7061","-4.85194","ES"
"LEVT","medium_airport","Vitoria","42.882801","-2.72447","ES"
"LEVX","medium_airport","Vigo","42.2318","-8.62677","ES"
"LEXJ","medium_airport","Seve Ballesteros-Santander","43.427101","-3.82001","ES"
"LEZG","large_airport","Zaragoza","41.666199","-1.04155","ES"
"LEZL","large_airport","Seville","37.417999","-5.89311","ES"
"LFAC","medium_airport","Calais Marck","50.962101","1.95476","FR"
"LFAG","medium_airport","Péronne Saint-Quentin Airfield","49.868871","3.029566","FR"
"LFAT","medium_airport","Le Touquet-Côte d'Opale","50.518284","1.621656","FR"
"LFAV","medium_airport","Valenciennes-Denain Airfield","50.327823","3.461061","FR"
"LFAY","medium_airport","Amiens Glisy Airfield","49.873004","2.387074","FR"
"LFBA","medium_airport","Agen La Garenne","44.174171","0.59309","FR"
"LFBC","medium_airport","Cazaux (BA 120) Air Base","44.533298","-1.125","FR"
"LFBD","large_airport","Bordeaux–Mérignac","44.82865","-0.715356","FR"
"LFBE","medium_airport","Bergerac Dordogne-Périgord","44.825298","0.518611","FR"
"LFBF","medium_airport","Toulouse-Francazal (BA 101) Air Base","43.545601","1.3675","FR"
"LFBG","medium_airport","Cognac-Châteaubernard (BA 709) Air Base","45.658298","-0.3175","FR"
"LFBH","medium_airport","La Rochelle Île de Ré","46.179199","-1.19528","FR"
"LFBI","medium_airport","Poitiers-Biard","46.5877","0.306666","FR"
"LFBK","medium_airport","Montluçon-Guéret","46.222599","2.36396","FR"
"LFBL","medium_airport","Limoges","45.862801","1.17944","FR"
"LFBM","medium_airport","Mont-de-Marsan (BA 118) Air Base","43.911701","-0.5075","FR"
"LFBN","medium_airport","Niort - Marais Poitevin","46.313477","-0.394529","FR"
"LFBO","large_airport","Toulouse-Blagnac","43.629101","1.36382","FR"
"LFBP","medium_airport","Pau Pyrénées","43.380001","-0.418611","FR"
"LFBT","medium_airport","Tarbes-Lourdes-Pyrénées","43.178699","-0.006439","FR"
"LFBU","medium_airport","Angoulême Brie-Champniers","45.729198","0.221456","FR"
"LFBX","medium_airport","Périgueux-Bassillac","45.198101","0.815556","FR"
"LFBZ","medium_airport","Biarritz Pays Basque","43.468372","-1.523223","FR"
"LFCC","medium_airport","Cahors Lalbenque","44.351398","1.47528","FR"
"LFCG","medium_airport","Aérodrome de Saint-Girons - Antichan","43.007801","1.10315","FR"
"LFCH","medium_airport","Aérodrome d'Arcachon-La Teste-de-Buch","44.596401","-1.11083","FR"
"LFCI","medium_airport","Albi Le Sequestre","43.913898","2.11306","FR"
"LFCK","medium_airport","Castres Mazamet","43.556301","2.28918","FR"
"LFCR","medium_airport","Rodez–Aveyron","44.407902","2.48267","FR"
"LFCY","medium_airport","Royan-Médis","45.628101","-0.9725","FR"
"LFDH","medium_airport","Auch Gers Airfield","43.683606","0.599747","FR"
"LFDN","medium_airport","Rochefort-Saint-Agnant (BA 721)","45.887798","-0.983056","FR"
"LFGA","medium_airport","Colmar Houssen","48.109901","7.35901","FR"
"LFGJ","medium_airport","Dole Tavaux","47.038955","5.427589","FR"
"LFGW","medium_airport","Verdun-Le Rozelier Airfield","49.122398","5.46905","FR"
"LFHO","medium_airport","Aubenas-South Ardèche","44.544367","4.372194","FR"
"LFJL","medium_airport","Metz-Nancy-Lorraine","48.982101","6.25132","FR"
"LFJR","medium_airport","Angers Marcé","47.560299","-0.312222","FR"
"LFKB","large_airport","Bastia-Poretta International","42.5527","9.48373","FR"
"LFKC","medium_airport","Calvi Sainte Catherine","42.530422","8.792984","FR"
"LFKF","large_airport","Figari Sud-Corse","41.50185","9.097092","FR"
"LFKJ","medium_airport","Ajaccio Napoléon Bonaparte","41.923599","8.80292","FR"
"LFKS","medium_airport","Solenzara (BA 126) Air Base","41.9244","9.406","FR"
"LFLA","medium_airport","Auxerre Branches","47.850201","3.49711","FR"
"LFLB","medium_airport","Chambéry Aix les Bains","45.6381","5.88023","FR"
"LFLC","large_airport","Clermont-Ferrand Auvergne","45.786701","3.16917","FR"
"LFLD","medium_airport","Bourges","47.060158","2.369633","FR"
"LFLI","medium_airport","Annemasse Airfield","46.192001","6.26839","FR"
"LFLL","large_airport","Lyon Saint-Exupéry","45.725996","5.090139","FR"
"LFLM","medium_airport","Mâcon-Charnay Airfield","46.295131","4.795977","FR"
"LFLN","medium_airport","Saint-Yan","46.414019","4.014177","FR"
"LFLO","medium_airport","Roanne-Renaison","46.053818","3.999023","FR"
"LFLP","medium_airport","Annecy Meythet","45.928947","6.0987","FR"
"LFLS","medium_airport","Grenoble Alpes Isère","45.3629","5.32937","FR"
"LFLU","medium_airport","Valence-Chabeuil","44.9216","4.9699","FR"
"LFLV","medium_airport","Vichy-Charmeil","46.16969","3.403637","FR"
"LFLW","medium_airport","Aurillac","44.891399","2.42194","FR"
"LFLX","medium_airport","Châteauroux Déols","46.860221","1.728326","FR"
"LFLY","medium_airport","Lyon Bron","45.727947","4.943991","FR"
"LFMC","medium_airport","Le Luc-Le Cannet Airfield","43.384701","6.38714","FR"
"LFMD","medium_airport","Cannes Mandelieu","43.547998","6.955176","FR"
"LFMH","medium_airport","Saint-Étienne-Bouthéon","45.5406","4.29639","FR"
"LFMI","medium_airport","Istres-Le Tubé Air Base","43.522701","4.92384","FR"
"LFMK","medium_airport","Carcassonne Salvaza","43.216","2.30632","FR"
"LFML","large_airport","Marseille Provence","43.438088","5.2125","FR"
"LFMN","large_airport","Nice-Côte d'Azur","43.658401","7.21587","FR"
"LFMO","medium_airport","Orange-Caritat (BA 115) Air Base","44.140499","4.86672","FR"
"LFMP","medium_airport","Perpignan-Rivesaltes (Llabanère)","42.740398","2.87067","FR"
"LFMQ","medium_airport","Le Castellet","43.252499","5.78519","FR"
"LFMS","medium_airport","Aérodrome d'Alès Cévennes","44.069698","4.14212","FR"
"LFMT","large_airport","Montpellier-Méditerranée","43.576199","3.96301","FR"
"LFMU","medium_airport","Béziers Vias","43.323502","3.3539","FR"
"LFMV","medium_airport","Avignon Caumont","43.907299","4.90183","FR"
"LFMY","medium_airport","Salon-de-Provence (BA 701) Air Base","43.6064","5.10925","FR"
"LFNB","medium_airport","Mende-Brenoux Airfield","44.502102","3.53282","FR"
"LFOA","medium_airport","Avord (BA 702) Air Base","47.053299","2.6325","FR"
"LFOB","large_airport","Beauvais-Tillé","49.454399","2.11278","FR"
"LFOC","medium_airport","Châteaudun Airfield","48.057907","1.379309","FR"
"LFOE","medium_airport","Évreux-Fauville (BA 105) Air Base","49.028702","1.21986","FR"
"LFOH","medium_airport","Le Havre-Octeville","49.534038","0.088406","FR"
"LFOI","medium_airport","Abbeville-Buigny Baie de Somme Airfield","50.143501","1.831891","FR"
"LFOJ","medium_airport","Orléans-Bricy (BA 123) Air Base","47.987801","1.76056","FR"
"LFOK","medium_airport","Chalons Vatry","48.77333","4.20611","FR"
"LFOP","medium_airport","Rouen Vallée de Seine","49.384887","1.179142","FR"
"LFOT","medium_airport","Tours Val de Loire","47.432201","0.727606","FR"
"LFOV","medium_airport","Laval-Entrammes","48.032208","-0.743999","FR"
"LFPB","large_airport","Paris-Le Bourget International","48.962276","2.436539","FR"
"LFPC","medium_airport","Creil Air Base","49.253502","2.51914","FR"
"LFPG","large_airport","Charles de Gaulle International","49.00896","2.554117","FR"
"LFPM","medium_airport","Melun-Villaroche Airfield","48.604698","2.67112","FR"
"LFPN","medium_airport","Toussus-le-Noble","48.7519","2.10619","FR"
"LFPO","large_airport","Paris-Orly","48.729499","2.358963","FR"
"LFPT","medium_airport","Pontoise-Cormeilles Aerodrome","49.096064","2.035543","FR"
"LFPV","medium_airport","Vélizy-Villacoublay Air Base","48.774406","2.203102","FR"
"LFQB","medium_airport","Troyes-Barberey","48.322102","4.0167","FR"
"LFQE","medium_airport","Lieutenant Étienne Mantoux Air Base","49.226898","5.67222","FR"
"LFQG","medium_airport","Nevers-Fourchambault","47.002913","3.113114","FR"
"LFQP","medium_airport","Phalsbourg-Bourscheid Air Base","48.766203","7.200551","FR"
"LFQQ","large_airport","Lille","50.566564","3.102429","FR"
"LFQT","medium_airport","Merville-Calonne","50.618401","2.64224","FR"
"LFQV","medium_airport","Charleville-Mézières Ardennes-Etienne Riché Airfield","49.783901","4.64708","FR"
"LFQW","medium_airport","Vesoul-Frotey Airfield","47.638588","6.204443","FR"
"LFRB","large_airport","Brest Bretagne","48.447899","-4.41854","FR"
"LFRC","medium_airport","Cherbourg Manche","49.650101","-1.47028","FR"
"LFRD","medium_airport","Dinard Pleurtuit Saint-Malo","48.5877","-2.07996","FR"
"LFRE","medium_airport","La Baule-Escoublac","47.289398","-2.34639","FR"
"LFRF","medium_airport","Granville","48.883099","-1.56417","FR"
"LFRG","medium_airport","Deauville Normandie","49.365237","0.154481","FR"
"LFRH","medium_airport","Lorient South Brittany (Bretagne Sud)","47.760601","-3.44","FR"
"LFRI","medium_airport","La Roche-sur-Yon Les Ajoncs","46.7019","-1.37863","FR"
"LFRJ","medium_airport","Landivisiau Air Base","48.5303","-4.15164","FR"
"LFRK","medium_airport","Caen Carpiquet","49.17678","-0.454883","FR"
"LFRL","medium_airport","Lanvéoc-Poulmic Air Base","48.2817","-4.44502","FR"
"LFRM","medium_airport","Le Mans-Arnage","47.948604","0.201702","FR"
"LFRN","medium_airport","Rennes-Saint-Jacques","48.0695","-1.73479","FR"
"LFRO","medium_airport","Lannion","48.754398","-3.47166","FR"
"LFRQ","medium_airport","Quimper-Cornouaille","47.973031","-4.169655","FR"
"LFRS","medium_airport","Nantes Atlantique","47.153198","-1.61073","FR"
"LFRT","medium_airport","Saint-Brieuc-Armor","48.538628","-2.853518","FR"
"LFRU","medium_airport","Morlaix-Ploujean","48.60319901","-3.815779924","FR"
"LFRV","medium_airport","Vannes-Meucon","47.723301","-2.71856","FR"
"LFRZ","medium_airport","Saint-Nazaire-Montoir","47.31142","-2.152634","FR"
"LFSB","large_airport","EuroAirport Basel–Mulhouse–Freiburg","47.60068","7.521117","FR"
"LFSD","medium_airport","Dijon Longvic","47.268902","5.09","FR"
"LFSG","medium_airport","Épinal Mirecourt","48.325001","6.06998","FR"
"LFSI","medium_airport","Saint-Dizier – Robinson Air Base","48.636002","4.89942","FR"
"LFSL","medium_airport","Brive Souillac","45.039722","1.485556","FR"
"LFSM","medium_airport","Montbéliard-Courcelles Airfield","47.487","6.79054","FR"
"LFSN","medium_airport","Nancy-Essey","48.692101","6.23046","FR"
"LFSO","medium_airport","Nancy-Ochey (BA 133) Air Base","48.583099","5.955","FR"
"LFST","large_airport","Strasbourg","48.5383","7.62823","FR"
"LFSX","medium_airport","Luxeuil-Saint-Sauveur (BA 116) Air Base","47.787747","6.353419","FR"
"LFTH","medium_airport","Toulon-Hyères","43.097301","6.14603","FR"
"LFTW","medium_airport","Nîmes-Arles-Camargue","43.757401","4.41635","FR"
"LFVP","medium_airport","Saint-Pierre Pointe-Blanche","46.762651","-56.17499","PM"
"LFXA","medium_airport","Ambérieu Air Base (BA 278)","45.987301","5.32844","FR"
"LGAD","medium_airport","Andravida Air Base","37.9207","21.292601","GR"
"LGAL","medium_airport","Alexandroupoli Democritus","40.8559","25.956301","GR"
"LGAV","large_airport","Athens Eleftherios Venizelos International","37.936401","23.9445","GR"
"LGBL","medium_airport","Nea Anchialos National","39.219601","22.7943","GR"
"LGEL","medium_airport","Elefsis Air Base","38.063801","23.556","GR"
"LGHI","medium_airport","Chios Island National","38.34320068","26.1406002","GR"
"LGIO","medium_airport","Ioannina King Pyrrhus National","39.6964","20.8225","GR"
"LGIR","large_airport","Heraklion International Nikos Kazantzakis","35.339699","25.1803","GR"
"LGKF","medium_airport","Kefallinia","38.12009811","20.50049973","GR"
"LGKL","medium_airport","Kalamata","37.06829834","22.02549934","GR"
"LGKO","large_airport","Kos International ""Ippokratis""","36.794523","27.09115","GR"
"LGKP","medium_airport","Karpathos","35.421398","27.146","GR"
"LGKR","large_airport","Corfu Ioannis Kapodistrias International","39.60145","19.912179","GR"
"LGKV","large_airport","Kavala Alexander the Great International","40.9133","24.6192","GR"
"LGKZ","medium_airport","Kozani National Filippos","40.286098","21.840799","GR"
"LGMK","medium_airport","Mykonos Island National","37.435101","25.348101","GR"
"LGMT","medium_airport","Mytilene International","39.057406","26.598629","GR"
"LGPZ","medium_airport","Aktion National","38.925499","20.765301","GR"
"LGRP","large_airport","Rhodes International ""Diagoras""","36.405399","28.086201","GR"
"LGRX","medium_airport","Patras Araxos Agamemnon","38.1511","21.4256","GR"
"LGSA","large_airport","Chania International","35.531207","24.150673","GR"
"LGSK","medium_airport","Skiathos Island National","39.177101","23.5037","GR"
"LGSM","medium_airport","Samos","37.689999","26.911699","GR"
"LGSR","large_airport","Santorini International","36.400045","25.478638","GR"
"LGST","medium_airport","Sitia","35.21609879","26.10129929","GR"
"LGTG","medium_airport","Tanagra Air Base","38.339802","23.565001","GR"
"LGTS","large_airport","Thessaloniki Macedonia International","40.51928","22.970009","GR"
"LGZA","medium_airport","Zakynthos International Dionysios Solomos","37.7509","20.8843","GR"
"LHBP","large_airport","Budapest Liszt Ferenc International","47.43018","19.262393","HU"
"LHDC","large_airport","Debrecen International","47.489469","21.616278","HU"
"LHKE","medium_airport","Kecskemét Air Base","46.9175","19.749201","HU"
"LHPP","large_airport","Pécs-Pogány International","45.988891","18.242044","HU"
"LHPR","medium_airport","Győr-Pér","47.628436","17.804718","HU"
"LHSM","medium_airport","Hévíz–Balaton","46.686391","17.159084","HU"
"LHSN","medium_airport","Szolnok Air Base","47.122897","20.2355","HU"
"LHTA","medium_airport","Taszár Air Base","46.393101","17.9175","HU"
"LHTL","medium_airport","Tököl","47.345299","18.980801","HU"
"LIBA","medium_airport","Amendola Air Base","41.538443","15.717181","IT"
"LIBC","medium_airport","Crotone Sant'Anna Pythagoras","38.9972","17.0802","IT"
"LIBD","large_airport","Bari Karol Wojtyła International","41.138901","16.760599","IT"
"LIBF","medium_airport","Foggia Gino Lisa","41.433596","15.534566","IT"
"LIBG","medium_airport","Taranto-Grottaglie Marcello Arlotta","40.517502","17.4032","IT"
"LIBN","medium_airport","Lecce Galatina Air Base / Galatina Fortunato Cesari","40.239201","18.133301","IT"
"LIBP","large_airport","Abruzzo","42.431079","14.182981","IT"
"LIBR","large_airport","Brindisi","40.6576","17.947001","IT"
"LIBV","medium_airport","Gioia del Colle Antonio Ramirez Air Base","40.767799","16.9333","IT"
"LICA","large_airport","Lamezia Terme Sant'Eufemia International","38.906214","16.246007","IT"
"LICB","medium_airport","Comiso","36.99583","14.60889","IT"
"LICC","large_airport","Catania-Fontanarossa","37.466801","15.0664","IT"
"LICD","medium_airport","Lampedusa","35.497898","12.6181","IT"
"LICG","medium_airport","Pantelleria","36.816502","11.9689","IT"
"LICJ","large_airport","Falcone–Borsellino","38.175999","13.091","IT"
"LICP","medium_airport","Palermo-Boccadifalco","38.115919","13.31337","IT"
"LICR","medium_airport","Reggio Calabria","38.071201","15.6516","IT"
"LICT","medium_airport","Vincenzo Florio Trapani-Birgi","37.9114","12.488","IT"
"LICZ","medium_airport","Sigonella Navy Air Base","37.401699","14.9224","IT"
"LIDT","medium_airport","Trento-Mattarello","46.023333","11.125","IT"
"LIEA","medium_airport","Alghero-Fertilia","40.632099","8.29077","IT"
"LIED","medium_airport","Decimomannu Air Base","39.354198","8.97248","IT"
"LIEE","large_airport","Cagliari Elmas","39.251499","9.05428","IT"
"LIEO","large_airport","Olbia Costa Smeralda","40.898953","9.518457","IT"
"LIET","medium_airport","Tortolì","39.9188","9.68298","IT"
"LILE","medium_airport","Biella-Cerrione Airfield","45.4953","8.10278","IT"
"LILN","medium_airport","Varese-Venegono","45.742199","8.888233","IT"
"LIMA","medium_airport","Torino-Aeritalia","45.084444","7.603056","IT"
"LIMC","large_airport","Milan Malpensa International","45.6306","8.72811","IT"
"LIME","large_airport","Il Caravaggio International","45.669362","9.708851","IT"
"LIMF","large_airport","Turin","45.200802","7.64963","IT"
"LIMG","medium_airport","Riviera Villanova d'Albenga International","44.050598","8.12743","IT"
"LIMJ","large_airport","Genoa Cristoforo Colombo","44.412039","8.840732","IT"
"LIML","large_airport","Milano Linate","45.445099","9.27674","IT"
"LIMN","medium_airport","Cameri Air Base","45.529598","8.66922","IT"
"LIMP","medium_airport","Parma","44.826351","10.29705","IT"
"LIMR","medium_airport","Novi Ligure Eugenio Mossi Airfield","44.779999","8.78639","IT"
"LIMS","medium_airport","Piacenza San Damiano Air Base","44.91442","9.722318","IT"
"LIMW","medium_airport","Aosta Corrado Gex","45.738552","7.3683","IT"
"LIMZ","medium_airport","Cuneo International","44.547458","7.623045","IT"
"LIPA","medium_airport","Aviano Air Base","46.031898","12.596503","IT"
"LIPB","medium_airport","Bolzano","46.459245","11.326125","IT"
"LIPC","medium_airport","Cervia Air Base","44.224201","12.3072","IT"
"LIPE","large_airport","Bologna Guglielmo Marconi","44.5354","11.2887","IT"
"LIPH","large_airport","Treviso","45.648399","12.1944","IT"
"LIPI","medium_airport","Udine-Rivolto Air Base","45.978699","13.0493","IT"
"LIPK","medium_airport","Forlì-Luigi Ridolfi International","44.194801","12.0701","IT"
"LIPL","medium_airport","Ghedi Air Base","45.432551","10.268612","IT"
"LIPO","medium_airport","Brescia Gabriele d'Annunzio","45.428902","10.3306","IT"
"LIPQ","large_airport","Trieste","45.827862","13.466672","IT"
"LIPR","large_airport","Federico Fellini International","44.020024","12.612198","IT"
"LIPS","medium_airport","Istrana Air Base","45.684382","12.086594","IT"
"LIPU","medium_airport","Padova Gino Allegri Airfield","45.395316","11.847124","IT"
"LIPX","large_airport","Verona Villafranca Valerio Catullo","45.394955","10.887303","IT"
"LIPY","medium_airport","Marche","43.616299","13.3623","IT"
"LIPZ","large_airport","Venice Marco Polo","45.505299","12.3519","IT"
"LIQS","medium_airport","Siena-Ampugnano","43.254942","11.255084","IT"
"LIQW","medium_airport","Sarzana-Luni Bartolomeo Arrigoni","44.087375","9.987877","IT"
"LIRA","large_airport","Ciampino–G. B. Pastine International","41.798769","12.595331","IT"
"LIRE","medium_airport","Pratica di Mare Air Base","41.654499","12.4452","IT"
"LIRF","large_airport","Rome–Fiumicino Leonardo da Vinci International","41.804532","12.251998","IT"
"LIRG","medium_airport","Guidonia Air Base","41.990299","12.7408","IT"
"LIRI","medium_airport","Salerno Costa d'Amalfi","40.620399","14.9113","IT"
"LIRJ","medium_airport","Marina di Campo","42.760871","10.239811","IT"
"LIRL","medium_airport","Latina Air Base","41.5424","12.909","IT"
"LIRM","medium_airport","Grazzanise Air Base","41.060799","14.0819","IT"
"LIRN","large_airport","Naples International","40.886002","14.2908","IT"
"LIRP","large_airport","Pisa International","43.683899","10.3927","IT"
"LIRQ","large_airport","Florence, Peretola","43.808558","11.202822","IT"
"LIRS","medium_airport","Grosseto Corrado Baccarini Air Base / Grosseto","42.759701","11.0719","IT"
"LIRU","medium_airport","Rome Urbe","41.952096","12.502231","IT"
"LIRV","medium_airport","Viterbo","42.435297","12.061362","IT"
"LIRZ","large_airport","Perugia San Francesco d'Assisi – Umbria International","43.095901","12.5132","IT"
"LJCE","medium_airport","Cerklje ob Krki Air Base","45.900002","15.5302","SI"
"LJLJ","large_airport","Ljubljana Jože Pučnik","46.223701","14.4576","SI"
"LJMB","medium_airport","Maribor Edvard Rusjan","46.4799","15.6861","SI"
"LJPZ","medium_airport","Portorož","45.47201","13.615951","SI"
"LKCS","large_airport","České Budějovice South Bohemian","48.948171","14.42832","CZ"
"LKCV","medium_airport","Čáslav Air Base","49.939701","15.3818","CZ"
"LKKB","medium_airport","Prague–Kbely Air Base","50.121399","14.5436","CZ"
"LKKU","medium_airport","Kunovice","49.0294","17.439699","CZ"
"LKKV","large_airport","Karlovy Vary","50.202999","12.915","CZ"
"LKLN","medium_airport","Plzeň-Líně","49.675201","13.2746","CZ"
"LKMT","large_airport","Leoš Janáček Ostrava","49.696301","18.111099","CZ"
"LKNA","medium_airport","Náměšť Air Base","49.166272","16.123981","CZ"
"LKPD","large_airport","Pardubice","50.015049","15.73981","CZ"
"LKPO","medium_airport","Přerov Air Base","49.4258","17.404699","CZ"
"LKPR","large_airport","Václav Havel Prague","50.100874","14.259911","CZ"
"LKTB","medium_airport","Brno-Tuřany","49.151276","16.693972","CZ"
"LKVO","medium_airport","Vodochody","50.216599","14.3958","CZ"
"LLBG","large_airport","Ben Gurion International","32.011398","34.8867","IL"
"LLEK","medium_airport","Tel Nof Air Base","31.8395","34.8218","IL"
"LLER","large_airport","Ramon International","29.727009","35.014116","IL"
"LLHA","medium_airport","Uri Michaeli Haifa International","32.810219","35.043719","IL"
"LLIB","medium_airport","Rosh Pina","32.980999","35.571899","IL"
"LLMZ","medium_airport","Bar Yehuda Airfield","31.328199","35.388599","IL"
"LLNV","medium_airport","Nevatim Air Base","31.20829964","35.01229858","IL"
"LLRD","medium_airport","Ramat David Air Base","32.6651","35.179501","IL"
"LLRM","medium_airport","Ramon Air Base","30.7761","34.666698","IL"
"LMML","large_airport","Malta International","35.845932","14.491546","MT"
"LOAN","medium_airport","Wiener Neustadt East","47.8433","16.260099","AT"
"LOWG","large_airport","Graz","46.9911","15.4396","AT"
"LOWI","large_airport","Innsbruck","47.260201","11.344","AT"
"LOWK","large_airport","Klagenfurt","46.642502","14.3377","AT"
"LOWL","large_airport","Linz-Hörsching","48.235362","14.188128","AT"
"LOWS","large_airport","Salzburg","47.793301","13.0043","AT"
"LOWW","large_airport","Vienna International","48.110298","16.5697","AT"
"LOXN","medium_airport","Wiener Neustadt West","47.836933","16.221838","AT"
"LOXZ","medium_airport","Hinterstoisser Air Base","47.202801","14.7442","AT"
"LPAR","medium_airport","Alverca Air Base","38.883301","-9.0301","PT"
"LPAZ","medium_airport","Santa Maria","36.97140121","-25.17060089","PT"
"LPBG","medium_airport","Bragança","41.8578","-6.70713","PT"
"LPBJ","medium_airport","Beja / Airbase","38.078899","-7.9324","PT"
"LPBR","medium_airport","Braga Municipal Aerodrome","41.587","-8.445189","PT"
"LPCB","medium_airport","Aerodromo de Castelo Branco","39.844528","-7.439875","PT"
"LPCO","medium_airport","Aerodromo Municipal de Coimbra","40.158758","-8.470815","PT"
"LPCS","medium_airport","Cascais","38.724998","-9.35523","PT"
"LPEV","medium_airport","Évora Airfield","38.533501","-7.88964","PT"
"LPFL","medium_airport","Flores","39.45529938","-31.13139915","PT"
"LPFR","large_airport","Faro - Gago Coutinho International","37.015909","-7.970939","PT"
"LPGR","medium_airport","Graciosa","39.09220123","-28.02980042","PT"
"LPHR","medium_airport","Horta","38.51990128","-28.71590042","PT"
"LPLA","medium_airport","Lajes","38.761799","-27.090799","PT"
"LPMA","large_airport","Cristiano Ronaldo International","32.697812","-16.774613","PT"
"LPMR","medium_airport","Monte Real Air Base","39.828335","-8.8875","PT"
"LPMT","medium_airport","Montijo Air Base","38.70929","-9.03368","PT"
"LPOV","medium_airport","Ovar Air Base","40.915901","-8.64592","PT"
"LPPD","large_airport","João Paulo II","37.74119949","-25.69790077","PT"
"LPPI","medium_airport","Pico","38.554298","-28.441299","PT"
"LPPM","medium_airport","Portimão","37.1493","-8.58396","PT"
"LPPR","large_airport","Francisco de Sá Carneiro","41.24810028","-8.681389809","PT"
"LPPS","medium_airport","Porto Santo","33.07339859","-16.35000038","PT"
"LPPT","large_airport","Lisbon Humberto Delgado","38.7813","-9.13592","PT"
"LPSJ","medium_airport","São Jorge","38.665501","-28.1758","PT"
"LPSO","medium_airport","Aeródromo Municipal de Ponte de Sor","39.211545","-8.057787","PT"
"LPST","medium_airport","Sintra Air Base","38.8311","-9.33955","PT"
"LPTN","medium_airport","Tancos Airbase","39.475101","-8.36458","PT"
"LPVL","medium_airport","Vilar de Luz Airfield","41.27729","-8.516209","PT"
"LPVR","medium_airport","Vila Real","41.2743","-7.72047","PT"
"LPVZ","medium_airport","Aerodromo Goncalves Lobato (Viseu)","40.725498","-7.88899","PT"
"LQBK","large_airport","Banja Luka International","44.941399","17.297501","BA"
"LQMO","large_airport","Mostar International","43.282489","17.846101","BA"
"LQSA","large_airport","Sarajevo International","43.8246","18.331499","BA"
"LQTZ","large_airport","Tuzla International","44.459858","18.723627","BA"
"LRAR","medium_airport","Arad International","46.176136","21.264322","RO"
"LRBC","large_airport","Bacău George Enescu International ","46.5219","26.910299","RO"
"LRBM","medium_airport","Maramureș International","47.658444","23.464445","RO"
"LRBS","large_airport","Bucharest Băneasa Aurel Vlaicu International","44.503133","26.102944","RO"
"LRBV","large_airport","Brașov-Ghimbav International","45.70558","25.522871","RO"
"LRCK","large_airport","Mihail Kogălniceanu International","44.362202","28.4883","RO"
"LRCL","large_airport","Avram Iancu Cluj International","46.786042","23.685733","RO"
"LRCS","medium_airport","Caransebeş","45.420142","22.252507","RO"
"LRCT","medium_airport","Câmpia Turzii Air Base","46.5023","23.8859","RO"
"LRCV","large_airport","Craiova International","44.3181","23.888599","RO"
"LRIA","large_airport","Iaşi International","47.179633","27.621431","RO"
"LROD","large_airport","Oradea International","47.025299","21.9025","RO"
"LROP","large_airport","Bucharest Henri Coandă International","44.571792","26.103285","RO"
"LRSB","large_airport","Sibiu International","45.785841","24.086666","RO"
"LRSM","medium_airport","Satu Mare International","47.7033","22.8857","RO"
"LRSV","large_airport","Suceava Ștefan cel Mare International","47.6875","26.354099","RO"
"LRTC","medium_airport","Tulcea Danube Delta","45.0625","28.7143","RO"
"LRTM","medium_airport","Târgu Mureş Transilvania International","46.467701","24.4125","RO"
"LRTR","large_airport","Timișoara Traian Vuia International","45.809898","21.3379","RO"
"LSGC","medium_airport","Les Eplatures","47.08390045","6.792840004","CH"
"LSGG","large_airport","Geneva International","46.238098","6.10895","CH"
"LSGS","medium_airport","Sion","46.219166","7.326944","CH"
"LSMA","medium_airport","Alpnach Air Base","46.943901","8.28417","CH"
"LSMD","medium_airport","Dübendorf Air Base","47.398602","8.64823","CH"
"LSME","medium_airport","Emmen Air Base","47.092444","8.305184","CH"
"LSMP","medium_airport","Payerne Air Base","46.8432","6.91506","CH"
"LSZA","medium_airport","Lugano","46.004299","8.91058","CH"
"LSZB","medium_airport","Bern","46.912736","7.498819","CH"
"LSZG","medium_airport","Grenchen Airfield","47.181599","7.41719","CH"
"LSZH","large_airport","Zürich","47.458056","8.548056","CH"
"LSZR","medium_airport","Sankt Gallen Altenrhein","47.485001","9.56077","CH"
"LSZS","medium_airport","Engadin","46.5341","9.88411","CH"
"LTAC","large_airport","Esenboğa International","40.128101","32.995098","TR"
"LTAD","medium_airport","Etimesgut Air Base","39.94979858","32.68859863","TR"
"LTAE","medium_airport","Akıncı Air Base","40.078899","32.565601","TR"
"LTAF","large_airport","Adana Şakirpaşa","36.982201","35.280399","TR"
"LTAG","medium_airport","İncirlik Air Base","37.002102","35.4259","TR"
"LTAH","medium_airport","Afyon Air Base","38.726398","30.601101","TR"
"LTAI","large_airport","Antalya International","36.898701","30.800501","TR"
"LTAJ","large_airport","Gaziantep Oğuzeli International","36.947201","37.478699","TR"
"LTAL","medium_airport","Kastamonu","41.314201","33.795799","TR"
"LTAN","large_airport","Konya","37.979","32.561901","TR"
"LTAS","medium_airport","Zonguldak Çaycuma","41.506401","32.0886","TR"
"LTAT","medium_airport","Malatya Erhaç","38.43529892","38.0909996","TR"
"LTAU","large_airport","Kayseri Erkilet International","38.770401","35.495399","TR"
"LTAV","medium_airport","Sivrihisar","39.4515","31.365299","TR"
"LTAW","medium_airport","Tokat","40.32472","36.39056","TR"
"LTAY","medium_airport","Çardak","37.78559875","29.70129967","TR"
"LTAZ","large_airport","Nevşehir Kapadokya","38.7719","34.5345","TR"
"LTBA","large_airport","İstanbul Atatürk","40.971913","28.823714","TR"
"LTBF","medium_airport","Balıkesir","39.619301","27.926001","TR"
"LTBG","medium_airport","Bandırma","40.318001","27.977699","TR"
"LTBH","medium_airport","Çanakkale","40.13769913","26.42679977","TR"
"LTBI","medium_airport","Eskişehir Air Base","39.7841","30.5821","TR"
"LTBJ","large_airport","Adnan Menderes International","38.2924","27.157","TR"
"LTBL","medium_airport","Çiğli Airbase","38.513","27.010099","TR"
"LTBN","medium_airport","Kütahya","39.426701","30.016899","TR"
"LTBO","medium_airport","Uşak","38.681499","29.471701","TR"
"LTBQ","medium_airport","Cengiz Topel","40.735001","30.0833","TR"
"LTBR","medium_airport","Bursa Yenişehir","40.255199","29.562599","TR"
"LTBS","large_airport","Dalaman International","36.7131","28.7925","TR"
"LTBT","medium_airport","Akhisar / Akhisar Air Base","38.808899","27.8339","TR"
"LTBU","medium_airport","Tekirdağ Çorlu","41.138199","27.9191","TR"
"LTBX","medium_airport","İstanbul Samandıra Army Air Base","40.993","29.216499","TR"
"LTBY","large_airport","Hasan Polatkan","39.811644","30.519268","TR"
"LTCA","medium_airport","Elazığ","38.597974","39.28348","TR"
"LTCB","medium_airport","Ordu–Giresun","40.966872","38.085995","TR"
"LTCC","medium_airport","Diyarbakır","37.893902","40.201","TR"
"LTCD","medium_airport","Erzincan","39.71020126","39.52700043","TR"
"LTCE","medium_airport","Erzurum International","39.956501","41.1702","TR"
"LTCF","medium_airport","Kars","40.56219864","43.11500168","TR"
"LTCG","medium_airport","Trabzon International","40.995098","39.7897","TR"
"LTCI","medium_airport","Van Ferit Melen","38.46820068","43.33229828","TR"
"LTCJ","medium_airport","Batman","37.929001","41.1166","TR"
"LTCK","medium_airport","Muş","38.74779892","41.66120148","TR"
"LTCL","medium_airport","Siirt","37.97890091","41.8404007","TR"
"LTCM","medium_airport","Sinop","42.018313","35.071774","TR"
"LTCN","medium_airport","Kahramanmaraş","37.53882599","36.95352173","TR"
"LTCO","medium_airport","Ağrı","39.655642","43.025742","TR"
"LTCP","medium_airport","Adıyaman","37.7314","38.468899","TR"
"LTCR","medium_airport","Mardin","37.22330093","40.63169861","TR"
"LTCS","large_airport","Şanlıurfa GAP","37.445663","38.895592","TR"
"LTCT","medium_airport","Iğdır","39.976627","43.876648","TR"
"LTCV","medium_airport","Şırnak Şerafettin Elçi","37.3647","42.0582","TR"
"LTCW","medium_airport","Hakkari Yüksekova","37.5497","44.2381","TR"
"LTDA","medium_airport","Hatay","36.36079","36.285589","TR"
"LTDB","large_airport","Çukurova International","36.891478","35.071235","TR"
"LTFC","medium_airport","Süleyman Demirel International","37.8554","30.368401","TR"
"LTFD","large_airport","Balıkesir Koca Seyit","39.552533","27.010192","TR"
"LTFE","large_airport","Milas Bodrum International","37.249314","27.66401","TR"
"LTFG","medium_airport","Gazipaşa-Alanya","36.298832","32.297017","TR"
"LTFH","medium_airport","Samsun-Çarşamba","41.253988","36.567546","TR"
"LTFJ","large_airport","Istanbul Sabiha Gökçen International","40.898602","29.3092","TR"
"LTFM","large_airport","İstanbul","41.274874","28.732136","TR"
"LTFO","large_airport","Rize–Artvin","41.179766","40.848802","TR"
"LUBL","medium_airport","Bălți-Leadoveni International","47.837666","27.781108","MD"
"LUBM","medium_airport","Mărculești Air Base","47.862701","28.212799","MD"
"LUCH","medium_airport","Cahul International","45.8438","28.2637","MD"
"LUKK","large_airport","Chişinău International","46.92774","28.931704","MD"
"LUTR","medium_airport","Tiraspol Airfield","46.868099","29.590599","MD"
"LWOH","large_airport","Ohrid St. Paul the Apostle","41.18","20.7423","MK"
"LWSK","large_airport","Skopje International","41.958087","21.622581","MK"
"LXGB","large_airport","Gibraltar","36.151679","-5.34978","GI"
"LYBE","large_airport","Belgrade Nikola Tesla","44.818401","20.309099","RS"
"LYBT","medium_airport","Batajnica Air Base","44.935299","20.2575","RS"
"LYKV","medium_airport","Morava","43.817519","20.586662","RS"
"LYNI","large_airport","Niš Constantine the Great","43.336538","21.856242","RS"
"LYPG","large_airport","Podgorica / Podgorica Golubovci Airbase","42.359402","19.2519","ME"
"LYTV","medium_airport","Tivat","42.404701","18.723301","ME"
"LYUZ","medium_airport","Ponikve","43.898899","19.697701","RS"
"LZIB","large_airport","M. R. Štefánik","48.1702","17.2127","SK"
"LZKZ","medium_airport","Košice International","48.663101","21.2411","SK"
"LZMC","medium_airport","Malacky/Kuchyňa Air Base","48.402","17.118401","SK"
"LZPP","medium_airport","Piešťany","48.62519836","17.82839966","SK"
"LZSL","medium_airport","Sliač","48.63779831","19.13409996","SK"
"LZTT","medium_airport","Poprad-Tatry","49.070994","20.241394","SK"
"LZZI","medium_airport","Žilina-Dolný Hričov","49.233292","18.613386","SK"
"MBGT","medium_airport","JAGS McCartney International","21.4445","-71.142303","TC"
"MBNC","medium_airport","North Caicos","21.916094","-71.942954","TC"
"MBPV","large_airport","Providenciales International","21.773697","-72.268321","TC"
"MBSC","medium_airport","South Caicos","21.515699","-71.528503","TC"
"MDBH","medium_airport","Maria Montez International","18.25149918","-71.12039948","DO"
"MDCR","medium_airport","Cabo Rojo","17.92900085","-71.64479828","DO"
"MDCY","medium_airport","Samaná El Catey International","19.269259","-69.737405","DO"
"MDJB","medium_airport","La Isabela International","18.57250023","-69.98560333","DO"
"MDLR","large_airport","Casa De Campo International","18.452222","-68.911111","DO"
"MDPC","large_airport","Punta Cana International","18.567093","-68.364558","DO"
"MDPP","medium_airport","Gregorio Luperon International","19.7579","-70.57","DO"
"MDSD","large_airport","Las Américas International","18.42970085","-69.66889954","DO"
"MDSI","medium_airport","San Isidro Air Base","18.50370026","-69.76170349","DO"
"MDST","large_airport","Cibao International","19.40406","-70.604431","DO"
"MGCB","medium_airport","Coban","15.469","-90.4067","GT"
"MGGT","large_airport","La Aurora International","14.582896","-90.527515","GT"
"MGPB","medium_airport","Puerto Barrios","15.7309","-88.583801","GT"
"MGRB","medium_airport","Rubelsanto","15.992","-90.445297","GT"
"MGRT","medium_airport","Retalhuleu","14.521431","-91.697001","GT"
"MGSJ","medium_airport","San José","13.9362","-90.8358","GT"
"MGTK","medium_airport","Mundo Maya International","16.913707","-89.866143","GT"
"MHLC","medium_airport","Golosón International","15.7425","-86.852997","HN"
"MHLM","large_airport","Ramón Villeda Morales International","15.4526","-87.923599","HN"
"MHNJ","medium_airport","La Laguna","16.4454","-85.906601","HN"
"MHRO","large_airport","Juan Manuel Gálvez International","16.316799","-86.523003","HN"
"MHSC","large_airport","Palmerola International","14.3824","-87.621201","HN"
"MHTE","medium_airport","Tela","15.7759","-87.4758","HN"
"MHTG","medium_airport","Toncontín","14.0609","-87.217201","HN"
"MHTJ","medium_airport","Trujillo","15.926599","-85.938573","HN"
"MKBS","medium_airport","Ian Fleming International","18.404079","-76.969754","JM"
"MKJP","large_airport","Norman Manley International","17.93569946","-76.78749847","JM"
"MKJS","large_airport","Sangster International","18.50342","-77.91323","JM"
"MKKJ","medium_airport","Ken Jones","18.19879913","-76.53450012","JM"
"MKTP","medium_airport","Tinson Pen","17.98859978","-76.82379913","JM"
"MMAA","large_airport","General Juan N. Álvarez International","16.757126","-99.753113","MX"
"MMAN","medium_airport","Del Norte International","25.865601","-100.237","MX"
"MMAS","large_airport","Aguascalientes International","21.699589","-102.318372","MX"
"MMBT","large_airport","Bahías de Huatulco International","15.775437","-96.260456","MX"
"MMCB","medium_airport","General Mariano Matamoros International","18.833922","-99.261818","MX"
"MMCC","medium_airport","Ciudad Acuña International","29.333662","-101.100555","MX"
"MMCE","medium_airport","Ciudad del Carmen International","18.651516","-91.799355","MX"
"MMCL","large_airport","Bachigualato Federal International","24.76504","-107.475228","MX"
"MMCM","medium_airport","Chetumal International","18.504985","-88.328018","MX"
"MMCN","medium_airport","Ciudad Obregón International","27.39259911","-109.8330002","MX"
"MMCP","medium_airport","Ingeniero Alberto Acuña Ongay International","19.815969","-90.500125","MX"
"MMCS","large_airport","Abraham González International","31.636673","-106.428533","MX"
"MMCU","large_airport","General Roberto Fierro Villalobos International","28.702649","-105.963764","MX"
"MMCV","medium_airport","General Pedro Jose Mendez International","23.7033","-98.956497","MX"
"MMCY","medium_airport","Captain Rogelio Castillo National","20.545998","-100.886539","MX"
"MMCZ","large_airport","Cozumel International","20.514922","-86.928538","MX"
"MMDO","medium_airport","General Guadalupe Victoria International","24.125468","-104.527938","MX"
"MMEP","medium_airport","Amado Nervo National","21.419833","-104.842472","MX"
"MMES","medium_airport","Ensenada International / El Ciprés Air Base","31.794516","-116.602384","MX"
"MMGL","large_airport","Guadalajara International","20.523342","-103.310108","MX"
"MMGM","medium_airport","General José María Yáñez International","27.96899986","-110.9250031","MX"
"MMHO","large_airport","General Ignacio L. Pesqueira International","29.092811","-111.053015","MX"
"MMIA","medium_airport","Licenciado Miguel de la Madrid International","19.277","-103.577002","MX"
"MMIO","medium_airport","Plan de Guadalupe International","25.53786","-100.928346","MX"
"MMIT","medium_airport","General Antonio Cárdenas Rodríguez National / Ixtepec Air Base","16.445961","-95.093708","MX"
"MMJA","medium_airport","El Lencero","19.475107","-96.797008","MX"
"MMLC","medium_airport","Lázaro Cárdenas","18.001672","-102.220316","MX"
"MMLM","medium_airport","Valle del Fuerte International","25.685503","-109.081159","MX"
"MMLO","large_airport","Guanajuato International","20.992695","-101.480284","MX"
"MMLP","medium_airport","Manuel Márquez de León International","24.072331","-110.362662","MX"
"MMLT","large_airport","Loreto International","25.989549","-111.348408","MX"
"MMMA","medium_airport","General Servando Canales International","25.76989937","-97.52529907","MX"
"MMMD","large_airport","Manuel Crescencio Rejón International","20.930485","-89.645462","MX"
"MMML","medium_airport","General Rodolfo Sánchez Taboada International","32.630629","-115.242805","MX"
"MMMM","large_airport","General Francisco J. Mujica International","19.849899","-101.025002","MX"
"MMMT","medium_airport","Minatitlán/Coatzacoalcos International","18.103399","-94.580704","MX"
"MMMV","medium_airport","Monclova International","26.9557","-101.470001","MX"
"MMMX","large_airport","Mexico City Benito Juárez International","19.435822","-99.07033","MX"
"MMMY","large_airport","Monterrey International","25.778521","-100.106989","MX"
"MMMZ","large_airport","General Rafael Buelna International","23.162823","-106.264517","MX"
"MMNG","medium_airport","Nogales International","31.225756","-110.976934","MX"
"MMNL","medium_airport","Quetzalcóatl International","27.443899","-99.570503","MX"
"MMOX","large_airport","Xoxocotlán International","16.998773","-96.726092","MX"
"MMPA","medium_airport","El Tajín National","20.60269928","-97.46080017","MX"
"MMPB","large_airport","Hermanos Serdán International","19.158465","-98.371582","MX"
"MMPG","medium_airport","Piedras Negras International","28.627873","-100.53524","MX"
"MMPN","medium_airport","Uruapan - Licenciado y General Ignacio Lopez Rayon International","19.3967","-102.039001","MX"
"MMPR","large_airport","Puerto Vallarta International","20.679913","-105.254391","MX"
"MMPS","medium_airport","Puerto Escondido International","15.876808","-97.0891","MX"
"MMQT","large_airport","Querétaro Intercontinental","20.618779","-100.186449","MX"
"MMRX","medium_airport","General Lucio Blanco International","26.0089","-98.2285","MX"
"MMSD","large_airport","Los Cabos International","23.151919","-109.720731","MX"
"MMSL","medium_airport","Cabo San Lucas International","22.949072","-109.939479","MX"
"MMSM","large_airport","Felipe Ángeles International","19.743824","-99.01507","MX"
"MMSP","medium_airport","Ponciano Arriaga International","22.262026","-100.935692","MX"
"MMTB","medium_airport","Terán Air Base","16.739901","-93.173301","MX"
"MMTC","medium_airport","Francisco Sarabia Tinoco International","25.562265","-103.404608","MX"
"MMTG","medium_airport","Angel Albino Corzo International","16.561611","-93.025731","MX"
"MMTJ","large_airport","General Abelardo L. Rodriguez International","32.541043","-116.969976","MX"
"MMTL","large_airport","Felipe Carrillo Puerto International Tulum","20.172098","-87.660272","MX"
"MMTM","medium_airport","General Francisco Javier Mina International","22.292622","-97.867058","MX"
"MMTO","large_airport","Adolfo López Mateos International","19.3369","-99.56583","MX"
"MMTP","medium_airport","Tapachula International","14.794549","-92.369871","MX"
"MMUN","large_airport","Cancún International","21.040817","-86.87347","MX"
"MMVA","large_airport","Carlos Rovirosa Pérez International","17.994283","-92.818199","MX"
"MMVR","large_airport","General Heriberto Jara International","19.139589","-96.188602","MX"
"MMZC","medium_airport","General Leobardo C. Ruiz International","22.894942","-102.687154","MX"
"MMZH","large_airport","Ixtapa-Zihuatanejo International","17.601771","-101.460629","MX"
"MMZO","medium_airport","Playa de Oro International","19.1448","-104.558998","MX"
"MNBL","medium_airport","Bluefields","11.991","-83.774101","NI"
"MNMG","large_airport","Augusto C. Sandino (Managua) International","12.1415","-86.168198","NI"
"MNPC","medium_airport","Puerto Cabezas","14.0472002","-83.38670349","NI"
"MPBO","medium_airport","Bocas del Toro ""Isla Colón"" International","9.34085","-82.250801","PA"
"MPCE","medium_airport","Alonso Valderrama","7.98784","-80.409837","PA"
"MPCH","medium_airport","Changuinola Captain Manuel Niño International","9.458962","-82.515062","PA"
"MPDA","medium_airport","Enrique Malek International","8.388983","-82.436425","PA"
"MPEJ","medium_airport","Enrique Adolfo Jimenez","9.35664","-79.867401","PA"
"MPMG","medium_airport","Marcos A. Gelabert International","8.97334","-79.555603","PA"
"MPSA","medium_airport","Ruben Cantu","8.085599899","-80.94529724","PA"
"MPTO","large_airport","Tocumen International","9.07136","-79.383499","PA"
"MRAN","medium_airport","La Fortuna Arenal","10.469311","-84.579073","CR"
"MRAO","medium_airport","Aerotortuguero","10.42","-83.6095","CR"
"MRBA","medium_airport","Buenos Aires","9.163949","-83.330171","CR"
"MRBC","medium_airport","Barra del Colorado","10.7687","-83.585602","CR"
"MRCC","medium_airport","Coto 47","8.60156","-82.968754","CR"
"MRGF","medium_airport","Golfito","8.65401","-83.182198","CR"
"MRGP","medium_airport","Guapiles","10.21720028","-83.79699707","CR"
"MRLB","large_airport","Daniel Oduber Quirós International","10.5933","-85.544403","CR"
"MRLC","medium_airport","Los Chiles","11.0353","-84.7061","CR"
"MRLM","medium_airport","Limón International","9.95796","-83.022003","CR"
"MRNS","medium_airport","Nosara","9.976490021","-85.65299988","CR"
"MROC","large_airport","Juan Santamaría International","9.99386","-84.208801","CR"
"MRPJ","medium_airport","Puerto Jimenez","8.533329964","-83.30000305","CR"
"MRPM","medium_airport","Palmar Sur","8.95103","-83.468597","CR"
"MRPV","medium_airport","Tobías Bolaños International","9.95705","-84.139801","CR"
"MRQP","medium_airport","Quepos Managua","9.44316","-84.129799","CR"
"MRUP","medium_airport","Upala","10.8922","-85.016197","CR"
"MSLP","large_airport","El Salvador International Saint Óscar Arnulfo Romero y Galdámez","13.44447","-89.055784","SV"
"MSSS","medium_airport","Ilopango International","13.6995","-89.119904","SV"
"MTCA","medium_airport","Antoine-Simon International","18.271099","-73.7883","HT"
"MTCH","large_airport","Cap Haitien International","19.725547","-72.20071","HT"
"MTJA","medium_airport","Jacmel","18.2411","-72.518501","HT"
"MTJE","medium_airport","Jérémie","18.663099","-74.170303","HT"
"MTPP","large_airport","Toussaint Louverture International","18.580023","-72.292596","HT"
"MTPX","medium_airport","Port-de-Paix","19.934045","-72.84801","HT"
"MUBA","medium_airport","Gustavo Rizo","20.36529922","-74.5062027","CU"
"MUBY","medium_airport","Carlos Manuel de Cespedes","20.3964","-76.621399","CU"
"MUCA","medium_airport","Máximo Gómez","22.0271","-78.789597","CU"
"MUCC","medium_airport","Jardines Del Rey","22.46100044","-78.32839966","CU"
"MUCF","medium_airport","Jaime Gonzalez","22.14999962","-80.41419983","CU"
"MUCL","medium_airport","Vilo Acuña International","21.61650085","-81.54599762","CU"
"MUCM","large_airport","Ignacio Agramonte International","21.419909","-77.848039","CU"
"MUCU","large_airport","Antonio Maceo International","19.97474","-75.835504","CU"
"MUGM","medium_airport","Leeward Point Field","19.9065","-75.2071","CU"
"MUGT","medium_airport","Mariana Grajales","20.0853","-75.158302","CU"
"MUHA","large_airport","José Martí International","22.98920059","-82.40910339","CU"
"MUHG","large_airport","Frank Pais International","20.785148","-76.315526","CU"
"MUKW","medium_airport","Kawama","23.124001","-81.301598","CU"
"MUMO","medium_airport","Orestes Acosta","20.65390015","-74.92220306","CU"
"MUMZ","medium_airport","Sierra Maestra International","20.288605","-77.087545","CU"
"MUNB","medium_airport","San Nicolás de Bari","22.756514","-81.920743","CU"
"MUNG","medium_airport","Rafael Cabrera","21.83469963","-82.78379822","CU"
"MUPB","medium_airport","Playa Baracoa","23.032801","-82.579399","CU"
"MUSC","large_airport","Abel Santamaria International","22.492215","-79.943119","CU"
"MUSJ","medium_airport","San Julián Air Base","22.100525","-84.157376","CU"
"MUSN","medium_airport","Siguanea","21.6425","-82.955101","CU"
"MUTD","medium_airport","Alberto Delgado","21.7883","-79.9972","CU"
"MUVR","large_airport","Juan Gualberto Gomez International","23.034401","-81.435303","CU"
"MUVT","medium_airport","Hermanos Ameijeiras","20.9876","-76.935799","CU"
"MWCB","medium_airport","Charles Kirkconnell International","19.687","-79.882797","KY"
"MWCL","medium_airport","Edward Bodden Little Cayman Airfield","19.660161","-80.088826","KY"
"MWCR","large_airport","Owen Roberts International","19.292801","-81.357697","KY"
"MYAB","medium_airport","Clarence A. Bain","24.287701","-77.684601","BS"
"MYAF","medium_airport","Andros Town","24.697901","-77.795601","BS"
"MYAK","medium_airport","Congo Town","24.158701","-77.589798","BS"
"MYAM","medium_airport","Leonard M. Thompson International","26.510711","-77.084262","BS"
"MYAN","medium_airport","San Andros","25.05380058","-78.0490036","BS"
"MYAP","medium_airport","Spring Point","22.441799","-73.970901","BS"
"MYAT","medium_airport","Treasure Cay","26.74530029","-77.39129639","BS"
"MYBC","medium_airport","Chub Cay","25.417101","-77.880898","BS"
"MYBG","medium_airport","Great Harbour Cay","25.7383","-77.840103","BS"
"MYBS","medium_airport","South Bimini","25.69989967","-79.26470184","BS"
"MYCA","medium_airport","Arthur's Town","24.6294","-75.673797","BS"
"MYCB","medium_airport","New Bight","24.3153","-75.452301","BS"
"MYCI","medium_airport","Colonel Hill","22.7456","-74.182404","BS"
"MYEF","medium_airport","Exuma International","23.562599","-75.877998","BS"
"MYEH","medium_airport","North Eleuthera","25.475823","-76.680784","BS"
"MYEM","medium_airport","Governor's Harbour","25.2847","-76.331001","BS"
"MYEN","medium_airport","Normans Cay","24.594299","-76.820198","BS"
"MYER","medium_airport","Rock Sound International","24.89165","-76.177602","BS"
"MYES","medium_airport","Staniel Cay","24.1691","-76.439102","BS"
"MYGF","large_airport","Grand Bahama International","26.557996","-78.695583","BS"
"MYIG","medium_airport","Inagua","20.975","-73.666901","BS"
"MYLD","medium_airport","Deadman's Cay","23.17900085","-75.09359741","BS"
"MYLR","medium_airport","Hard Bargain","23.009934","-74.904851","BS"
"MYLS","medium_airport","Stella Maris","23.582317","-75.268621","BS"
"MYMM","medium_airport","Mayaguana","22.379499","-73.013494","BS"
"MYNN","large_airport","Lynden Pindling International","25.039","-77.466202","BS"
"MYRD","medium_airport","Duncan Town","22.181801","-75.7295","BS"
"MYSM","large_airport","San Salvador International","24.063041","-74.523233","BS"
"MZBZ","large_airport","Philip S. W. Goldson International","17.539951","-88.303556","BZ"
"MZPL","medium_airport","Placencia","16.536957","-88.361511","BZ"
"NCRG","large_airport","Rarotonga International","-21.2027","-159.806","CK"
"NFFN","large_airport","Nadi International","-17.761822","177.437843","FJ"
"NFNA","large_airport","Nausori International","-18.044226","178.561486","FJ"
"NFNL","medium_airport","Labasa","-16.4667","179.339996","FJ"
"NFTF","large_airport","Fua'amotu International","-21.241438","-175.149164","TO"
"NFTL","medium_airport","Lifuka Island","-19.77700043","-174.3410034","TO"
"NFTV","large_airport","Vava'u International","-18.5853","-173.962006","TO"
"NGFU","medium_airport","Funafuti International","-8.523885","179.196976","TV"
"NGTA","large_airport","Bonriki International","1.38164","173.147003","KI"
"NGTE","medium_airport","Tabiteuea North","-1.22447","174.776001","KI"
"NIUE","medium_airport","Niue International","-19.080109","-169.923493","NU"
"NLWW","large_airport","Hihifo","-13.239445","-176.19865","WF"
"NSFA","large_airport","Faleolo International","-13.83","-172.007996","WS"
"NSTU","large_airport","Pago Pago International","-14.331","-170.710007","AS"
"NTAA","large_airport","Tahiti Fa'a'ā International","-17.553472","-149.606936","PF"
"NTAR","medium_airport","Rurutu","-22.4340992","-151.3609924","PF"
"NTAT","medium_airport","Tubuai","-23.36540031","-149.5240021","PF"
"NTGA","medium_airport","Anaa","-17.3526","-145.509995","PF"
"NTGB","medium_airport","Fangatau","-15.820044","-140.888071","PF"
"NTGC","medium_airport","Tikehau","-15.1196","-148.231003","PF"
"NTGE","medium_airport","Reao","-18.46652","-136.43855","PF"
"NTGF","medium_airport","Fakarava","-16.05410004","-145.6569977","PF"
"NTGI","medium_airport","Manihi","-14.4368","-146.0700073","PF"
"NTGJ","medium_airport","Totegegie","-23.07990074","-134.8899994","PF"
"NTGK","medium_airport","Kaukura","-15.6633","-146.884995","PF"
"NTGM","medium_airport","Makemo","-16.5839","-143.658005","PF"
"NTGT","medium_airport","Takapoto","-14.70950031","-145.2460022","PF"
"NTGU","medium_airport","Arutua","-15.2482996","-146.6170044","PF"
"NTGV","medium_airport","Mataiva","-14.86810017","-148.7169952","PF"
"NTHE","medium_airport","Ahe","-14.42809963","-146.2570038","PF"
"NTKR","medium_airport","Takaroa","-14.45580006","-145.0249939","PF"
"NTMD","medium_airport","Nuku Hiva","-8.7956","-140.229004","PF"
"NTMN","medium_airport","Hiva Oa-Atuona","-9.768790245","-139.0110016","PF"
"NTTB","medium_airport","Bora Bora","-16.44440079","-151.7510071","PF"
"NTTG","medium_airport","Rangiroa","-14.95429993","-147.6609955","PF"
"NTTH","medium_airport","Huahine-Fare","-16.687084","-151.021593","PF"
"NTTM","medium_airport","Moorea Temae","-17.48979","-149.761777","PF"
"NTTO","medium_airport","Hao","-18.0748","-140.945999","PF"
"NTTP","medium_airport","Maupiti","-16.42650032","-152.2440033","PF"
"NTTR","medium_airport","Raiatea","-16.7229","-151.466003","PF"
"NVSQ","medium_airport","Gaua Island","-14.2181","167.587006","VU"
"NVSS","medium_airport","Santo Pekoa International","-15.50500011","167.2200012","VU"
"NVVV","large_airport","Bauerfield International","-17.699301","168.320007","VU"
"NVVW","medium_airport","Whitegrass","-19.455099","169.223999","VU"
"NWWA","medium_airport","Tiga","-21.096407","167.80379","NC"
"NWWD","medium_airport","Koné","-21.053551","164.838768","NC"
"NWWE","medium_airport","Île des Pins","-22.5889","167.455994","NC"
"NWWL","medium_airport","Lifou","-20.774563","167.239328","NC"
"NWWM","medium_airport","Nouméa Magenta","-22.257706","166.472822","NC"
"NWWR","medium_airport","Maré","-21.482438","168.038465","NC"
"NWWU","medium_airport","Touho","-20.790127","165.259524","NC"
"NWWV","medium_airport","Ouvéa","-20.640932","166.573024","NC"
"NWWW","large_airport","La Tontouta International","-22.014601","166.212997","NC"
"NZAA","large_airport","Auckland International","-37.01199","174.786331","NZ"
"NZAP","medium_airport","Taupo","-38.73970032","176.0839996","NZ"
"NZAR","medium_airport","Ardmore","-37.02970123","174.9730072","NZ"
"NZCH","large_airport","Christchurch International","-43.489029","172.532065","NZ"
"NZCI","medium_airport","Inia William Tuuta Memorial","-43.81189","-176.46514","NZ"
"NZDN","medium_airport","Dunedin International","-45.929017","170.197758","NZ"
"NZGS","medium_airport","Gisborne","-38.6633","177.977997","NZ"
"NZGT","medium_airport","Glentanner","-43.90670013","170.128006","NZ"
"NZHK","medium_airport","Hokitika Airfield","-42.71360016","170.9850006","NZ"
"NZHN","medium_airport","Hamilton International","-37.866961","175.331952","NZ"
"NZKK","medium_airport","Kerikeri","-35.259148","173.913317","NZ"
"NZKT","medium_airport","Kaitaia","-35.069837","173.287053","NZ"
"NZLX","medium_airport","Alexandra Aerodrome","-45.210495","169.371113","NZ"
"NZMC","medium_airport","Mount Cook","-43.764999","170.132996","NZ"
"NZMO","medium_airport","Manapouri","-45.5331","167.649994","NZ"
"NZMS","medium_airport","Hood","-40.974634","175.63454","NZ"
"NZNP","medium_airport","New Plymouth","-39.00859833","174.1790009","NZ"
"NZNR","medium_airport","Hawke's Bay","-39.465801","176.869995","NZ"
"NZNS","medium_airport","Nelson","-41.298302","173.220993","NZ"
"NZNV","medium_airport","Invercargill","-46.41239929","168.3130035","NZ"
"NZOH","medium_airport","RNZAF Base Ohakea","-40.20600128","175.3880005","NZ"
"NZOU","medium_airport","Oamaru","-44.970001","171.082001","NZ"
"NZPM","medium_airport","Palmerston North","-40.320599","175.617004","NZ"
"NZPP","medium_airport","Paraparaumu","-40.90470123","174.9889984","NZ"
"NZQN","large_airport","Queenstown","-45.019205","168.746379","NZ"
"NZRO","medium_airport","Rotorua Regional","-38.1092","176.317001","NZ"
"NZSP","medium_airport","Amundsen–Scott South Pole Station","-90","-1","AQ"
"NZTG","medium_airport","Tauranga","-37.6719017","176.1959991","NZ"
"NZTU","medium_airport","Timaru","-44.30279922","171.2250061","NZ"
"NZUK","medium_airport","Pukaki","-44.23500061","170.1179962","NZ"
"NZWB","medium_airport","Woodbourne","-41.5182991","173.8699951","NZ"
"NZWD","medium_airport","Williams Field Skiway","-77.867401","167.057007","AQ"
"NZWF","medium_airport","Wanaka","-44.722091","169.246287","NZ"
"NZWK","medium_airport","Whakatāne","-37.922224","176.91696","NZ"
"NZWN","large_airport","Wellington International","-41.326839","174.806862","NZ"
"NZWO","medium_airport","Wairoa","-39.011862","177.404401","NZ"
"NZWP","medium_airport","RNZAF Base Auckland-Whenuapai","-36.7878","174.630005","NZ"
"NZWR","medium_airport","Whangarei","-35.769253","174.363713","NZ"
"NZWS","medium_airport","Westport","-41.737111","171.579033","NZ"
"NZWU","medium_airport","Wanganui","-39.963467","175.02444","NZ"
"OAHR","large_airport","Herat - Khwaja Abdullah Ansari International","34.209999","62.228298","AF"
"OAIX","medium_airport","Bagram Airfield","34.946098","69.264999","AF"
"OAJL","medium_airport","Jalalabad","34.399799","70.498596","AF"
"OAKB","large_airport","Kabul International","34.565899","69.212303","AF"
"OAKN","large_airport","Ahmad Shah Baba International","31.505769","65.847963","AF"
"OAKS","medium_airport","Khost International","33.284605","69.80734","AF"
"OAMN","medium_airport","Maymana Zahiraddin Faryabi","35.930801","64.760902","AF"
"OAMS","large_airport","Mazar-i-Sharif International","36.70412","67.210459","AF"
"OAUZ","medium_airport","Kunduz","36.6651","68.910797","AF"
"OBBI","large_airport","Bahrain International","26.267295","50.63764","BH"
"OBBS","medium_airport","Sheik Isa Air Base","25.9184","50.590599","BH"
"OEAB","large_airport","Abha International","18.2404","42.656601","SA"
"OEAH","large_airport","Al-Ahsa International","25.285299","49.485199","SA"
"OEAO","large_airport","Al-Ula International","26.483634","38.117048","SA"
"OEBA","medium_airport","King Saud Bin Abdulaziz (Al Baha)","20.298506","41.636153","SA"
"OEBH","medium_airport","Bisha","19.9844","42.620899","SA"
"OEDF","large_airport","King Fahd International","26.4691","49.798209","SA"
"OEDM","medium_airport","Dawadmi Domestic","24.4499","44.121201","SA"
"OEDR","large_airport","King Abdulaziz Air Base","26.2654","50.152","SA"
"OEGN","medium_airport","Jizan Regional / King Abdullah bin Abdulaziz","16.9011","42.5858","SA"
"OEGS","large_airport","Prince Naif bin Abdulaziz International","26.302799","43.774399","SA"
"OEGT","medium_airport","Gurayat Domestic","31.412413","37.278898","SA"
"OEHL","large_airport","Hail International","27.437901","41.686298","SA"
"OEJB","medium_airport","Jubail","27.039","49.405102","SA"
"OEJF","medium_airport","King Faisal Naval Base","21.348101","39.173","SA"
"OEJN","large_airport","King Abdulaziz International","21.680241","39.157436","SA"
"OEKK","medium_airport","King Khaled Military City","27.9009","45.528198","SA"
"OEKM","medium_airport","King Khalid Air Base","18.2973","42.803501","SA"
"OEMA","large_airport","Prince Mohammad Bin Abdulaziz","24.5534","39.705101","SA"
"OENG","medium_airport","Najran Domestic","17.611401","44.419201","SA"
"OENN","large_airport","Neom Bay","27.924261","35.29358","SA"
"OEPA","large_airport","Qaisumah–Hafar Al-Batin International","28.335726","46.127108","SA"
"OEPS","medium_airport","Prince Sultan Air Base","24.0627","47.580502","SA"
"OERF","medium_airport","Rafha Domestic","29.62639999","43.49060059","SA"
"OERK","large_airport","King Khalid International","24.9576","46.698799","SA"
"OERM","medium_airport","Ras Mishab","28.079599","48.611","SA"
"OERR","medium_airport","Arar Domestic","30.90660095","41.13819885","SA"
"OERT","medium_airport","Ras Tanura","26.723101","50.0308","SA"
"OESH","medium_airport","Sharurah Domestic","17.4669","47.121399","SA"
"OESK","large_airport","Al-Jawf International","29.783301","40.100905","SA"
"OETB","large_airport","Prince Sultan bin Abdulaziz International","28.3711","36.624865","SA"
"OETF","large_airport","Taif International","21.484739","40.544074","SA"
"OETN","medium_airport","Ras Tanajib","27.8678","48.7691","SA"
"OETR","medium_airport","Turaif Domestic","31.692188","38.731544","SA"
"OEWD","medium_airport","Wadi Al Dawasir Domestic","20.504299","45.1996","SA"
"OEWJ","medium_airport","Al Wajh Domestic","26.198601","36.476398","SA"
"OEYN","large_airport","Prince Abdulmohsen Bin Abdulaziz International","24.144199","38.0634","SA"
"OIAA","large_airport","Abadan Ayatollah Jami International","30.367887","48.230075","IR"
"OIAD","medium_airport","Dezful","32.434399","48.397598","IR"
"OIAG","medium_airport","Aghajari","30.7444","49.6772","IR"
"OIAH","medium_airport","Gachsaran","30.333869","50.833796","IR"
"OIAI","medium_airport","Shahid Asiyaee","32.001719","49.268599","IR"
"OIAM","medium_airport","Mahshahr","30.5562","49.151901","IR"
"OIAW","large_airport","Qasem Soleimani International","31.3364","48.763789","IR"
"OIBA","medium_airport","Abu Musa Island","25.8757","55.033001","IR"
"OIBB","medium_airport","Bushehr","28.94479942","50.83459854","IR"
"OIBJ","medium_airport","Jam","27.820499","52.3522","IR"
"OIBK","large_airport","Kish International","26.525427","53.980462","IR"
"OIBL","medium_airport","Bandar Lengeh International","26.532283","54.82484","IR"
"OIBP","medium_airport","Persian Gulf International","27.379601","52.737701","IR"
"OIBQ","medium_airport","Khark","29.260503","50.322193","IR"
"OIBS","medium_airport","Siri","25.908899","54.539398","IR"
"OIBV","medium_airport","Lavan","26.810742","53.354302","IR"
"OICC","medium_airport","Shahid Ashrafi Esfahani","34.34590149","47.15810013","IR"
"OICI","medium_airport","Ilam","33.58660126","46.40480042","IR"
"OICK","medium_airport","Khoram Abad","33.4353981","48.28290176","IR"
"OICS","medium_airport","Sanandaj","35.2458992","47.00920105","IR"
"OIFK","medium_airport","Kashan","33.895302","51.577","IR"
"OIFM","large_airport","Isfahan Shahid Beheshti International","32.755142","51.883877","IR"
"OIFP","medium_airport","Badr Air Base","32.621101","51.696999","IR"
"OIFS","medium_airport","Shahrekord","32.29719925","50.84220123","IR"
"OIGG","medium_airport","Sardar-e-Jangal","37.323333","49.617778","IR"
"OIHH","medium_airport","Hamadan","34.866416","48.56069","IR"
"OIHS","medium_airport","Nojeh Air Base","35.211601","48.6534","IR"
"OIIE","large_airport","Imam Khomeini International","35.41609955","51.15219879","IR"
"OIII","large_airport","Mehrabad International","35.689175","51.314392","IR"
"OIIK","medium_airport","Qazvin","36.240101","50.0471","IR"
"OIIP","large_airport","Payam International","35.7761","50.826698","IR"
"OIKB","large_airport","Bandar Abbas International","27.2183","56.3778","IR"
"OIKJ","medium_airport","Jiroft","28.723519","57.675037","IR"
"OIKK","large_airport","Ayatollah Hashemi Rafsanjani International","30.271276","56.949692","IR"
"OIKM","medium_airport","Bam","29.0842","58.450001","IR"
"OIKQ","large_airport","Qeshm International","26.754639","55.902353","IR"
"OIKR","medium_airport","Rafsanjan","30.298345","56.048979","IR"
"OIKY","medium_airport","Sirjan","29.5509","55.672699","IR"
"OIMB","large_airport","Birjand International","32.896525","59.281258","IR"
"OIMC","medium_airport","Sarakhs","36.501202","61.064899","IR"
"OIMM","large_airport","Mashhad International","36.234821","59.642949","IR"
"OIMN","medium_airport","Bojnord","37.49300003","57.30820084","IR"
"OIMS","medium_airport","Sabzevar National","36.16809845","57.59519958","IR"
"OIMT","medium_airport","Tabas","33.667801","56.8927","IR"
"OING","medium_airport","Gorgan","36.90940094","54.40129852","IR"
"OINN","medium_airport","Nowshahr","36.664286","51.46273","IR"
"OINR","medium_airport","Ramsar","36.90701","50.687316","IR"
"OINZ","medium_airport","Sari Dasht-e Naz International","36.644408","53.188761","IR"
"OISF","medium_airport","Fasa","28.8918","53.723301","IR"
"OISL","medium_airport","Lar","27.6747","54.383301","IR"
"OISR","medium_airport","Lamerd","27.3727","53.188801","IR"
"OISS","large_airport","Shiraz Shahid Dastghaib International","29.5392","52.589802","IR"
"OISY","medium_airport","Yasuj","30.702238","51.542988","IR"
"OITL","medium_airport","Ardabil","38.32569885","48.42440033","IR"
"OITR","medium_airport","Urmia","37.66809845","45.06869888","IR"
"OITT","large_airport","Tabriz International","38.1339","46.235001","IR"
"OITU","medium_airport","Maku National","39.191293","44.928505","IR"
"OITZ","medium_airport","Zanjan","36.77370071","48.3594017","IR"
"OIYY","medium_airport","Shahid Sadooghi","31.9048996","54.2765007","IR"
"OIZB","medium_airport","Zabol","31.098301","61.5439","IR"
"OIZC","medium_airport","Chabahar Konarak International","25.44319","60.382167","IR"
"OIZH","large_airport","Zahedan International","29.4757","60.9062","IR"
"OIZI","medium_airport","Iranshahr","27.236099","60.720001","IR"
"OJAI","large_airport","Queen Alia International","31.72260094","35.99319839","JO"
"OJAM","large_airport","Marka International (Amman Civil)","31.9727","35.9916","JO"
"OJAQ","large_airport","King Hussein International","29.611601","35.018101","JO"
"OJMS","medium_airport","Muwaffaq Salti Air Base","31.8256","36.782001","JO"
"OKAJ","medium_airport","Ahmed Al Jaber Air Base","28.93479919","47.79190063","KW"
"OKAS","medium_airport","Ali Al Salem Air Base","29.346905","47.520118","KW"
"OKKK","large_airport","Kuwait International","29.224487","47.969813","KW"
"OLBA","large_airport","Beirut Rafic Hariri International","33.819833","35.487443","LB"
"OLKA","medium_airport","Rene Mouawad Air Base","34.589298","36.011299","LB"
"OLRA","medium_airport","Rayak Air Base","33.85079956","35.98770142","LB"
"OMAA","large_airport","Zayed International","24.440966","54.649237","AE"
"OMAD","large_airport","Al Bateen Executive","24.427062","54.459866","AE"
"OMAL","large_airport","Al Ain International","24.2617","55.6092","AE"
"OMAM","medium_airport","Al Dhafra Air Base","24.24819946","54.54769897","AE"
"OMBY","medium_airport","Sir Bani Yas","24.283611","52.580278","AE"
"OMDB","large_airport","Dubai International","25.24979","55.370992","AE"
"OMDM","medium_airport","Al Minhad Air Base","25.02680016","55.36619949","AE"
"OMDW","large_airport","Al Maktoum International","24.896171","55.16235","AE"
"OMFJ","large_airport","Fujairah International","25.108411","56.328061","AE"
"OMRK","large_airport","Ras Al Khaimah International","25.613501","55.938801","AE"
"OMSJ","large_airport","Sharjah International","25.3286","55.5172","AE"
"OOKB","medium_airport","Khasab","26.171","56.240601","OM"
"OOMA","medium_airport","RAFO Masirah","20.6754","58.890499","OM"
"OOMS","large_airport","Muscat International","23.600218","58.285268","OM"
"OOSA","large_airport","Salalah International","17.0387","54.091301","OM"
"OOSH","large_airport","Suhar International","24.38604","56.62541","OM"
"OOTH","medium_airport","Thumrait Air Base","17.666","54.024601","OM"
"OPBW","medium_airport","Bahawalpur","29.34810066","71.71800232","PK"
"OPCH","medium_airport","Chitral","35.886213","71.799922","PK"
"OPDG","medium_airport","Dera Ghazi Khan","29.96100044","70.48590088","PK"
"OPDI","medium_airport","Dera Ismael Khan [IN-ACTIVE]","31.909401","70.896599","PK"
"OPFA","large_airport","Faisalabad International","31.364923","72.995319","PK"
"OPGD","large_airport","New Gwadar International","25.296733","62.498822","PK"
"OPGT","medium_airport","Gilgit","35.91880035","74.33360291","PK"
"OPIS","large_airport","Islamabad International","33.549","72.82566","PK"
"OPJA","medium_airport","Shahbaz Air Base","28.28420067","68.4496994","PK"
"OPKC","large_airport","Jinnah International","24.9065","67.160797","PK"
"OPLA","large_airport","Allama Iqbal International","31.521601","74.403603","PK"
"OPMA","medium_airport","Mangla","33.05009842","73.63839722","PK"
"OPMI","medium_airport","Mianwali Air Base","32.56309891","71.5707016","PK"
"OPMJ","medium_airport","Moenjodaro","27.335199","68.143097","PK"
"OPMR","medium_airport","Masroor Air Base","24.89360046","66.938797","PK"
"OPMS","medium_airport","Minhas Air Base","33.86909866","72.40090179","PK"
"OPMT","large_airport","Multan International","30.203199","71.419098","PK"
"OPNH","medium_airport","Shaheed Benazirabad","26.2194","68.390099","PK"
"OPPG","medium_airport","Panjgur","26.9545","64.1325","PK"
"OPPI","medium_airport","Pasni","25.290501","63.3451","PK"
"OPPS","large_airport","Bacha Khan International","33.9939","71.514603","PK"
"OPQT","large_airport","Quetta International","30.2514","66.937798","PK"
"OPRK","medium_airport","Shaikh Zaid","28.38389969","70.27960205","PK"
"OPRN","medium_airport","PAF Base Nur Khan (Benazir Bhutto International)","33.616699","73.099197","PK"
"OPRQ","medium_airport","Rafiqui Air Base","30.75810051","72.28250122","PK"
"OPRS","medium_airport","Risalpur Air Base","34.08110046","71.97260284","PK"
"OPRT","medium_airport","Rawalakot","33.849701","73.798103","PK"
"OPSD","large_airport","Skardu International","35.33866","75.538648","PK"
"OPSF","medium_airport","Faisal Air Base","24.87420082","67.11849976","PK"
"OPSK","medium_airport","Begum Nusrat Bhutto International Sukkur","27.722","68.791702","PK"
"OPSN","medium_airport","Sehwan Sharif","26.473101","67.717201","PK"
"OPSR","medium_airport","Mushaf Air Base","32.04859924","72.66500092","PK"
"OPSS","medium_airport","Saidu Sharif","34.813599","72.352798","PK"
"OPST","large_airport","Sialkot International","32.535941","74.364623","PK"
"OPSU","medium_airport","Sui","28.64509964","69.17690277","PK"
"OPTU","large_airport","Turbat International","25.984767","63.028856","PK"
"OPZB","medium_airport","Zhob","31.35840034","69.46360016","PK"
"ORAA","medium_airport","Al Asad Air Base","33.78559875","42.44120026","IQ"
"ORAT","medium_airport","Al Taqaddum Air Base","33.33810043","43.5970993","IQ"
"ORBD","medium_airport","Balad Southeast / Joint Base Balad","33.940201","44.361599","IQ"
"ORBI","large_airport","Baghdad International / New Al Muthana Air Base","33.262501","44.2346","IQ"
"ORBM","large_airport","Mosul International","36.305801","43.1474","IQ"
"ORER","large_airport","Erbil International","36.236047","43.946615","IQ"
"ORKK","large_airport","Kirkuk International","35.469501","44.3489","IQ"
"ORMM","large_airport","Basra International","30.549101","47.662102","IQ"
"ORNI","large_airport","Al Najaf International","31.991116","44.405019","IQ"
"ORQW","medium_airport","Qayyarah West","35.7672","43.125099","IQ"
"ORSH","medium_airport","Al Sahra Army Air Field","34.673199","43.542999","IQ"
"ORSU","medium_airport","Jalal Talabani International","35.560487","45.315137","IQ"
"ORTF","medium_airport","Tall Afar Army Air Field","36.2831","42.403","IQ"
"ORTI","medium_airport","Al Taji Army Air Field","33.523899","44.256699","IQ"
"ORTL","medium_airport","Ali Air Base","30.935801","46.090099","IQ"
"ORUB","medium_airport","Ubaydah Bin Al Jarrah","32.481998","45.757099","IQ"
"OSAP","large_airport","Aleppo International","36.181262","37.226869","SY"
"OSDI","large_airport","Damascus International","33.41149902","36.5155983","SY"
"OSDZ","medium_airport","Deir ez-Zor","35.2854","40.175999","SY"
"OSKL","medium_airport","Qamishli International","37.020599","41.191399","SY"
"OSLK","medium_airport","Latakia International","35.4011","35.9487","SY"
"OSPR","medium_airport","Palmyra","34.5574","38.316898","SY"
"OTBD","large_airport","Doha International","25.259431","51.565528","QA"
"OTBH","medium_airport","Al Udeid Air Base","25.11730003","51.31499863","QA"
"OTHH","large_airport","Hamad International","25.273056","51.608056","QA"
"OYAA","large_airport","Aden International","12.829564","45.029976","YE"
"OYAT","medium_airport","Ataq","14.5513","46.826199","YE"
"OYGD","medium_airport","Al Ghaydah International","16.193341","52.174186","YE"
"OYHD","medium_airport","Hodeida International","14.752039","42.975969","YE"
"OYRN","large_airport","Riyan International","14.662241","49.375289","YE"
"OYSN","large_airport","Sanaa International","15.4763","44.2197","YE"
"OYSQ","medium_airport","Socotra","12.632093","53.906173","YE"
"OYSY","large_airport","Seiyun Hadhramaut International","15.965887","48.788146","YE"
"OYTZ","medium_airport","Taiz International","13.686","44.139099","YE"
"PAAQ","medium_airport","Warren ""Bud"" Woods Palmer Municipal","61.594898","-149.08901","US"
"PABA","medium_airport","Barter Island Long Range Radar Station","70.134003","-143.582001","US"
"PABE","medium_airport","Bethel","60.77980042","-161.8379974","US"
"PABI","medium_airport","Allen Army Airfield","63.994499","-145.722","US"
"PABR","medium_airport","Wiley Post Will Rogers Memorial","71.285402","-156.766008","US"
"PABV","medium_airport","Birchwood","61.4165","-149.507004","US"
"PACD","medium_airport","Cold Bay","55.207871","-162.725029","US"
"PACL","medium_airport","Clear","64.299738","-149.117432","US"
"PACV","medium_airport","Merle K (Mudhole) Smith","60.491798","-145.477997","US"
"PACZ","medium_airport","Cape Romanzof LRRS","61.78030014","-166.0390015","US"
"PADE","medium_airport","Deering","66.068901","-162.766914","US"
"PADK","medium_airport","Adak","51.883564","-176.642783","US"
"PADL","medium_airport","Dillingham","59.04470062","-158.5050049","US"
"PADQ","medium_airport","Kodiak","57.75","-152.4940033","US"
"PADU","medium_airport","Tom Madsen (Dutch Harbor)","53.89881","-166.544996","US"
"PAED","medium_airport","Elmendorf Air Force Base","61.251709","-149.807097","US"
"PAEH","medium_airport","Cape Newenham LRRS","58.64640045","-162.0630035","US"
"PAEI","medium_airport","Eielson Air Force Base","64.66570282","-147.102005","US"
"PAEM","medium_airport","Emmonak","62.78609848","-164.4909973","US"
"PAEN","medium_airport","Kenai Municipal","60.570946","-151.245174","US"
"PAFA","medium_airport","Fairbanks International","64.815102","-147.856003","US"
"PAFB","medium_airport","Ladd Army Airfield","64.837502","-147.613998","US"
"PAFE","medium_airport","Kake","56.961312","-133.910202","US"
"PAFM","medium_airport","Ambler","67.105529","-157.855339","US"
"PAGA","medium_airport","Edward G. Pitka Sr","64.736198","-156.936997","US"
"PAGK","medium_airport","Gulkana","62.155859","-145.454662","US"
"PAGM","medium_airport","Gambell","63.767694","-171.733303","US"
"PAGS","medium_airport","Gustavus","58.4253006","-135.7070007","US"
"PAHC","medium_airport","Holy Cross","62.18830109","-159.7749939","US"
"PAHL","medium_airport","Huslia","65.697899","-156.350998","US"
"PAHN","medium_airport","Haines","59.243921","-135.523925","US"
"PAHO","medium_airport","Homer","59.644456","-151.479235","US"
"PAII","medium_airport","Egegik","58.184386","-157.374873","US"
"PAIK","medium_airport","Bob Baker Memorial","66.976128","-160.439014","US"
"PAIL","medium_airport","Iliamna","59.754398","-154.910996","US"
"PAIM","medium_airport","Indian Mountain LRRS","65.992798","-153.703995","US"
"PAJN","medium_airport","Juneau International","58.354935","-134.574416","US"
"PAKN","medium_airport","King Salmon","58.677845","-156.651965","US"
"PAKP","medium_airport","Anaktuvuk Pass","68.133598","-151.742996","US"
"PAKT","medium_airport","Ketchikan International","55.35559845","-131.7140045","US"
"PAKW","medium_airport","Klawock","55.579201","-133.076004","US"
"PALU","medium_airport","Cape Lisburne LRRS","68.875099","-166.110001","US"
"PAMC","medium_airport","McGrath","62.95289993","-155.6060028","US"
"PAMR","medium_airport","Merrill Field","61.212792","-149.843988","US"
"PAMY","medium_airport","Mekoryuk","60.372338","-166.269751","US"
"PANC","large_airport","Ted Stevens Anchorage International","61.179004","-149.992561","US"
"PANI","medium_airport","Aniak","61.58160019","-159.5429993","US"
"PANN","medium_airport","Nenana Municipal","64.548772","-149.074516","US"
"PANT","medium_airport","Annette Island","55.037663","-131.572609","US"
"PANV","medium_airport","Anvik","62.646702","-160.190994","US"
"PAOM","medium_airport","Nome","64.5121994","-165.4450073","US"
"PAOR","medium_airport","Northway","62.9613","-141.929001","US"
"PAOT","medium_airport","Ralph Wien Memorial","66.88469696","-162.598999","US"
"PAPB","medium_airport","St George","56.577345","-169.663823","US"
"PAPC","medium_airport","Port Clarence Coast Guard Station","65.25370026","-166.8589935","US"
"PAPG","medium_airport","Petersburg James A Johnson","56.80170059","-132.9450073","US"
"PAPH","medium_airport","Port Heiden","56.957893","-158.630219","US"
"PAPM","medium_airport","Platinum","59.017675","-161.827927","US"
"PAQT","medium_airport","Nuiqsut","70.209999","-151.005998","US"
"PARC","medium_airport","Arctic Village","68.1147","-145.578995","US"
"PARY","medium_airport","Ruby","64.727203","-155.470001","US"
"PASA","medium_airport","Savoonga","63.686401","-170.492996","US"
"PASC","medium_airport","Deadhorse","70.19470215","-148.4649963","US"
"PASD","medium_airport","Sand Point","55.313908","-160.522099","US"
"PASI","medium_airport","Sitka Rocky Gutierrez","57.04710007","-135.3619995","US"
"PASN","medium_airport","St Paul Island","57.166311","-170.222555","US"
"PASV","medium_airport","Sparrevohn LRRS","61.09740067","-155.5740051","US"
"PASX","medium_airport","Soldotna","60.474935","-151.038471","US"
"PASY","medium_airport","Eareckson Air Station","52.71229935","174.1139984","US"
"PATK","medium_airport","Talkeetna","62.32049942","-150.0939941","US"
"PATL","medium_airport","Tatalina LRRS","62.89440155","-155.977005","US"
"PATQ","medium_airport","Atqasuk Edward Burnell Sr Memorial","70.46704","-157.436013","US"
"PAUN","medium_airport","Unalakleet","63.888401","-160.798996","US"
"PAVD","medium_airport","Valdez Pioneer Field","61.132712","-146.246567","US"
"PAWD","medium_airport","Seward","60.130478","-149.418612","US"
"PAWG","medium_airport","Wrangell","56.48429871","-132.3699951","US"
"PAWI","medium_airport","Wainwright","70.638","-159.994995","US"
"PAWS","medium_airport","Wasilla","61.571701","-149.539993","US"
"PAYA","medium_airport","Yakutat","59.508717","-139.660435","US"
"PCIS","medium_airport","Canton Island","-2.76812005","-171.7100067","KI"
"PFYU","medium_airport","Fort Yukon","66.571651","-145.249987","US"
"PGRO","large_airport","Rota International","14.173267","145.241103","MP"
"PGSN","medium_airport","Saipan International","15.119384","145.728848","MP"
"PGUA","medium_airport","Andersen Air Force Base","13.584","144.929998","GU"
"PGUM","large_airport","Guam Antonio B. Won Pat International","13.485","144.797282","GU"
"PGWT","medium_airport","Francisco Manglona Borja / Tinian International","14.999207","145.619355","MP"
"PHBK","medium_airport","Barking Sands","22.0228","-159.785004","US"
"PHHN","medium_airport","Hana","20.795601","-156.014008","US"
"PHIK","medium_airport","Hickam Air Force Base","21.335278","-157.948333","US"
"PHJH","medium_airport","Kapalua","20.9629","-156.673004","US"
"PHJR","medium_airport","Kalaeloa","21.3074","-158.070009","US"
"PHKO","large_airport","Ellison Onizuka Kona International at Keāhole","19.738783","-156.045603","US"
"PHLI","large_airport","Lihue","21.974393","-159.337146","US"
"PHMK","medium_airport","Molokai","21.152901","-157.095993","US"
"PHMU","medium_airport","Waimea Kohala","20.001301","-155.667999","US"
"PHNG","medium_airport","Kaneohe Bay MCAS (Marion E. Carl Field)","21.4505","-157.768005","US"
"PHNL","large_airport","Daniel K. Inouye International","21.318387","-157.92567","US"
"PHNY","medium_airport","Lanai","20.785675","-156.951324","US"
"PHOG","large_airport","Kahului International","20.896263","-156.431837","US"
"PHTO","medium_airport","Hilo International","19.72135","-155.045428","US"
"PKMJ","large_airport","Marshall Islands International","7.06511","171.271656","MH"
"PKWA","medium_airport","Bucholz Army Air Field","8.72012043","167.7319946","MH"
"PLCH","large_airport","Cassidy International","1.986278","-157.350011","KI"
"PMDY","medium_airport","Henderson Field","28.2017","-177.380997","UM"
"PPIZ","medium_airport","Point Lay LRRS","69.732903","-163.005005","US"
"PTKK","large_airport","Chuuk International","7.46187","151.843002","FM"
"PTPN","medium_airport","Pohnpei International","6.985082","158.20992","FM"
"PTRO","large_airport","Palau Roman Tmetuchl International","7.366965","134.544085","PW"
"PTSA","large_airport","Kosrae International","5.35698","162.957993","FM"
"PTYA","large_airport","Yap International","9.49891","138.082993","FM"
"PWAK","medium_airport","Wake Island Airfield","19.282437","166.636637","UM"
"RCAY","medium_airport","Gangshan Air Force Base","22.782499","120.263","TW"
"RCBS","medium_airport","Kinmen","24.4279","118.359001","TW"
"RCDC","medium_airport","Pingtung Air Force Base","22.672579","120.461712","TW"
"RCFG","medium_airport","Matsu Nangan","26.159656","119.958376","TW"
"RCFN","medium_airport","Taitung","22.754856","121.101794","TW"
"RCKH","large_airport","Kaohsiung International","22.577101","120.349998","TW"
"RCKU","medium_airport","Chiayi","23.462577","120.390544","TW"
"RCKW","medium_airport","Hengchun","22.0411","120.730003","TW"
"RCLY","medium_airport","Lanyu","22.02700043","121.5350037","TW"
"RCMQ","large_airport","Taichung International / Ching Chuang Kang Air Base","24.2647","120.621002","TW"
"RCMT","medium_airport","Matsu Beigan","26.22414","120.002679","TW"
"RCNN","large_airport","Tainan International / Tainan Air Base","22.950399","120.206001","TW"
"RCPO","medium_airport","Hsinchu Air Base","24.81800079","120.939003","TW"
"RCQC","large_airport","Penghu Magong","23.568701","119.627998","TW"
"RCQS","medium_airport","Chihhang Air Base","22.7931","121.181999","TW"
"RCSQ","medium_airport","Pingtung Air Force Base North","22.700199","120.482002","TW"
"RCSS","large_airport","Taipei Songshan International","25.067244","121.552822","TW"
"RCTP","large_airport","Taipei Taoyuan International","25.0777","121.233002","TW"
"RCYU","large_airport","Hualien Chiashan","24.023163","121.617991","TW"
"RJAA","large_airport","東京成田 Narita International","35.76858","140.388714","JP"
"RJAF","medium_airport","松本 Matsumoto","36.166801","137.923004","JP"
"RJAH","large_airport","茨城 Ibaraki","36.181456","140.414434","JP"
"RJAK","small_airport","霞ヶ浦 Kasumigaura","36.034698","140.192993","JP"
"RJAM","small_airport","南鳥島 Minami Torishima","24.2897","153.979004","JP"
"RJAN","small_airport","新島 Niijima","34.36940002","139.2689972","JP"
"RJAW","medium_airport","硫黄島 Ioto","24.784153","141.32261","JP"
"RJAZ","small_airport","神津島 Kozushima","34.18999863","139.1340027","JP"
"RJBB","large_airport","大阪関西 Kansai International","34.427299","135.244003","JP"
"RJBD","medium_airport","南紀白浜 Nanki Shirahama","33.66220093","135.3639984","JP"
"RJBE","large_airport","神戸 Kobe","34.632801","135.223999","JP"
"RJBK","small_airport","岡南 Kohnan","34.590801","133.932999","JP"
"RJBT","medium_airport","但馬 Tajima","35.512798","134.787003","JP"
"RJCB","medium_airport","とかち帯広 Tokachi Obihiro","42.73329926","143.2169952","JP"
"RJCC","large_airport","札幌新千歳 Sapporo New Chitose","42.774753","141.690414","JP"
"RJCH","large_airport","函館 Hakodate","41.77","140.822006","JP"
"RJCK","medium_airport","釧路 Kushiro","43.041","144.192993","JP"
"RJCM","medium_airport","女満別 Memanbetsu","43.88059998","144.1640015","JP"
"RJCN","medium_airport","中標津 Nakashibetsu","43.57749939","144.9600067","JP"
"RJCO","medium_airport","札幌丘珠 Sapporo Okadama","43.117447","141.38134","JP"
"RJCR","small_airport","礼文 Rebun","45.45500183","141.0390015","JP"
"RJCS","medium_airport","計根別 Kenebetsu","43.425154","144.741354","JP"
"RJCT","medium_airport","十勝 Tokachi","42.890499","143.158005","JP"
"RJCW","medium_airport","稚内 Wakkanai","45.40420151","141.8009949","JP"
"RJCY","small_airport","八雲 Yakumo","42.245955","140.265729","JP"
"RJDA","medium_airport","天草 Amakusa","32.482498","130.158997","JP"
"RJDB","medium_airport","壱岐 Iki","33.74900055","129.7850037","JP"
"RJDC","medium_airport","山口宇部 Yamaguchi Ube","33.93","131.279007","JP"
"RJDK","small_airport","上五島 Kamigoto","33.013576","129.192363","JP"
"RJDM","small_airport","目達原 Metabaru","33.325445","130.413787","JP"
"RJDO","small_airport","小値賀 Ojika","33.19079971","129.0899963","JP"
"RJDT","medium_airport","対馬 Tsushima","34.28490067","129.3309937","JP"
"RJDU","small_airport","大沼 Omura","32.928046","129.934168","JP"
"RJEB","medium_airport","紋別 Monbetsu","44.30390167","143.404007","JP"
"RJEC","medium_airport","旭川 Asahikawa","43.670799","142.447006","JP"
"RJEO","medium_airport","奥尻 Okushiri","42.07170105","139.4329987","JP"
"RJER","medium_airport","利尻 Rishiri","45.24200058","141.1860046","JP"
"RJFA","medium_airport","芦屋 Ashiya","33.883099","130.653","JP"
"RJFC","medium_airport","屋久島 Yakushima","30.385599","130.658997","JP"
"RJFE","medium_airport","福江 Fukue","32.666302","128.832993","JP"
"RJFF","large_airport","福岡 Fukuoka","33.58589935","130.451004","JP"
"RJFG","medium_airport","種子島 Tanegashima","30.60510063","130.9909973","JP"
"RJFK","large_airport","鹿児島 Kagoshima","31.8034","130.718994","JP"
"RJFM","large_airport","宮崎 Miyazaki","31.877199","131.449005","JP"
"RJFN","small_airport","新田原 Nyūtabaru","32.083599","131.451004","JP"
"RJFO","medium_airport","大分 Oita","33.47940063","131.7369995","JP"
"RJFR","large_airport","北九州 Kitakyushu","33.845901","131.035004","JP"
"RJFS","large_airport","佐賀 Saga","33.1497","130.302002","JP"
"RJFT","large_airport","熊本 Kumamoto","32.837299","130.854996","JP"
"RJFU","large_airport","長崎 Nagasaki","32.916901","129.914001","JP"
"RJFY","medium_airport","鹿屋 Kanoya","31.36672","130.838805","JP"
"RJFZ","medium_airport","築城 Tsuiki","33.685001","131.039993","JP"
"RJGG","large_airport","名古屋中部 Chubu Centrair International","34.858398","136.804993","JP"
"RJKA","medium_airport","奄美 Amami","28.43059921","129.7129974","JP"
"RJKB","medium_airport","沖永良部 Okinoerabu","27.431604","128.705564","JP"
"RJKI","medium_airport","喜界 Kikai","28.32130051","129.9279938","JP"
"RJKN","medium_airport","徳之島 Tokunoshima","27.836382","128.881356","JP"
"RJNA","medium_airport","名古屋小牧 Nagoya Komaki","35.255759","136.924095","JP"
"RJNF","medium_airport","福井 Fukui","36.142799","136.223999","JP"
"RJNG","medium_airport","岐阜 Gifu","35.3941","136.869995","JP"
"RJNH","medium_airport","浜松 Hamamatsu","34.750198","137.703003","JP"
"RJNK","large_airport","小松 Komatsu","36.393407","136.406895","JP"
"RJNO","medium_airport","隠岐 Oki","36.178388","133.323566","JP"
"RJNS","large_airport","静岡 Shizuoka","34.795022","138.190976","JP"
"RJNT","medium_airport","富山 Toyama","36.648416","137.187359","JP"
"RJNW","medium_airport","能登 Noto","37.293098","136.962006","JP"
"RJNY","medium_airport","静浜 Shizuhama","34.812801","138.298004","JP"
"RJOA","large_airport","広島 Hiroshima","34.4361","132.919006","JP"
"RJOB","large_airport","岡山 Okayama","34.756901","133.854996","JP"
"RJOC","medium_airport","出雲 Izumo","35.413601","132.889999","JP"
"RJOE","small_airport","明野 Akeno","34.533298","136.671997","JP"
"RJOF","medium_airport","防府 Hofu","34.034746","131.548716","JP"
"RJOH","medium_airport","米子 Yonago","35.492199","133.235992","JP"
"RJOI","medium_airport","岩国 Iwakuni","34.146333","132.247238","JP"
"RJOK","large_airport","高知 Kochi","33.545217","133.670166","JP"
"RJOM","large_airport","松山 Matsuyama","33.826893","132.700114","JP"
"RJOO","large_airport","大阪伊丹 Osaka International Itami","34.780853","135.440829","JP"
"RJOR","medium_airport","鳥取 Tottori","35.530058","134.165023","JP"
"RJOS","large_airport","徳島 Tokushima","34.132559","134.607816","JP"
"RJOT","large_airport","高松 Takamatsu","34.214963","134.015454","JP"
"RJOW","medium_airport","石見 Iwami","34.67639923","131.7899933","JP"
"RJOY","medium_airport","八尾 Yao","34.59629822","135.6029968","JP"
"RJOZ","small_airport","小月 Ozuki","34.0453","131.052002","JP"
"RJSA","large_airport","青森 Aomori","40.733777","140.689477","JP"
"RJSC","medium_airport","山形 Yamagata","38.4119","140.371002","JP"
"RJSD","medium_airport","佐渡 Sado","38.06019974","138.4140015","JP"
"RJSF","medium_airport","福島 Fukushima","37.22740173","140.4309998","JP"
"RJSH","medium_airport","八戸 Hachinohe","40.551181","141.465428","JP"
"RJSI","medium_airport","花巻 Hanamaki","39.4286","141.134995","JP"
"RJSK","medium_airport","秋田 Akita","39.615601","140.218994","JP"
"RJSM","medium_airport","三沢 Misawa","40.703201","141.367996","JP"
"RJSN","large_airport","新潟 Niigata","37.954166","139.112189","JP"
"RJSO","small_airport","大湊 Ōminato","41.232808","141.132171","JP"
"RJSR","medium_airport","大館能代 Odate Noshiro","40.191898","140.371002","JP"
"RJSS","large_airport","仙台 Sendai","38.139702","140.917007","JP"
"RJST","medium_airport","松島 Matsushima","38.4049","141.220001","JP"
"RJSU","small_airport","霞目 Kasuminome","38.2356","140.923004","JP"
"RJSY","medium_airport","庄内 Shonai","38.812199","139.787003","JP"
"RJTA","medium_airport","厚木 Atsugi","35.454601","139.449997","JP"
"RJTC","small_airport","立川 Tachikawa","35.7121","139.403243","JP"
"RJTE","medium_airport","館山 Tateyama","34.987099","139.828995","JP"
"RJTF","medium_airport","調布 Chofu","35.6717","139.528","JP"
"RJTH","medium_airport","八丈島 Hachijojima","33.114843","139.785645","JP"
"RJTJ","medium_airport","入間 Iruma","35.8419","139.410995","JP"
"RJTK","medium_airport","木更津 Kisarazu","35.3983","139.910004","JP"
"RJTL","medium_airport","下総 Shimofusa","35.798901","140.011002","JP"
"RJTO","medium_airport","大島 Oshima","34.7820015","139.3600006","JP"
"RJTQ","medium_airport","三宅島 Miyakejima","34.07360077","139.5599976","JP"
"RJTT","large_airport","東京羽田 Tokyo International Haneda","35.549678","139.786958","JP"
"RJTU","medium_airport","宇都宮 Utsunomiya","36.5145","139.87101","JP"
"RJTY","medium_airport","横田 Yokota","35.748501","139.348007","JP"
"RKJB","large_airport","Muan International","34.991406","126.382814","KR"
"RKJJ","medium_airport","Gwangju","35.123173","126.805444","KR"
"RKJK","medium_airport","Gunsan / Gunsan Air Base","35.903801","126.615997","KR"
"RKJY","medium_airport","Yeosu","34.84230042","127.6169968","KR"
"RKNN","medium_airport","Gangneung (K-18)","37.753601","128.943915","KR"
"RKNW","medium_airport","Wonju / Hoengseong Air Base (K-38/K-46)","37.437113","127.960051","KR"
"RKNY","large_airport","Yangyang International","38.060481","128.669822","KR"
"RKPC","large_airport","Jeju International","33.512058","126.492548","KR"
"RKPD","medium_airport","Jeongseok","33.39960098","126.711998","KR"
"RKPK","large_airport","Busan Gimhae International","35.179501","128.938004","KR"
"RKPS","medium_airport","Sacheon / Sacheon Air Base","35.088591","128.071747","KR"
"RKPU","medium_airport","Ulsan","35.59349823","129.352005","KR"
"RKSG","medium_airport","Camp Humphreys (A-511) Desiderio Army Airfield","36.962363","127.031126","KR"
"RKSI","large_airport","Seoul Incheon International","37.469101","126.450996","KR"
"RKSM","medium_airport","Seoul Air Base (K-16)","37.444744","127.112718","KR"
"RKSO","medium_airport","Osan Air Base","37.091457","127.029448","KR"
"RKSS","large_airport","Seoul Gimpo International","37.5583","126.791","KR"
"RKSW","medium_airport","Suwon","37.239399","127.007004","KR"
"RKTH","medium_airport","Pohang (G-815/K-3)","35.987955","129.420383","KR"
"RKTI","medium_airport","Jungwon Air Base/Chungju","37.03024","127.886353","KR"
"RKTN","large_airport","Daegu International","35.894394","128.656989","KR"
"RKTU","large_airport","Cheongju International","36.71556","127.500289","KR"
"RKTY","medium_airport","Yecheon Airbase","36.630373","128.34971","KR"
"ROAH","large_airport","沖縄那覇 Okinawa Naha","26.192437","127.639804","JP"
"RODE","small_airport","伊江島 Iejima","26.725953","127.765217","JP"
"RODN","large_airport","嘉手納 Kadena","26.351667","127.769444","JP"
"ROIG","medium_airport","石垣 Ishigaki","24.396389","124.245","JP"
"ROKJ","medium_airport","久米島 Kumejima","26.363445","126.71384","JP"
"ROKR","small_airport","慶良間 Kerama","26.168337","127.293423","JP"
"ROMD","medium_airport","南大東 Minamidaito","25.8465","131.263","JP"
"ROMY","medium_airport","宮古 Miyako","24.782801","125.294998","JP"
"RORA","small_airport","粟国 Aguni","26.592755","127.240335","JP"
"RORE","medium_airport","伊江島 Iejima","26.722537","127.786801","JP"
"RORH","small_airport","波照間 Hateruma","24.059751","123.80558","JP"
"RORK","medium_airport","北大東 Kitadaito","25.94470024","131.3269959","JP"
"RORS","medium_airport","下地島 Shimojishima","24.8267","125.144997","JP"
"RORT","medium_airport","多良間 Tarama","24.653793","124.675453","JP"
"RORY","medium_airport","与論 Yoron","27.043847","128.401648","JP"
"ROTM","medium_airport","普天間 Futenma","26.2743","127.755997","JP"
"ROYN","medium_airport","与那国 Yonaguni","24.467298","122.979827","JP"
"RPLB","large_airport","Subic Bay International / Naval Air Station Cubi Point","14.794833","120.271883","PH"
"RPLC","large_airport","Luzon Clark International","15.186","120.559998","PH"
"RPLH","medium_airport","Cagayan North International","18.182388","121.746223","PH"
"RPLI","large_airport","Laoag International","18.175089","120.531006","PH"
"RPLK","large_airport","Bicol International","13.111915","123.676829","PH"
"RPLL","large_airport","Manila Ninoy Aquino International","14.5086","121.019997","PH"
"RPLS","medium_airport","Danilo Atienza Air Base","14.4954","120.903999","PH"
"RPLT","medium_airport","Itbayat Jorge Abad","20.722521","121.809969","PH"
"RPLU","medium_airport","Lubang","13.8554","120.105003","PH"
"RPMA","medium_airport","Allah Valley","6.367903","124.752431","PH"
"RPMB","medium_airport","Rajah Buayan Air Base","6.105476","125.234882","PH"
"RPMC","medium_airport","Cotabato (Awang)","7.164753","124.209938","PH"
"RPMD","large_airport","Francisco Bangoy International","7.12552","125.646004","PH"
"RPME","medium_airport","Bancasi","8.9515","125.4788","PH"
"RPMF","medium_airport","Bislig","8.195052","126.321015","PH"
"RPMG","medium_airport","Dipolog","8.601983","123.341875","PH"
"RPMH","medium_airport","Camiguin","9.253894","124.709115","PH"
"RPMJ","medium_airport","Jolo","6.05367","121.011002","PH"
"RPMN","medium_airport","Sanga Sanga","5.048196","119.743338","PH"
"RPMO","medium_airport","Labo","8.17851","123.842003","PH"
"RPMP","medium_airport","Pagadian","7.825632","123.459635","PH"
"RPMQ","medium_airport","Mati National","6.949091","126.27368","PH"
"RPMR","large_airport","General Santos International","6.057208","125.096243","PH"
"RPMS","medium_airport","Surigao","9.755838326","125.4809475","PH"
"RPMW","medium_airport","Tandag","9.072002","126.17132","PH"
"RPMY","large_airport","Laguindingan International","8.612203","124.456496","PH"
"RPMZ","large_airport","Zamboanga International","6.92242","122.059998","PH"
"RPSP","medium_airport","Bohol-Panglao International","9.573045","123.770143","PH"
"RPUB","medium_airport","Loakan","16.375034","120.619949","PH"
"RPUD","medium_airport","Daet","14.1292","122.980003","PH"
"RPUH","medium_airport","San Jose","12.36149979","121.0469971","PH"
"RPUM","medium_airport","Mamburao","13.208048","120.605457","PH"
"RPUN","medium_airport","Naga","13.5848999","123.2699966","PH"
"RPUO","medium_airport","Basco","20.4513","121.980003","PH"
"RPUR","medium_airport","Dr. Juan C. Angara","15.729309","121.500034","PH"
"RPUS","medium_airport","San Fernando","16.5956","120.303001","PH"
"RPUT","medium_airport","Tuguegarao","17.64336768","121.7331505","PH"
"RPUV","medium_airport","Virac","13.5763998","124.2060013","PH"
"RPUW","medium_airport","Marinduque","13.36100006","121.8259964","PH"
"RPUY","medium_airport","Cauayan","16.92989922","121.7529984","PH"
"RPVA","medium_airport","Daniel Z. Romualdez","11.227761","125.027783","PH"
"RPVB","large_airport","Bacolod-Silay International","10.776237","123.018879","PH"
"RPVC","medium_airport","Calbayog","12.072574","124.54508","PH"
"RPVD","medium_airport","Sibulan","9.334183","123.30191","PH"
"RPVE","medium_airport","Godofredo P. Ramos","11.9245","121.954002","PH"
"RPVF","medium_airport","Catarman National","12.50161","124.635258","PH"
"RPVI","large_airport","Iloilo International","10.833017","122.493358","PH"
"RPVJ","medium_airport","Moises R. Espinosa","12.369682","123.630095","PH"
"RPVK","large_airport","Kalibo International","11.6794","122.375999","PH"
"RPVM","large_airport","Mactan Cebu International","10.309261","123.97974","PH"
"RPVO","medium_airport","Ormoc","11.057715","124.565622","PH"
"RPVP","large_airport","Puerto Princesa International / PAF Antonio Bautista Air Base","9.742044","118.75911","PH"
"RPVR","medium_airport","Roxas","11.59770012","122.7519989","PH"
"RPVS","medium_airport","Evelio Javier","10.766644","121.932506","PH"
"RPVU","medium_airport","Tugdan","12.31099987","122.0849991","PH"
"RPVV","medium_airport","Francisco B. Reyes (Busuanga)","12.121865","120.100801","PH"
"SAAC","medium_airport","Comodoro Pierrestegui","-31.2969","-57.9966","AR"
"SAAG","medium_airport","Gualeguaychu","-33.005567","-58.612833","AR"
"SAAP","medium_airport","General Urquiza","-31.7948","-60.4804","AR"
"SAAR","large_airport","Rosario Islas Malvinas International","-32.9036","-60.785","AR"
"SAAV","medium_airport","Sauce Viejo","-31.7117","-60.8117","AR"
"SABE","large_airport","Aeroparque Jorge Newbery","-34.559419","-58.415536","AR"
"SACO","large_airport","Ingeniero Aeronáutico Ambrosio L.V. Taravella International","-31.312346","-64.208329","AR"
"SADF","medium_airport","San Fernando","-34.4532","-58.5896","AR"
"SADL","medium_airport","La Plata","-34.9722","-57.8947","AR"
"SADP","medium_airport","El Palomar","-34.6099","-58.6126","AR"
"SAEZ","large_airport","Ezeiza International - Ministro Pistarini","-34.8222","-58.5358","AR"
"SAHS","medium_airport","Rincon De Los Sauces","-37.390598","-68.904198","AR"
"SAHZ","medium_airport","Zapala","-38.975498","-70.113602","AR"
"SAME","large_airport","Governor Francisco Gabrielli International","-32.831699","-68.7929","AR"
"SAMM","medium_airport","Comodoro D.R. Salomón","-35.493599","-69.574303","AR"
"SAMR","medium_airport","Suboficial Ay Santiago Germano","-34.588299","-68.4039","AR"
"SANC","medium_airport","Coronel Felipe Varela International","-28.593117","-65.7512","AR"
"SANE","medium_airport","Vicecomodoro Angel D. La Paz Aragonés","-27.76555634","-64.30999756","AR"
"SANL","medium_airport","Capitan V A Almonacid","-29.381599","-66.795799","AR"
"SANR","medium_airport","Termas de Río Hondo international","-27.4966","-64.93595","AR"
"SANT","large_airport","Teniente Benjamín Matienzo International","-26.837397","-65.104195","AR"
"SANU","medium_airport","Domingo Faustino Sarmiento","-31.571501","-68.418198","AR"
"SAOC","medium_airport","Area De Material","-33.085098","-64.261299","AR"
"SAOD","medium_airport","Villa Dolores","-31.9452","-65.146301","AR"
"SAOR","medium_airport","Villa Reynolds","-33.72990036","-65.38739777","AR"
"SAOU","medium_airport","Brigadier Mayor D Cesar Raul Ojeda","-33.273201","-66.3564","AR"
"SAOV","medium_airport","Presidente Néstor Kirchner Regional","-32.3201","-63.22663","AR"
"SARC","medium_airport","Corrientes","-27.4455","-58.7619","AR"
"SARE","large_airport","Resistencia International","-27.44991","-59.056125","AR"
"SARF","medium_airport","Formosa National","-26.2127","-58.2281","AR"
"SARI","medium_airport","Cataratas Del Iguazú International","-25.737301","-54.4734","AR"
"SARL","medium_airport","Paso De Los Libres","-29.6894","-57.1521","AR"
"SARM","medium_airport","Monte Caseros","-30.2719","-57.6402","AR"
"SARP","medium_airport","Libertador Gral D Jose De San Martin","-27.3858","-55.9707","AR"
"SASA","large_airport","Martín Miguel de Güemes International","-24.856001","-65.486198","AR"
"SASJ","large_airport","Gobernador Horacio Guzman International","-24.392799","-65.097801","AR"
"SASO","medium_airport","Orán","-23.1528","-64.329201","AR"
"SAST","medium_airport","General Enrique Mosconi","-22.616877","-63.793015","AR"
"SATG","medium_airport","Goya","-29.1058","-59.2189","AR"
"SATR","medium_airport","Reconquista","-29.210278","-59.683333","AR"
"SATU","medium_airport","Curuzu Cuatia","-29.7706","-57.9789","AR"
"SAVB","medium_airport","El Bolsón Airfield","-41.943199","-71.532303","AR"
"SAVC","large_airport","General Enrique Mosconi International","-45.786941","-67.463355","AR"
"SAVE","medium_airport","Esquel Brigadier Antonio Parodi International","-42.908001","-71.139503","AR"
"SAVH","medium_airport","Las Heras","-46.538517","-68.965323","AR"
"SAVT","medium_airport","Almirante Marco Andres Zar","-43.2105","-65.2703","AR"
"SAVV","medium_airport","Gobernador Castello","-40.8692","-63.0004","AR"
"SAVY","medium_airport","El Tehuelche","-42.7592","-65.1027","AR"
"SAWC","large_airport","El Calafate - Commander Armando Tola International","-50.281997","-72.053949","AR"
"SAWD","medium_airport","Puerto Deseado","-47.7353","-65.9041","AR"
"SAWE","medium_airport","Gobernador Ramón Trejo Noel International","-53.7777","-67.7494","AR"
"SAWG","large_airport","Piloto Civil Norberto Fernández International","-51.608791","-69.308948","AR"
"SAWH","medium_airport","Ushuaia - Malvinas Argentinas International","-54.8433","-68.2958","AR"
"SAWJ","medium_airport","Capitan D Daniel Vazquez","-49.306816","-67.802596","AR"
"SAWP","medium_airport","Perito Moreno Jalil Hamer","-46.537899","-70.978699","AR"
"SAWU","medium_airport","Santa Cruz","-50.0165","-68.5792","AR"
"SAZB","medium_airport","Comandante Espora","-38.725","-62.1693","AR"
"SAZG","medium_airport","General Pico","-35.696201","-63.758301","AR"
"SAZH","medium_airport","Tres Arroyos","-38.3869","-60.3297","AR"
"SAZL","medium_airport","Santa Teresita","-36.5423","-56.7218","AR"
"SAZM","medium_airport","Ástor Piazzola International","-37.9342","-57.5733","AR"
"SAZN","large_airport","Presidente Perón International","-38.949001","-68.155701","AR"
"SAZO","medium_airport","Necochea","-38.490746","-58.816337","AR"
"SAZP","medium_airport","Comodoro Pedro Zanni","-35.8446","-61.8576","AR"
"SAZR","medium_airport","Santa Rosa","-36.588299","-64.275703","AR"
"SAZS","large_airport","Teniente Luis Candelaria International","-41.151199","-71.157501","AR"
"SAZT","medium_airport","Héroes de Malvinas","-37.234634","-59.228647","AR"
"SAZV","medium_airport","Villa Gesell","-37.2354","-57.0292","AR"
"SAZW","medium_airport","Cutral-Co","-38.939701","-69.264603","AR"
"SAZY","medium_airport","Aviador C. Campos","-40.075401","-71.137299","AR"
"SBAA","medium_airport","Conceição do Araguaia","-8.34835","-49.301498","BR"
"SBAC","medium_airport","Aracati Dragão do Mar Regional","-4.568896","-37.805135","BR"
"SBAE","medium_airport","Bauru/Arealva–Moussa Nakhal Tobias State","-22.160755","-49.070325","BR"
"SBAF","medium_airport","Campo Délio Jardim de Mattos","-22.875099","-43.384701","BR"
"SBAN","medium_airport","Anápolis Airbase","-16.2292","-48.964298","BR"
"SBAQ","medium_airport","Araraquara","-21.812","-48.132999","BR"
"SBAR","medium_airport","Aracaju - Santa Maria","-10.98394","-37.072873","BR"
"SBAT","medium_airport","Piloto Osvaldo Marques Dias","-9.866389","-56.106298","BR"
"SBAU","medium_airport","Araçatuba","-21.141479","-50.424575","BR"
"SBAX","medium_airport","Romeu Zema","-19.5632","-46.9604","BR"
"SBBE","large_airport","Val de Cans/Júlio Cezar Ribeiro International","-1.379279","-48.476207","BR"
"SBBG","medium_airport","Comandante Gustavo Kraemer","-31.390499","-54.112202","BR"
"SBBH","medium_airport","Pampulha - Carlos Drummond de Andrade","-19.85074","-43.950316","BR"
"SBBI","medium_airport","Bacacheri","-25.4051","-49.231998","BR"
"SBBQ","medium_airport","Major Brigadeiro Doorgal Borges","-21.2672","-43.76101","BR"
"SBBR","large_airport","Presidente Juscelino Kubitschek International","-15.869167","-47.920834","BR"
"SBBT","medium_airport","Chafei Amsei","-20.584631","-48.594125","BR"
"SBBV","large_airport","Atlas Brasil Cantanhede International","2.84615","-60.690648","BR"
"SBBW","medium_airport","Barra do Garças","-15.861417","-52.389008","BR"
"SBBZ","medium_airport","Umberto Modiano","-22.770881","-41.96308","BR"
"SBCA","medium_airport","Coronel Adalberto Mendes da Silva","-25.000323","-53.501208","BR"
"SBCC","medium_airport","Campo de Provas Brigadeiro Veloso","-9.33394","-54.965401","BR"
"SBCF","large_airport","Tancredo Neves International","-19.63571","-43.966928","BR"
"SBCG","medium_airport","Campo Grande","-20.469998","-54.673988","BR"
"SBCH","medium_airport","Serafin Enoss Bertaso","-27.134199","-52.656601","BR"
"SBCI","medium_airport","Brig. Lysias Augusto Rodrigues","-7.32044","-47.458698","BR"
"SBCJ","medium_airport","Carajás","-6.117841","-50.003372","BR"
"SBCM","medium_airport","Forquilhinha - Criciúma ","-28.725743","-49.424475","BR"
"SBCO","medium_airport","Canoas Air Force Base","-29.945928","-51.144413","BR"
"SBCP","medium_airport","Bartolomeu Lisandro","-21.698299","-41.301701","BR"
"SBCR","medium_airport","Corumbá International","-19.01193","-57.672772","BR"
"SBCT","large_airport","Curitiba-Afonso Pena International","-25.5285","-49.1758","BR"
"SBCV","medium_airport","Caravelas","-17.6523","-39.253101","BR"
"SBCX","medium_airport","Hugo Cantergiani Regional","-29.197183","-51.187647","BR"
"SBCY","large_airport","Várzea Grande–Marechal Rondon International","-15.6529","-56.116699","BR"
"SBCZ","medium_airport","Cruzeiro do Sul","-7.59991","-72.769501","BR"
"SBDN","medium_airport","Presidente Prudente","-22.1751","-51.424599","BR"
"SBEG","large_airport","Eduardo Gomes International","-3.03861","-60.049702","BR"
"SBEK","medium_airport","Jacareacanga","-6.23316","-57.776901","BR"
"SBFI","large_airport","Cataratas International","-25.594167","-54.489444","BR"
"SBFL","large_airport","Hercílio Luz International","-27.670279","-48.552502","BR"
"SBFN","medium_airport","Fernando de Noronha","-3.854534","-32.423017","BR"
"SBFZ","large_airport","Pinto Martins International","-3.775833","-38.532222","BR"
"SBGL","large_airport","Rio Galeão – Tom Jobim International","-22.809999","-43.250557","BR"
"SBGM","medium_airport","Guajará-Mirim","-10.78641","-65.28486","BR"
"SBGO","large_airport","Santa Genoveva International","-16.632","-49.220699","BR"
"SBGR","large_airport","São Paulo/Guarulhos–Governor André Franco Montoro International","-23.431274","-46.469954","BR"
"SBGV","medium_airport","Coronel Altino Machado","-18.895882","-41.982869","BR"
"SBGW","medium_airport","Edu Chaves Field","-22.791599","-45.2048","BR"
"SBHT","medium_airport","Altamira Interstate","-3.253144","-52.253938","BR"
"SBIC","medium_airport","Itacoatiara","-3.126539","-58.481668","BR"
"SBIH","medium_airport","Itaituba","-4.242131","-56.000651","BR"
"SBIL","medium_airport","Bahia - Jorge Amado","-14.815929","-39.033458","BR"
"SBIP","medium_airport","Usiminas","-19.470699","-42.487598","BR"
"SBIZ","medium_airport","Prefeito Renato Moreira","-5.53129","-47.459999","BR"
"SBJE","medium_airport","Comandante Ariston Pessoa","-2.906425","-40.357338","BR"
"SBJF","medium_airport","Francisco de Assis","-21.791482","-43.386072","BR"
"SBJH","medium_airport","São Paulo Catarina Executive","-23.426886","-47.165658","BR"
"SBJP","large_airport","Presidente Castro Pinto International","-7.148691","-34.950554","BR"
"SBJR","medium_airport","Jacarepaguá - Roberto Marinho","-22.986773","-43.372194","BR"
"SBJV","medium_airport","Lauro Carneiro de Loyola","-26.224501","-48.797401","BR"
"SBKG","medium_airport","Presidente João Suassuna","-7.269662","-35.896057","BR"
"SBKP","large_airport","Viracopos International","-23.007404","-47.134502","BR"
"SBLJ","medium_airport","Lages","-27.782101","-50.281502","BR"
"SBLN","medium_airport","Lins","-21.663491","-49.729954","BR"
"SBLO","medium_airport","Governor José Richa","-23.334375","-51.128365","BR"
"SBLP","medium_airport","Bom Jesus da Lapa","-13.2621","-43.4081","BR"
"SBMA","medium_airport","João Correa da Rocha","-5.36859","-49.138","BR"
"SBMC","medium_airport","Minaçu","-13.5491","-48.195301","BR"
"SBMD","medium_airport","Monte Dourado - Serra do Areão","-0.889839","-52.6022","BR"
"SBME","medium_airport","Macaé Benedito Lacerda","-22.343","-41.765999","BR"
"SBMG","medium_airport","Regional de Maringá - Sílvio Name Júnior","-23.47606","-52.016187","BR"
"SBMK","medium_airport","Mário Ribeiro","-16.706919","-43.818901","BR"
"SBML","medium_airport","Frank Miloye Milenkowichi–Marília State","-22.196899","-49.926485","BR"
"SBMN","medium_airport","Ponta Pelada / Manaus Air Base","-3.14604","-59.986301","BR"
"SBMO","large_airport","Zumbi dos Palmares International","-9.512559","-35.791839","BR"
"SBMQ","medium_airport","Macapá - Alberto Alcolumbre International","0.050664","-51.072201","BR"
"SBMS","medium_airport","Dix-Sept Rosado","-5.20192","-37.3643","BR"
"SBMT","medium_airport","Campo de Marte","-23.5091","-46.637798","BR"
"SBMY","medium_airport","Manicoré","-5.81138","-61.278301","BR"
"SBNF","large_airport","Ministro Victor Konder International","-26.879431","-48.650979","BR"
"SBNM","medium_airport","Santo Ângelo","-28.282503","-54.169623","BR"
"SBNT","medium_airport","Natal Air Force Base","-5.91142","-35.2477","BR"
"SBOI","medium_airport","Oiapoque","3.85412","-51.797056","BR"
"SBPA","large_airport","Porto Alegre-Salgado Filho International","-29.993984","-51.167482","BR"
"SBPB","medium_airport","Parnaíba - Prefeito Doutor João Silva Filho International","-2.89375","-41.731998","BR"
"SBPC","medium_airport","Poços de Caldas - Embaixador Walther Moreira Salles","-21.842529","-46.569768","BR"
"SBPF","medium_airport","Lauro Kurtz","-28.243976","-52.32777","BR"
"SBPG","medium_airport","Ponta Grossa - Comandante Antonio Amilton Beraldo","-25.184476","-50.143822","BR"
"SBPJ","medium_airport","Brigadeiro Lysias Rodrigues","-10.2915","-48.356998","BR"
"SBPK","medium_airport","João Simões Lopes Neto International","-31.717189","-52.327796","BR"
"SBPL","medium_airport","Senador Nilo Coelho","-9.362422","-40.569098","BR"
"SBPN","medium_airport","Porto Nacional","-10.719402","-48.3997","BR"
"SBPP","medium_airport","Ponta Porã","-22.549601","-55.702599","BR"
"SBPS","large_airport","Porto Seguro International","-16.438426","-39.080584","BR"
"SBPV","large_airport","Governador Jorge Teixeira de Oliveira International","-8.708491","-63.902338","BR"
"SBRB","large_airport","Rio Branco-Plácido de Castro International","-9.869031","-67.893984","BR"
"SBRD","medium_airport","Maestro Marinho Franco","-16.584292","-54.724803","BR"
"SBRF","large_airport","Recife/Guararapes - Gilberto Freyre International","-8.12747","-34.922961","BR"
"SBRJ","large_airport","Santos Dumont","-22.910397","-43.16282","BR"
"SBRP","medium_airport","Leite Lopes","-21.134314","-47.774053","BR"
"SBSC","medium_airport","Santa Cruz Air Force Base","-22.9324","-43.719101","BR"
"SBSG","large_airport","Rio Grande do Norte/São Gonçalo do Amarante–Governador Aluízio Alves International","-5.769822","-35.36661","BR"
"SBSJ","medium_airport","Professor Urbano Ernesto Stumpf","-23.2292","-45.8615","BR"
"SBSL","large_airport","Marechal Cunha Machado International","-2.586386","-44.235008","BR"
"SBSM","medium_airport","Santa Maria","-29.711399","-53.688202","BR"
"SBSN","medium_airport","Santarém - Maestro Wilson Fonseca International","-2.422423","-54.79306","BR"
"SBSP","large_airport","Congonhas–Deputado Freitas Nobre","-23.627657","-46.654601","BR"
"SBSR","medium_airport","Prof. Eribelto Manoel Reino State","-20.817113","-49.406963","BR"
"SBST","medium_airport","Santos Nero Moura Air Base / Guarujá","-23.928192","-46.300195","BR"
"SBSV","large_airport","Deputado Luiz Eduardo Magalhães International","-12.908611","-38.322498","BR"
"SBTA","medium_airport","Base de Aviação de Taubaté","-23.0401","-45.51615","BR"
"SBTB","medium_airport","Trombetas","-1.4896","-56.396801","BR"
"SBTE","medium_airport","Senador Petrônio Portela","-5.06025","-42.823712","BR"
"SBTF","medium_airport","Tefé","-3.38294","-64.724098","BR"
"SBTK","medium_airport","Tarauacá","-8.155534","-70.782985","BR"
"SBTL","medium_airport","Telêmaco Borba","-24.317801","-50.6516","BR"
"SBTS","medium_airport","Tiriós","2.224537","-55.944711","BR"
"SBTT","medium_airport","Tabatinga International","-4.25567","-69.935799","BR"
"SBTU","medium_airport","Tucuruí","-3.78601","-49.720299","BR"
"SBUA","medium_airport","São Gabriel da Cachoeira","-0.14835","-66.9855","BR"
"SBUF","medium_airport","Paulo Afonso","-9.40088","-38.250599","BR"
"SBUG","medium_airport","Rubem Berta","-29.7822","-57.0382","BR"
"SBUL","medium_airport","Ten. Cel. Aviador César Bombonato","-18.883579","-48.225936","BR"
"SBUR","medium_airport","Mário de Almeida Franco","-19.765036","-47.964805","BR"
"SBVG","medium_airport","Major Brigadeiro Trompowsky","-21.591375","-45.474116","BR"
"SBVH","medium_airport","Brigadeiro Camarão","-12.6944","-60.098301","BR"
"SBVT","large_airport","Eurico de Aguiar Salles International","-20.258","-40.285","BR"
"SBYS","medium_airport","Campo Fontenelle","-21.984692","-47.341207","BR"
"SBZM","medium_airport","Presidente Itamar Franco","-21.513086","-43.173069","BR"
"SCAR","medium_airport","Chacalluta International","-18.348499","-70.338699","CL"
"SCAT","medium_airport","Desierto de Atacama","-27.2612","-70.779198","CL"
"SCBA","medium_airport","Balmaceda","-45.915968","-71.689499","CL"
"SCBE","medium_airport","Barriles","-22.1411","-70.062897","CL"
"SCCC","medium_airport","Chile Chico","-46.5831","-71.686323","CL"
"SCCF","medium_airport","El Loa","-22.498199","-68.903603","CL"
"SCCH","medium_airport","Gral. Bernardo O´Higgins","-36.5825","-72.031403","CL"
"SCCI","large_airport","President Carlos Ibáñez International","-53.002602","-70.854599","CL"
"SCCY","medium_airport","Teniente Vidal","-45.5942","-72.106102","CL"
"SCDA","large_airport","Diego Aracena International","-20.536273","-70.181373","CL"
"SCEL","large_airport","Comodoro Arturo Merino Benítez International","-33.39300156","-70.78579712","CL"
"SCES","medium_airport","Ricardo García Posada","-26.3111","-69.765198","CL"
"SCFA","large_airport","Andrés Sabella Gálvez International","-23.445274","-70.445232","CL"
"SCFM","medium_airport","Captain Fuentes Martinez","-53.2537","-70.319199","CL"
"SCGZ","medium_airport","Guardia Marina Zañartu","-54.931099","-67.626297","CL"
"SCHR","medium_airport","Cochrane","-47.243591","-72.58815","CL"
"SCIE","large_airport","Carriel Sur International","-36.77235","-73.062828","CL"
"SCIP","large_airport","Mataveri International","-27.165411","-109.421027","CL"
"SCJO","medium_airport","Cañal Bajo Carlos Hott Siebert","-40.611198","-73.060997","CL"
"SCLL","medium_airport","Vallenar","-28.596399","-70.755997","CL"
"SCNT","medium_airport","Lieutenant Julio Gallardo","-51.67067","-72.529078","CL"
"SCQP","large_airport","La Araucanía International","-38.9259","-72.6515","CL"
"SCRA","medium_airport","Chañaral","-26.3325","-70.6073","CL"
"SCRG","medium_airport","La Independencia","-34.173698","-70.775703","CL"
"SCSE","medium_airport","La Florida","-29.916201","-71.199501","CL"
"SCTC","medium_airport","Maquehue","-38.76679993","-72.63710022","CL"
"SCTE","large_airport","El Tepual International","-41.443093","-73.094065","CL"
"SCTL","medium_airport","Panguilemo","-35.3778","-71.6017","CL"
"SCTN","medium_airport","Nuevo Chaitén","-42.781943","-72.834999","CL"
"SCTO","medium_airport","Victoria","-38.245602","-72.348602","CL"
"SCTT","medium_airport","Las Breas","-25.564301","-70.3759","CL"
"SCVD","medium_airport","Pichoy","-39.65000153","-73.08609772","CL"
"SCVM","medium_airport","Viña del Mar","-32.9496","-71.4786","CL"
"SDIY","medium_airport","João Durval Carneiro","-12.200694","-38.906164","BR"
"SEAM","medium_airport","Chachoán Regional","-1.21207","-78.5746","EC"
"SECO","medium_airport","Francisco De Orellana","-0.462886","-76.986801","EC"
"SECU","medium_airport","Mariscal Lamar","-2.88947","-78.984398","EC"
"SEGS","medium_airport","Seymour Galapagos Ecological","-0.453758","-90.2659","EC"
"SEGU","large_airport","José Joaquín de Olmedo International","-2.15742","-79.883598","EC"
"SEJD","medium_airport","Jumandy","-1.060185","-77.580525","EC"
"SELT","medium_airport","Cotopaxi International","-0.906833","-78.615799","EC"
"SEMA","medium_airport","Jose Maria Velasco Ibarra","-4.378230095","-79.94100189","EC"
"SEMC","medium_airport","Coronel E Carvajal","-2.299170017","-78.1207962","EC"
"SEMT","medium_airport","Eloy Alfaro International","-0.946078002","-80.67880249","EC"
"SEPV","medium_airport","Reales Tamarindos","-1.04165","-80.472198","EC"
"SEQM","large_airport","Mariscal Sucre International","-0.125399","-78.354306","EC"
"SERO","medium_airport","Santa Rosa - Artillery Colonel Victor Larrea International","-3.441986","-79.996957","EC"
"SESA","large_airport","General Ulpiano Paez International","-2.210057","-80.985067","EC"
"SETN","large_airport","Carlos Concha Torres International","0.978519","-79.626602","EC"
"SETR","medium_airport","Tarapoa","-0.122956","-76.337799","EC"
"SETU","medium_airport","Lieutenant Colonel Luis A. Mantilla International","0.809506","-77.708099","EC"
"SGAS","large_airport","Silvio Pettirossi International","-25.240156","-57.519227","PY"
"SGAY","medium_airport","Aeropuerto Nacional Juan de Ayolas","-27.378379","-56.856791","PY"
"SGCO","medium_airport","Lieutenant Colonel Carmelo Peralta National","-23.441609","-57.427039","PY"
"SGEN","large_airport","Teniente Ramon A. Ayub Gonzalez International","-27.227537","-55.837584","PY"
"SGES","large_airport","Guaraní International","-25.457186","-54.839544","PY"
"SGGR","medium_airport","Aeropuerto Nacional de Salto del Guaira","-24.032844","-54.35267","PY"
"SGIB","medium_airport","Itaipú","-25.407818","-54.619457","PY"
"SGME","medium_airport","Dr. Luis María Argaña International","-22.046499","-60.6217","PY"
"SGPI","medium_airport","Aeródromo Don Carlos Miguel Gimenez","-26.881981","-58.319067","PY"
"SGPJ","medium_airport","Aeropuerto Nacional Dr. Augusto Roberto Fuster","-22.641427","-55.829993","PY"
"SGST","medium_airport","Santa Teresa","-22.622487","-56.634393","PY"
"SKAP","medium_airport","Gomez Nino Apiay Air Base","4.07607","-73.5627","CO"
"SKAR","medium_airport","El Eden","4.45278","-75.7664","CO"
"SKAS","medium_airport","Tres De Mayo","0.505228","-76.5008","CO"
"SKBC","medium_airport","Las Flores","9.04554","-73.9749","CO"
"SKBG","medium_airport","Palonegro","7.1265","-73.1848","CO"
"SKBO","large_airport","El Dorado International","4.70159","-74.1469","CO"
"SKBQ","large_airport","Ernesto Cortissoz International","10.8896","-74.7808","CO"
"SKBS","medium_airport","José Celestino Mutis","6.20292","-77.3947","CO"
"SKBU","medium_airport","Gerardo Tobar López","3.81963","-76.9898","CO"
"SKCC","medium_airport","Camilo Daza International","7.92757","-72.5115","CO"
"SKCG","large_airport","Rafael Nuñez International","10.4424","-75.513","CO"
"SKCL","large_airport","Alfonso Bonilla Aragon International","3.542717","-76.381898","CO"
"SKCO","medium_airport","La Florida","1.81442","-78.7492","CO"
"SKCU","medium_airport","Juan H White","7.96847","-75.1985","CO"
"SKCV","medium_airport","Coveñas","9.40092","-75.6913","CO"
"SKCZ","medium_airport","Las Brujas","9.33274","-75.2856","CO"
"SKEB","medium_airport","El Bagre","7.59647","-74.8089","CO"
"SKEJ","medium_airport","Yariguíes","7.02433","-73.8068","CO"
"SKFL","medium_airport","Gustavo Artunduaga Paredes","1.58919","-75.5644","CO"
"SKGI","medium_airport","Santiago Vila","4.27624","-74.7967","CO"
"SKGO","medium_airport","Santa Ana","4.75818","-75.9557","CO"
"SKGP","medium_airport","Guapi","2.57013","-77.897969","CO"
"SKIB","medium_airport","Perales","4.42161","-75.1333","CO"
"SKIP","medium_airport","San Luis","0.861946","-77.671783","CO"
"SKLC","medium_airport","Antonio Roldán Betancur","7.81196","-76.7164","CO"
"SKLM","medium_airport","Jorge Isaac","11.2325","-72.4901","CO"
"SKLT","medium_airport","Alfredo Vásquez Cobo International","-4.191147","-69.942003","CO"
"SKMD","medium_airport","Enrique Olaya Herrera","6.219686","-75.590597","CO"
"SKMG","medium_airport","Baracoa","9.28474","-74.8461","CO"
"SKMR","medium_airport","Los Garzones","8.82374","-75.8258","CO"
"SKMU","medium_airport","Fabio Alberto Leon Bentley","1.25366","-70.2339","CO"
"SKMZ","medium_airport","La Nubia","5.0296","-75.4647","CO"
"SKNV","medium_airport","Benito Salas","2.95015","-75.294","CO"
"SKOC","medium_airport","Aguas Claras","8.31506","-73.3583","CO"
"SKPC","medium_airport","German Olano","6.18472","-67.4932","CO"
"SKPD","medium_airport","Obando Cesar Gaviria Trujillo","3.85353","-67.9062","CO"
"SKPE","medium_airport","Matecaña International","4.81267","-75.7395","CO"
"SKPI","medium_airport","Pitalito","1.85777","-76.0857","CO"
"SKPP","medium_airport","Guillermo León Valencia","2.454359","-76.609253","CO"
"SKPQ","medium_airport","German Olano Air Base","5.48361","-74.6574","CO"
"SKPS","medium_airport","Antonio Nariño","1.396722","-77.29093","CO"
"SKPV","medium_airport","El Embrujo","13.357461","-81.357977","CO"
"SKPZ","medium_airport","Paz de Ariporo","5.876146","-71.886671","CO"
"SKQU","medium_airport","Mariquita","5.21256","-74.8836","CO"
"SKRG","large_airport","Jose Maria Córdova International","6.16454","-75.4231","CO"
"SKRH","medium_airport","Almirante Padilla","11.5262","-72.926","CO"
"SKSJ","medium_airport","Jorge E. Gonzalez Torres","2.57969","-72.6394","CO"
"SKSM","medium_airport","Simón Bolívar International","11.1196","-74.2306","CO"
"SKSP","large_airport","Gustavo Rojas Pinilla International","12.5836","-81.7112","CO"
"SKSV","medium_airport","Eduardo Falla Solano","2.15217","-74.7663","CO"
"SKTJ","medium_airport","Tunja","5.54138","-73.3445","CO"
"SKTM","medium_airport","Gustavo Vargas","6.45108","-71.7603","CO"
"SKTQ","medium_airport","Captain Ernesto Esguerra Cubides Air Base","0.7459","-75.234","CO"
"SKUA","medium_airport","Marandúa Air Base","5.52448","-68.6856","CO"
"SKUC","medium_airport","Santiago Perez","7.06888","-70.7369","CO"
"SKUI","medium_airport","El Caraño","5.69076","-76.6412","CO"
"SKUL","medium_airport","Heriberto Gíl Martínez","4.08836","-76.2351","CO"
"SKVP","medium_airport","Alfonso López Pumarejo","10.435","-73.2495","CO"
"SKVV","medium_airport","Vanguardia","4.16787","-73.6138","CO"
"SKYP","medium_airport","El Alcaravan - Yopal","5.31911","-72.384","CO"
"SLAL","large_airport","Alcantarí International","-19.246835","-65.149611","BO"
"SLBJ","medium_airport","Bermejo","-22.77330017","-64.31289673","BO"
"SLCB","large_airport","Jorge Wilsterman International","-17.421105","-66.177102","BO"
"SLCO","medium_airport","Capitán Aníbal Arab","-11.039109","-68.782774","BO"
"SLET","medium_airport","El Trompillo","-17.81159973","-63.17150116","BO"
"SLGM","medium_airport","Guayaramerín","-10.88856","-65.380955","BO"
"SLLP","large_airport","El Alto International","-16.510272","-68.189416","BO"
"SLOR","large_airport","Juan Mendoza International","-17.956151","-67.075829","BO"
"SLPO","medium_airport","Capitan Nicolas Rojas","-19.543331","-65.723734","BO"
"SLPS","medium_airport","Capitán Av. Salvador Ogaya G.","-18.975301","-57.820599","BO"
"SLRI","medium_airport","Capitán Av. Selin Zeitun Lopez","-11.009355","-66.075468","BO"
"SLSA","medium_airport","Santa Ana Del Yacuma","-13.76220036","-65.43520355","BO"
"SLSU","medium_airport","Juana Azurduy de Padilla Air Force Base","-19.007099","-65.288696","BO"
"SLSV","medium_airport","San Ignacio de Velasco","-16.401239","-61.0452","BO"
"SLTJ","medium_airport","Capitan Oriel Lea Plaza","-21.5557","-64.701302","BO"
"SLTR","medium_airport","Teniente Av. Jorge Henrich Arauz","-14.8187","-64.917999","BO"
"SLUY","large_airport","Joya Andina International","-20.441304","-66.857553","BO"
"SLVM","medium_airport","Teniente Coronel Rafael Pabón","-21.25519943","-63.4056015","BO"
"SLVR","large_airport","Viru Viru International","-17.6448","-63.135399","BO"
"SLYA","medium_airport","Yacuiba","-21.96089935","-63.65169907","BO"
"SMJP","large_airport","Johan Adolf Pengel International","5.45283","-55.187801","SR"
"SNCP","medium_airport","Planalto Serrano Regional","-27.634128","-50.358253","BR"
"SNLN","medium_airport","Linhares Municipal","-19.355202","-40.07128","BR"
"SNQX","medium_airport","Quixadá","-4.979006","-38.987622","BR"
"SOCA","large_airport","Cayenne – Félix Eboué","4.819964","-52.361326","GF"
"SOOA","medium_airport","Maripasoula","3.655907","-54.039431","GF"
"SOOG","medium_airport","Saint-Georges-de-l'Oyapock","3.8976","-51.8041","GF"
"SOOM","medium_airport","Saint-Laurent-du-Maroni","5.481891","-54.034964","GF"
"SPAY","medium_airport","Teniente General Gerardo Pérez Pinedo","-10.7291","-73.766502","PE"
"SPBC","medium_airport","Caballococha","-3.916860104","-70.5082016","PE"
"SPBR","medium_airport","Iberia","-11.4116","-69.488701","PE"
"SPCL","large_airport","Cap FAP David Abenzur Rengifo International","-8.378064","-74.574495","PE"
"SPEO","medium_airport","FAP Lieutenant Jaime Andres de Montreuil Morales","-9.14961","-78.523804","PE"
"SPHI","large_airport","Capitán FAP José A. Quiñones González International","-6.789223","-79.828254","PE"
"SPHO","medium_airport","Air Force Colonel Alfredo Mendivil Duarte","-13.1548","-74.204399","PE"
"SPHZ","medium_airport","Comandante FAP German Arias Graziani","-9.347439766","-77.5983963","PE"
"SPIM","large_airport","Jorge Chávez International","-12.0219","-77.114305","PE"
"SPJA","medium_airport","Juan Simons Vela","-6.06786","-77.160004","PE"
"SPJE","medium_airport","Shumba","-5.59248","-78.774002","PE"
"SPJI","medium_airport","Juanjui","-7.1691","-76.7286","PE"
"SPJJ","medium_airport","Francisco Carle","-11.78310013","-75.4733963","PE"
"SPJL","large_airport","Inca Manco Capac International","-15.467689","-70.15653","PE"
"SPJR","medium_airport","Mayor General FAP Armando Revoredo Iglesias","-7.13918","-78.489403","PE"
"SPLO","medium_airport","General Jorge Fernandez Maldon","-17.695","-71.344002","PE"
"SPME","medium_airport","Captain Pedro Canga Rodríguez International","-3.552074","-80.381086","PE"
"SPMS","medium_airport","Moises Benzaquen Rengifo","-5.89377","-76.118202","PE"
"SPNC","medium_airport","Alferez Fap David Figueroa Fernandini","-9.878809929","-76.20480347","PE"
"SPPY","medium_airport","Chachapoyas","-6.201911","-77.856195","PE"
"SPQT","large_airport","Coronel FAP Francisco Secada Vignetta International","-3.78474","-73.3088","PE"
"SPQU","large_airport","Rodríguez Ballón International","-16.340786","-71.569485","PE"
"SPRU","large_airport","Capitán FAP Carlos Martínez de Pinillos International","-8.082382","-79.108821","PE"
"SPSO","large_airport","Captain Renán Elías Olivera International","-13.7449","-76.220299","PE"
"SPST","medium_airport","Cadete FAP Guillermo Del Castillo Paredes","-6.508739948","-76.37319946","PE"
"SPTN","medium_airport","Coronel FAP Carlos Ciriani Santa Rosa International","-18.05330086","-70.27580261","PE"
"SPTU","medium_airport","Padre Aldamiz International","-12.61359978","-69.22859955","PE"
"SPUR","medium_airport","PAF Captain Guillermo Concha Iberico International","-5.20575","-80.616402","PE"
"SPYL","medium_airport","Captain Victor Montes Arias International","-4.57664","-81.254097","PE"
"SPZA","medium_airport","Maria Reiche Neuman","-14.854","-74.961502","PE"
"SPZO","large_airport","Alejandro Velasco Astete International","-13.53569984","-71.938797","PE"
"SUAA","medium_airport","Ángel S. Adami International","-34.7892","-56.264702","UY"
"SUDU","medium_airport","Santa Bernardina International","-33.358898","-56.499199","UY"
"SULS","medium_airport","Capitan Corbeta CA Curbelo International","-34.855099","-55.094299","UY"
"SUMU","large_airport","Carrasco General Cesáreo L. Berisso International","-34.835647","-56.026497","UY"
"SUPU","medium_airport","Tydeo Larre Borges","-32.3633","-58.061901","UY"
"SURV","medium_airport","Pres. Gral. Óscar D. Gestido Binational","-30.9746","-55.4762","UY"
"SUSO","medium_airport","Nueva Hesperides International","-31.438499","-57.985298","UY"
"SVAC","medium_airport","Oswaldo Guevara Mujica","9.553375","-69.237869","VE"
"SVAN","medium_airport","Anaco","9.430225","-64.470726","VE"
"SVBC","large_airport","General José Antonio Anzoategui International","10.111111","-64.692222","VE"
"SVBI","medium_airport","Barinas","8.615","-70.214167","VE"
"SVBL","medium_airport","El Libertador Airbase","10.183375","-67.55732","VE"
"SVBM","large_airport","Jacinto Lara International","10.042747","-69.35862","VE"
"SVBS","medium_airport","Escuela Mariscal Sucre","10.249978","-67.649422","VE"
"SVCB","medium_airport","General Tomas de Heres","8.122161","-63.536957","VE"
"SVCD","medium_airport","Caicara del Orinoco","7.62551","-66.162804","VE"
"SVCL","medium_airport","Calabozo","8.924656","-67.417091","VE"
"SVCN","medium_airport","Canaima","6.231989","-62.85485","VE"
"SVCP","medium_airport","General Francisco Bermúdez","10.660014","-63.261681","VE"
"SVCR","medium_airport","José Leonardo Chirinos","11.414944","-69.680901","VE"
"SVCS","medium_airport","Caracas Óscar Machado Zuloaga International","10.286874","-66.815847","VE"
"SVCU","medium_airport","Antonio José de Sucre","10.450333","-64.13047","VE"
"SVED","medium_airport","El Dorado","6.71573","-61.638786","VE"
"SVEZ","medium_airport","Elorza","7.059677","-69.4967","VE"
"SVFM","medium_airport","Generalissimo Francisco de Miranda Air Base","10.485033","-66.843513","VE"
"SVGD","medium_airport","Guasdualito","7.210834","-70.756386","VE"
"SVGI","medium_airport","Guiria","10.57407761","-62.31266785","VE"
"SVGU","medium_airport","Guanare","9.026944","-69.75515","VE"
"SVJC","medium_airport","Josefa Camejo International","11.780775","-70.151497","VE"
"SVJM","medium_airport","San Juan de Los Morros","9.906953","-67.379639","VE"
"SVLF","medium_airport","La Fria","8.239167","-72.271027","VE"
"SVLO","medium_airport","La Orchila","11.80823","-66.180768","VE"
"SVMC","large_airport","La Chinita International","10.557542","-71.729307","VE"
"SVMD","medium_airport","Alberto Carnevalli","8.582078","-71.161041","VE"
"SVMG","large_airport","Del Caribe Santiago Mariño International","10.912603","-63.966599","VE"
"SVMI","large_airport","Maiquetía Simón Bolívar International","10.602214","-66.991174","VE"
"SVMP","medium_airport","Metropolitano International","10.133169","-66.787827","VE"
"SVMT","medium_airport","José Tadeo Monagas International","9.749023","-63.153348","VE"
"SVPA","medium_airport","Cacique Aramare","5.61999","-67.606102","VE"
"SVPC","medium_airport","General Bartolome Salom International","10.4805","-68.072998","VE"
"SVPM","medium_airport","Paramillo","7.801389","-72.202778","VE"
"SVPR","large_airport","General Manuel Carlos Piar International","8.28853","-62.760399","VE"
"SVPT","medium_airport","Palmarito","7.575479","-70.174435","VE"
"SVSA","medium_airport","Juan Vicente Gómez International","7.840809","-72.439878","VE"
"SVSE","medium_airport","Santa Elena de Uairén","4.554699","-61.145234","VE"
"SVSO","medium_airport","Mayor Buenaventura Vivas International","7.56538","-72.035103","VE"
"SVSP","medium_airport","Sub Teniente Nestor Arias","10.2787","-68.755203","VE"
"SVSR","medium_airport","San Fernando de Apure Las Flecheras National","7.88332","-67.444","VE"
"SVST","medium_airport","San Tomé","8.945146561","-64.1510849","VE"
"SVSZ","medium_airport","Miguel Urdaneta Fernández","8.97455","-71.943253","VE"
"SVTC","medium_airport","Tucupita","9.088994","-62.094173","VE"
"SVTM","medium_airport","Tumeremo","7.24938","-61.52893","VE"
"SVVA","large_airport","Arturo Michelena International","10.149733","-67.928398","VE"
"SVVG","medium_airport","Juan Pablo Pérez Alfonso","8.624139","-71.672668","VE"
"SVVL","medium_airport","Dr. Antonio Nicolás Briceño","9.340478","-70.584061","VE"
"SVVP","medium_airport","Valle de La Pascua","9.222027779","-65.99358368","VE"
"SWGN","medium_airport","Araguaína","-7.22787","-48.240501","BR"
"SYCJ","large_airport","Cheddi Jagan International","6.49855","-58.254101","GY"
"SYGO","medium_airport","Eugene F. Correia International","6.805881","-58.107657","GY"
"SYKA","medium_airport","Kaieteur","5.177349","-59.48898","GY"
"SYLT","medium_airport","Lethem","3.37276","-59.789398","GY"
"TAPA","large_airport","V. C. Bird International","17.1367","-61.792702","AG"
"TBPB","large_airport","Grantley Adams International","13.074667","-59.491034","BB"
"TDCF","medium_airport","Canefield","15.336693","-61.392108","DM"
"TDPD","medium_airport","Douglas-Charles","15.546673","-61.301082","DM"
"TFFF","large_airport","Martinique Aimé Césaire International","14.591","-61.003201","MQ"
"TFFG","medium_airport","Grand Case-l'Espérance","18.100057","-63.047444","MF"
"TFFJ","medium_airport","St. Jean","17.904398","-62.843333","BL"
"TFFM","medium_airport","Marie-Galante","15.868925","-61.270087","GP"
"TFFR","large_airport","Maryse Condé International","16.265443","-61.532754","GP"
"TGPY","large_airport","Maurice Bishop International","12.003996","-61.785302","GD"
"TIST","large_airport","Cyril E. King","18.337091","-64.977251","VI"
"TISX","medium_airport","Henry E. Rohlsen","17.701413","-64.802608","VI"
"TJAB","medium_airport","Antonio Nery Juarbe Pol","18.45085","-66.675768","PR"
"TJBQ","medium_airport","Rafael Hernández International","18.4949","-67.129402","PR"
"TJCP","medium_airport","Benjamin Rivera Noriega","18.312954","-65.303893","PR"
"TJIG","medium_airport","Fernando Luis Ribas Dominicci","18.45680046","-66.09809875","PR"
"TJMZ","medium_airport","Eugenio Maria De Hostos","18.25569916","-67.14849854","PR"
"TJPS","medium_airport","Mercedita International","18.008301","-66.563004","PR"
"TJRV","medium_airport","José Aponte de la Torre","18.247262","-65.63979","PR"
"TJSJ","large_airport","Luis Munoz Marin International","18.4394","-66.001801","PR"
"TJVQ","medium_airport","Antonio Rivera Rodriguez","18.1348","-65.493599","PR"
"TKPK","large_airport","Robert L. Bradshaw International","17.310845","-62.719117","KN"
"TKPN","medium_airport","Vance W. Amory International","17.2057","-62.589901","KN"
"TLPC","medium_airport","George F. L. Charles","14.0202","-60.992901","LC"
"TLPL","large_airport","Hewanorra International","13.7332","-60.952599","LC"
"TNCA","large_airport","Queen Beatrix International","12.501056","-70.014281","AW"
"TNCB","large_airport","Flamingo International","12.131","-68.268501","BQ"
"TNCC","large_airport","Hato International","12.1889","-68.959801","CW"
"TNCE","medium_airport","F. D. Roosevelt","17.4965","-62.979401","BQ"
"TNCM","large_airport","Princess Juliana International","18.041","-63.108898","SX"
"TNCS","medium_airport","Juancho E. Yrausquin","17.64533","-63.220514","BQ"
"TQPF","medium_airport","Clayton J. Lloyd International","18.204773","-63.05383","AI"
"TRPG","large_airport","John A. Osborne","16.791835","-62.193204","MS"
"TTCP","large_airport","A.N.R. Robinson International","11.149571","-60.831298","TT"
"TTPP","large_airport","Piarco International","10.59535","-61.337568","TT"
"TUPJ","large_airport","Terrance B. Lettsome International","18.445492","-64.541707","VG"
"TUPW","medium_airport","Virgin Gorda","18.446634","-64.427932","VG"
"TVSA","large_airport","Argyle International","13.159725","-61.148801","VC"
"TVSB","medium_airport","J F Mitchell","12.9884","-61.262001","VC"
"TVSC","medium_airport","Canouan","12.699","-61.3424","VC"
"TVSM","medium_airport","Mustique","12.8879","-61.180199","VC"
"TVSU","medium_airport","Union Island International","12.600135","-61.411945","VC"
"TXKF","large_airport","L.F. Wade International","32.363802","-64.67824","BM"
"UAAA","large_airport","Almaty International","43.354267","77.042828","KZ"
"UAAH","medium_airport","Balkhash","46.894246","75.004533","KZ"
"UAAT","medium_airport","Taldykorgan","45.12255","78.442758","KZ"
"UACC","large_airport","Nursultan Nazarbayev International","51.027035","71.467094","KZ"
"UACK","large_airport","Kokshetau International","53.329102","69.594597","KZ"
"UACP","large_airport","Petropavl International","54.775622","69.187415","KZ"
"UADD","large_airport","Taraz International","42.8536","71.303596","KZ"
"UAFM","large_airport","Manas International","43.061298","74.4776","KG"
"UAFO","large_airport","Osh International","40.609001","72.793297","KG"
"UAFP","medium_airport","Karakol International","42.508099","78.407799","KG"
"UAFW","medium_airport","Kant Air Base","42.85319901","74.84649658","KG"
"UAII","large_airport","Shymkent International","42.365021","69.47564","KZ"
"UAIT","large_airport","Hazrat Sultan International","43.311087","68.550352","KZ"
"UAKD","large_airport","Zhezkazgan National","47.708953","67.738094","KZ"
"UAKK","large_airport","Sary-Arka","49.670799","73.334396","KZ"
"UAOL","large_airport","Baikonur Krayniy International","45.621994","63.210773","KZ"
"UAON","medium_airport","Yubileyniy Airfield","46.052421","63.249185","KZ"
"UAOO","large_airport","Korkyt Ata International","44.706902","65.592499","KZ"
"UARR","large_airport","Manshuk Mametova International","51.151976","51.543652","KZ"
"UASA","medium_airport","Ayaguz","47.919218","80.452194","KZ"
"UASB","medium_airport","Ekibastuz","51.5909996","75.21499634","KZ"
"UASK","large_airport","Oskemen International","50.035033","82.496057","KZ"
"UASP","large_airport","Pavlodar International","52.194982","77.073088","KZ"
"UASS","large_airport","Semei International","50.351295","80.234398","KZ"
"UATE","large_airport","Aktau International","43.860093","51.09086","KZ"
"UATG","large_airport","Atyrau International","47.121318","51.820343","KZ"
"UATR","medium_airport","Shalkar","47.904999","59.619999","KZ"
"UATT","large_airport","Aktobe International","50.248116","57.204144","KZ"
"UAUU","large_airport","Kostanay International","53.206902","63.550301","KZ"
"UBBB","large_airport","Heydar Aliyev International","40.47278","50.050931","AZ"
"UBBG","large_airport","Ganja International","40.738692","46.320383","AZ"
"UBBN","large_airport","Nakhchivan International","39.188801","45.458401","AZ"
"UBBQ","medium_airport","Gabala International","40.808617","47.725389","AZ"
"UBBY","medium_airport","Zaqatala International","41.557823","46.669464","AZ"
"UBLC","medium_airport","Lachin International","39.883787","46.363137","AZ"
"UCFL","large_airport","Issyk-Kul International","42.585584","76.701181","KG"
"UDSG","large_airport","Shirak International","40.750401","43.859299","AM"
"UDYE","medium_airport","Erebuni","40.12210083","44.46500015","AM"
"UDYZ","large_airport","Zvartnots International","40.148941","44.397887","AM"
"UEEE","large_airport","Platon Oyunsky Yakutsk International","62.0933","129.770996","RU"
"UELL","medium_airport","Chulman","56.91389847","124.9140015","RU"
"UEMA","medium_airport","Moma","66.450861","143.261551","RU"
"UEMM","medium_airport","Magan","62.103484","129.545288","RU"
"UEMO","medium_airport","Olyokminsk","60.401833","120.476094","RU"
"UEMT","medium_airport","Ust-Nera","64.550003","143.115005","RU"
"UENK","medium_airport","Kyzyl-Syr","63.88499832","122.7770004","RU"
"UENW","medium_airport","Vilyuisk","63.756668","121.693336","RU"
"UERA","medium_airport","Aykhal","65.959198","111.546501","RU"
"UERL","medium_airport","Lensk","60.72060013","114.8259964","RU"
"UERP","medium_airport","Polyarny","66.400398","112.029999","RU"
"UERR","medium_airport","Mirny","62.53469849","114.0390015","RU"
"UERS","medium_airport","Saskylakh","71.927902","114.080002","RU"
"UESG","medium_airport","Belaya Gora","68.556227","146.22784","RU"
"UESK","medium_airport","Srednekolymsk","67.4805","153.7364","RU"
"UESO","medium_airport","Chokurdakh","70.6231","147.901993","RU"
"UESS","medium_airport","Cherskiy","68.74060059","161.3379974","RU"
"UEST","medium_airport","Tiksi","71.6977005","128.9029999","RU"
"UESU","medium_airport","Zyryanka","65.7485","150.8889","RU"
"UEVV","medium_airport","Zhigansk","66.79650116","123.3610001","RU"
"UGAM","medium_airport","Ambrolauri","42.52687","43.13538","GE"
"UGKO","large_airport","David the Builder Kutaisi International","42.177448","42.485353","GE"
"UGSB","large_airport","Alexander Kartveli Batumi International","41.60939","41.600315","GE"
"UGSS","medium_airport","Vladislav Ardzinba Sukhum International","42.8582","41.128101","GE"
"UGTB","large_airport","Tbilisi International","41.669201","44.9547","GE"
"UHBB","medium_airport","Ignatyevo","50.42539978","127.4120026","RU"
"UHHH","medium_airport","Khabarovsk Novy","48.528338","135.188588","RU"
"UHKD","medium_airport","Dzemgi","50.605598","137.080994","RU"
"UHKG","medium_airport","Kamenny Ruchey Naval Air Base","49.235703","140.1931","RU"
"UHKK","medium_airport","Komsomolsk-on-Amur","50.4090004","136.9340057","RU"
"UHKM","medium_airport","Sovetskaya Gavan (Maygatka)","48.925067","140.035348","RU"
"UHMA","medium_airport","Ugolny Yuri Ryktheu","64.734902","177.740997","RU"
"UHMD","medium_airport","Provideniya Bay","64.37809753","-173.2429962","RU"
"UHMF","medium_airport","Omsukchan","62.457001","155.744995","RU"
"UHMG","medium_airport","Chaybukha","61.834999","160.548004","RU"
"UHMK","medium_airport","Keperveem","67.845001","166.139999","RU"
"UHMM","medium_airport","Sokol","59.9109993","150.7200012","RU"
"UHMP","medium_airport","Pevek","69.783302","170.597","RU"
"UHMS","medium_airport","Seymchan","62.92078","152.422775","RU"
"UHMT","medium_airport","Magadan-13","59.62329865","150.9219971","RU"
"UHMW","medium_airport","Severo-Evensk","61.921786","159.229059","RU"
"UHNN","medium_airport","Nikolayevsk-na-Amure","53.154999","140.649994","RU"
"UHOO","medium_airport","Okhotsk","59.410065","143.056503","RU"
"UHPL","medium_airport","Palana","59.082064","159.891577","RU"
"UHPP","large_airport","Yelizovo","53.168716","158.451068","RU"
"UHSS","large_airport","Yuzhno-Sakhalinsk International","46.885461","142.717466","RU"
"UHWW","large_airport","Vladivostok International","43.396256","132.148155","RU"
"UIAA","large_airport","Chita-Kadala International","52.024841","113.305839","RU"
"UIAE","medium_airport","Krasnokamensk","50.033108","118.061142","RU"
"UIBB","medium_airport","Bratsk","56.3696","101.701822","RU"
"UIBV","medium_airport","Zheleznogorsk","56.487701","104.106003","RU"
"UIII","large_airport","Irkutsk International","52.266707","104.395563","RU"
"UITT","medium_airport","Ust-Kut","56.856701","105.730003","RU"
"UIUU","large_airport","Baikal International","51.808614","107.439652","RU"
"UKBB","medium_airport","Boryspil International","50.345001","30.894699","UA"
"UKCM","medium_airport","Mariupol International","47.0760994","37.44960022","UA"
"UKDB","medium_airport","Berdyansk","46.814999","36.758099","UA"
"UKDD","medium_airport","Dnipro International","48.357201","35.100601","UA"
"UKDE","large_airport","Zaporizhzhia International","47.866962","35.314723","UA"
"UKDR","medium_airport","Kryvyi Rih International","48.04330063","33.20999908","UA"
"UKFB","medium_airport","Sevastopol International / Belbek Air Base","44.691822","33.57462","UA"
"UKFF","large_airport","Simferopol International","45.0522","33.975101","UA"
"UKFG","medium_airport","Gvardeyskoye (Hvardiiske) Air Base","45.116192","33.976625","UA"
"UKFI","medium_airport","Saky Air Base","45.090611","33.598536","UA"
"UKFY","medium_airport","Dzhankoy Air Base","45.700901","34.4189","UA"
"UKHH","medium_airport","Kharkiv International","49.926943","36.290814","UA"
"UKKE","medium_airport","Cherkasy International","49.4156","31.9953","UA"
"UKKK","medium_airport","Ihor Sikorsky Kyiv International (Zhuliany)","50.40194","30.45194","UA"
"UKKM","medium_airport","Hostomel","50.6035","30.1919","UA"
"UKKO","medium_airport","Ozerne Air Base","50.158298","28.7383","UA"
"UKLH","medium_airport","Khmelnytskyi","49.359699","26.933399","UA"
"UKLI","medium_airport","Ivano-Frankivsk International","48.88420105","24.68610001","UA"
"UKLL","large_airport","Lviv International","49.8125","23.9561","UA"
"UKLN","medium_airport","Chernivtsi International","48.25930023","25.98080063","UA"
"UKLR","medium_airport","Rivne International","50.60710144","26.14159966","UA"
"UKLU","large_airport","Uzhhorod International","48.6343","22.263399","UA"
"UKOH","medium_airport","Kherson International","46.6758","32.506401","UA"
"UKOO","large_airport","Odesa International","46.427196","30.672649","UA"
"UKWW","medium_airport","Vinnytsia/Gavyryshivka International","49.242531","28.613778","UA"
"ULAA","medium_airport","Talagi","64.60030365","40.71670151","RU"
"ULAH","medium_airport","Vaskovo","64.441704","40.4217","RU"
"ULAM","medium_airport","Naryan Mar","67.639999","53.121899","RU"
"ULDD","medium_airport","Amderma","69.76329803","61.5564003","RU"
"ULKK","medium_airport","Kotlas","61.2358017","46.69749832","RU"
"ULLI","large_airport","Pulkovo","59.800301","30.262501","RU"
"ULLP","medium_airport","Pushkin","59.685001","30.338301","RU"
"ULMM","large_airport","Emperor Nicholas II Murmansk","68.7817","32.750801","RU"
"ULOO","medium_airport","Princess Olga Pskov International","57.781316","28.39384","RU"
"ULPB","medium_airport","Petrozavodsk","61.885201","34.154701","RU"
"ULPP","medium_airport","Peski Airfield","61.831944","34.295555","RU"
"ULWC","medium_airport","Cherepovets","59.27360153","38.01580048","RU"
"ULWU","medium_airport","Velikiy Ustyug","60.7883","46.259998","RU"
"ULWW","medium_airport","Vologda","59.282501","39.944401","RU"
"UMBB","large_airport","Brest International","52.108138","23.89676","BY"
"UMGG","medium_airport","Gomel","52.52700043","31.01670074","BY"
"UMII","medium_airport","Vitebsk Vostochny","55.12649918","30.34959984","BY"
"UMKK","large_airport","Khrabrovo","54.89161","20.598559","RU"
"UMMA","medium_airport","Baranavichi Air Base","53.099998","26.049999","BY"
"UMMG","medium_airport","Hrodna","53.602001","24.053801","BY"
"UMMS","large_airport","Minsk National","53.888071","28.039964","BY"
"UMNB","medium_airport","Babruisk Air Base","53.105","29.205","BY"
"UMOO","medium_airport","Mogilev","53.95489883","30.0951004","BY"
"UNAA","large_airport","Abakan International","53.740002","91.385002","RU"
"UNBB","large_airport","Barnaul Gherman Titov International","53.361285","83.539701","RU"
"UNBG","medium_airport","Gorno-Altaysk","51.969204","85.836539","RU"
"UNEE","large_airport","Alexei Leonov Kemerovo International","55.2701","86.107201","RU"
"UNIB","medium_airport","Baykit","61.676701","96.355003","RU"
"UNII","medium_airport","Yeniseysk","58.474201","92.112503","RU"
"UNIP","medium_airport","Podkamennaya Tunguska","61.589699","89.994003","RU"
"UNIS","medium_airport","Severo-Yeniseysk","60.373299","93.011703","RU"
"UNIW","medium_airport","Vanavara","60.356229","102.309641","RU"
"UNKL","large_airport","Krasnoyarsk International","56.175743","92.485788","RU"
"UNKM","medium_airport","Krasnoyarsk Cheremshanka","56.177584","92.545881","RU"
"UNKS","medium_airport","Achinsk","56.269185","90.57511","RU"
"UNKY","medium_airport","Kyzyl","51.669399","94.400597","RU"
"UNNE","medium_airport","Yeltsovka","55.0924","83.004501","RU"
"UNNT","large_airport","Novosibirsk Tolmachevo","55.019756","82.618675","RU"
"UNOO","large_airport","Omsk Central","54.963124","73.312418","RU"
"UNOS","medium_airport","Omsk Severny","54.974998","73.555","RU"
"UNSS","medium_airport","Strezhevoy","60.7094","77.660004","RU"
"UNTT","large_airport","Tomsk Kamov","56.380299","85.208298","RU"
"UNWW","medium_airport","Spichenkovo","53.811401","86.877197","RU"
"UODD","medium_airport","Dikson","73.517807","80.379669","RU"
"UODN","medium_airport","Nagurskoye Airfield","80.803207","47.663586","RU"
"UOHH","medium_airport","Khatanga","71.97810364","102.4909973","RU"
"UOIG","medium_airport","Svetlogorsk","66.839996","88.403336","RU"
"UOII","medium_airport","Igarka","67.437202","86.621902","RU"
"UOOO","large_airport","Alykel International","69.307951","87.325906","RU"
"URKA","medium_airport","Anapa Vityazevo","45.002102","37.347301","RU"
"URKG","medium_airport","Gelendzhik","44.58209263","38.01248074","RU"
"URKK","large_airport","Krasnodar Pashkovsky International","45.034465","39.174215","RU"
"URMG","large_airport","Akhmat Kadyrov Grozny International","43.388106","45.699772","RU"
"URML","large_airport","Makhachkala Uytash International","42.816799","47.652302","RU"
"URMM","large_airport","Mineralnye Vody","44.225101","43.081902","RU"
"URMN","medium_airport","Nalchik","43.512901","43.6366","RU"
"URMO","medium_airport","Vladikavkaz Beslan International","43.205101","44.606602","RU"
"URMS","medium_airport","Magas","43.323268","45.012568","RU"
"URMT","medium_airport","Stavropol Shpakovskoye","45.10919952","42.1128006","RU"
"UROD","medium_airport","Dudinka","69.375","86.15667","RU"
"URRP","large_airport","Platov International","47.493888","39.924722","RU"
"URRT","medium_airport","Taganrog Yuzhny","47.1983333","38.8491667","RU"
"URSS","large_airport","Sochi International","43.449902","39.9566","RU"
"URWA","large_airport","Astrakhan Narimanovo Boris M. Kustodiev International","46.282843","48.010511","RU"
"URWI","medium_airport","Elista","46.37390137","44.33089828","RU"
"URWW","large_airport","Volgograd International","48.78134","44.339194","RU"
"USCC","large_airport","Kurchatov Chelyabinsk International","55.303141","61.504927","RU"
"USCM","large_airport","Magnitogorsk International","53.391991","58.755235","RU"
"USDA","medium_airport","Sabetta International","71.219167","72.052222","RU"
"USDB","medium_airport","Bovanenkovo","70.315278","68.333611","RU"
"USDD","medium_airport","Salekhard","66.59079742","66.61100006","RU"
"USHB","medium_airport","Berezovo","63.92100143","65.03050232","RU"
"USHH","medium_airport","Khanty Mansiysk","61.0285","69.086098","RU"
"USHN","medium_airport","Nyagan","62.110001","65.614998","RU"
"USHQ","medium_airport","Beloyarskiy","63.686901","66.698601","RU"
"USHS","medium_airport","Sovetskiy","61.32662201","63.60191345","RU"
"USHU","medium_airport","Uray","60.103298","64.826698","RU"
"USII","medium_airport","Izhevsk","56.834524","53.462172","RU"
"USKK","medium_airport","Pobedilovo","58.503883","49.347831","RU"
"USMM","medium_airport","Nadym","65.48090363","72.69889832","RU"
"USMU","medium_airport","Novy Urengoy","66.06939697","76.52030182","RU"
"USNN","large_airport","Nizhnevartovsk","60.949299","76.483597","RU"
"USPP","large_airport","Perm International","57.914501","56.021198","RU"
"USRK","medium_airport","Kogalym International","62.19039917","74.53379822","RU"
"USRN","medium_airport","Nefteyugansk","61.108299","72.650002","RU"
"USRO","medium_airport","Noyabrsk","63.18330002","75.26999664","RU"
"USRR","large_airport","Surgut International","61.340501","73.405782","RU"
"USSK","medium_airport","Uktus","56.701698","60.790001","RU"
"USSS","large_airport","Koltsovo","56.74309921","60.80270004","RU"
"USTJ","medium_airport","Tobolsk Remezov","58.059712","68.347997","RU"
"USTR","large_airport","Roshchino International","57.178984","65.327696","RU"
"USUU","medium_airport","Kurgan","55.4753","65.415604","RU"
"UTAA","large_airport","Ashgabat International","37.986801","58.361","TM"
"UTAK","medium_airport","Turkmenbaşy International","40.062833","53.005085","TM"
"UTAM","medium_airport","Mary International","37.62353","61.895668","TM"
"UTAT","large_airport","Dashoguz International","41.759853","59.836149","TM"
"UTAV","large_airport","Türkmenabat International","38.930662","63.563982","TM"
"UTDD","large_airport","Dushanbe International","38.543746","68.822977","TJ"
"UTDK","large_airport","Kulob International","37.988098","69.805","TJ"
"UTDL","large_airport","Khujand International","40.215401","69.694702","TJ"
"UTDT","large_airport","Bokhtar International","37.866315","68.864475","TJ"
"UTFN","large_airport","Namangan International","40.984622","71.5578","UZ"
"UTKA","medium_airport","Andijan International","40.727699","72.293999","UZ"
"UTKF","medium_airport","Fergana International","40.358799","71.745003","UZ"
"UTNN","large_airport","Nukus International","42.4884","59.623299","UZ"
"UTNU","large_airport","Urgench International","41.58274","60.64338","UZ"
"UTSA","medium_airport","Navoi International","40.117599","65.172658","UZ"
"UTSB","large_airport","Bukhara International","39.775319","64.482279","UZ"
"UTSS","large_airport","Samarkand International","39.701842","66.981467","UZ"
"UTST","medium_airport","Termez","37.287261","67.311869","UZ"
"UTTP","medium_airport","Tashkent-Khumo International","41.312889","69.395535","UZ"
"UTTT","large_airport","Tashkent International","41.2579","69.281197","UZ"
"UTTZ","medium_airport","Zomin","40.01402","68.41103","UZ"
"UUBA","medium_airport","Kostroma Sokerkino","57.796902","41.019402","RU"
"UUBC","medium_airport","Grabtsevo","54.54999924","36.3666687","RU"
"UUBI","medium_airport","Ivanovo South","56.93939972","40.94079971","RU"
"UUBK","medium_airport","Staroselye","58.104198","38.929401","RU"
"UUBP","medium_airport","Bryansk International","53.214403","34.175965","RU"
"UUBW","large_airport","Zhukovsky International","55.553299","38.150002","RU"
"UUDD","large_airport","Domodedovo International","55.408798","37.9063","RU"
"UUDL","large_airport","Golden Ring Yaroslavl International","57.560699","40.157398","RU"
"UUEE","large_airport","Sheremetyevo International","55.976858","37.41121","RU"
"UUEM","medium_airport","Migalovo Air Base","56.8246994","35.75770187","RU"
"UUMT","medium_airport","Tretyakovo","54.904999","39.026669","RU"
"UUMU","medium_airport","Chkalovskiy Air Base","55.8783","38.061699","RU"
"UUOB","medium_airport","Belgorod International","50.64379883","36.59009933","RU"
"UUOK","medium_airport","Kursk East","51.75059891","36.29560089","RU"
"UUOL","medium_airport","Lipetsk","52.70280075","39.53779984","RU"
"UUOO","medium_airport","Voronezh International","51.814324","39.230948","RU"
"UUOT","medium_airport","Donskoye","52.806099","41.4828","RU"
"UUWW","large_airport","Vnukovo International","55.591499","37.261501","RU"
"UUYH","medium_airport","Ukhta","63.566898","53.804699","RU"
"UUYI","medium_airport","Inta","66.053372","60.105786","RU"
"UUYK","medium_airport","Vuktyl","63.823299","57.279999","RU"
"UUYP","medium_airport","Pechora","65.121101","57.130798","RU"
"UUYS","medium_airport","Usinsk","66.0047","57.367199","RU"
"UUYV","medium_airport","Izhma","65.0317","53.970001","RU"
"UUYW","medium_airport","Vorkuta","67.488602","63.993099","RU"
"UUYX","medium_airport","Ust-Tsylma","65.437294","52.200336","RU"
"UUYY","medium_airport","Syktyvkar","61.64699936","50.8451004","RU"
"UWGG","large_airport","Nizhny Novgorod / Strigino International","56.227351","43.785152","RU"
"UWKB","medium_airport","Bugulma","54.641184","52.800229","RU"
"UWKD","large_airport","Kazan International","55.606201","49.278702","RU"
"UWKE","medium_airport","Begishevo","55.564701","52.092499","RU"
"UWKG","medium_airport","Borisoglebskoye","55.866699","49.133301","RU"
"UWKJ","medium_airport","Yoshkar-Ola","56.7006","47.904701","RU"
"UWKS","medium_airport","Cheboksary","56.090302","47.347301","RU"
"UWLL","medium_airport","Ulyanovsk Baratayevka","54.27016","48.225569","RU"
"UWLW","medium_airport","Ulyanovsk Vostochny","54.401001","48.8027","RU"
"UWOO","medium_airport","Orenburg Central","51.792668","55.457229","RU"
"UWOR","medium_airport","Orsk","51.072498","58.5956","RU"
"UWPP","medium_airport","Penza","53.1106","45.021099","RU"
"UWPS","large_airport","Saransk International","54.12513","45.212257","RU"
"UWSB","medium_airport","Balakovo","51.858299","47.745602","RU"
"UWSG","large_airport","Gagarin International","51.712778","46.171111","RU"
"UWUU","large_airport","Ufa International","54.55749893","55.87440109","RU"
"UWWB","medium_airport","Buguruslan Severny","53.718399","52.371899","RU"
"UWWG","medium_airport","Bezymyanka Airfield","53.220001","50.325001","RU"
"UWWW","large_airport","Kurumoch International","53.504902","50.164299","RU"
"VAAH","large_airport","Sardar Vallabh Patel International","23.0772","72.634697","IN"
"VAAK","medium_airport","Akola","20.698931","77.056883","IN"
"VAAU","medium_airport","Aurangabad","19.862875","75.396312","IN"
"VABB","large_airport","Mumbai Chhatrapati Shivaji Maharaj International","19.088699","72.867897","IN"
"VABJ","medium_airport","Bhuj","23.28779984","69.67019653","IN"
"VABM","medium_airport","Belagavi","15.8593","74.618301","IN"
"VABO","large_airport","Vadodara International","22.336201","73.226303","IN"
"VABP","large_airport","Raja Bhoj International","23.2875","77.337402","IN"
"VABV","medium_airport","Bhavnagar","21.75219917","72.18520355","IN"
"VADN","medium_airport","Daman","20.434401","72.843201","IN"
"VAHB","medium_airport","Hubballi","15.361084","75.082096","IN"
"VAHS","large_airport","Rajkot International","22.378824","71.039391","IN"
"VAID","large_airport","Devi Ahilya Bai Holkar International","22.721404","75.80051","IN"
"VAJB","medium_airport","Jabalpur","23.177799","80.052002","IN"
"VAJM","medium_airport","Jamnagar","22.46549988","70.01260376","IN"
"VAKE","medium_airport","Kandla","23.1127","70.100304","IN"
"VAKJ","medium_airport","Khajuraho","24.8172","79.918602","IN"
"VAKP","medium_airport","Kolhapur","16.6647","74.289398","IN"
"VAKS","medium_airport","Keshod","21.317101","70.270401","IN"
"VALT","medium_airport","Murod Kond","18.411501","76.464699","IN"
"VAND","medium_airport","Nanded","19.1833","77.316704","IN"
"VANP","large_airport","Dr. Babasaheb Ambedkar International","21.092199","79.047203","IN"
"VAOZ","large_airport","Nashik International","20.119101","73.912903","IN"
"VAPO","large_airport","Pune International","18.5821","73.919701","IN"
"VAPR","medium_airport","Porbandar","21.649524","69.656405","IN"
"VARG","medium_airport","Ratnagiri","17.013599","73.327797","IN"
"VARK","medium_airport","Rajkot","22.3092","70.779503","IN"
"VARP","medium_airport","Swami Vivekananda","21.180401","81.7388","IN"
"VASD","large_airport","Shirdi International","19.689211","74.373655","IN"
"VASL","medium_airport","Solapur","17.62800026","75.93479919","IN"
"VASU","large_airport","Surat International","21.115531","72.743251","IN"
"VAUD","medium_airport","Maharana Pratap","24.61770058","73.89610291","IN"
"VCBI","large_airport","Colombo Bandaranaike International","7.180759907","79.88410187","LK"
"VCCA","medium_airport","Anuradhapura","8.301542","80.42848","LK"
"VCCB","medium_airport","Batticaloa International","7.705073","81.677163","LK"
"VCCC","large_airport","Colombo Ratmalana International","6.821638","79.885859","LK"
"VCCG","medium_airport","Ampara","7.336745","81.623869","LK"
"VCCH","medium_airport","Hingurakgoda Air Force Base","8.04981","80.9814","LK"
"VCCJ","large_airport","Jaffna International","9.79233","80.070099","LK"
"VCCK","medium_airport","Koggala","5.99368","80.32029724","LK"
"VCCT","medium_airport","China Bay","8.539159","81.18128","LK"
"VCRI","large_airport","Mattala Rajapaksa International","6.283878","81.124163","LK"
"VDBG","medium_airport","Battambang","13.0956","103.223999","KH"
"VDPP","large_airport","Phnom Penh International","11.547155","104.844699","KH"
"VDPI","large_airport","Phnom Penh Techo International","11.358333","104.933056","KH"
"VDRK","medium_airport","Ratanakiri","13.72999954","106.9869995","KH"
"VDSA","large_airport","Siem Reap-Angkor International","13.36974","104.223831","KH"
"VDSV","large_airport","Sihanouk International","10.570557","103.632067","KH"
"VEAN","medium_airport","Along","28.1753006","94.80200195","IN"
"VEAT","medium_airport","Agartala - Maharaja Bir Bikram","23.886999","91.240402","IN"
"VEBD","large_airport","Bagdogra","26.6812","88.328598","IN"
"VEBI","medium_airport","Shillong","25.70359993","91.97869873","IN"
"VEBN","large_airport","Lal Bahadur Shastri International","25.452171","82.862549","IN"
"VEBS","large_airport","Biju Patnaik International","20.251021","85.814747","IN"
"VEBU","medium_airport","Bilaspur","21.9884","82.111","IN"
"VECC","large_airport","Netaji Subhash Chandra Bose International","22.654012","88.44765","IN"
"VEDB","medium_airport","Dhanbad","23.834","86.425301","IN"
"VEDG","medium_airport","Kazi Nazrul Islam","23.6225","87.243","IN"
"VEDH","medium_airport","Darbhanga","26.192801","85.916901","IN"
"VEGK","medium_airport","Gorakhpur","26.73970032","83.4496994","IN"
"VEGT","large_airport","Lokpriya Gopinath Bordoloi International","26.106654","91.585226","IN"
"VEGY","medium_airport","Gaya","24.744301","84.951202","IN"
"VEHX","medium_airport","Hashimara Air Force Station","26.698299","89.369102","IN"
"VEIM","large_airport","Bir Tikendrajit International","24.76","93.896698","IN"
"VEJS","medium_airport","Sonari","22.813706","86.168981","IN"
"VEJT","medium_airport","Jorhat","26.730456","94.175416","IN"
"VEKI","medium_airport","Kushinagar International","26.776534","83.889214","IN"
"VEKR","medium_airport","Kailashahar","24.308657","92.00768","IN"
"VEKU","medium_airport","Silchar","24.91290092","92.97869873","IN"
"VELP","medium_airport","Lengpui","23.840599","92.619698","IN"
"VELR","medium_airport","Lilabari North Lakhimpur","27.295682","94.097266","IN"
"VEMN","medium_airport","Dibrugarh","27.48390007","95.01689911","IN"
"VEMR","medium_airport","Dimapur","25.88389969","93.77110291","IN"
"VEMZ","medium_airport","Muzaffarpur","26.119101","85.313698","IN"
"VEPH","medium_airport","Panagarh Air Force Station","23.47430038","87.42749786","IN"
"VEPT","medium_airport","Jay Prakash Narayan","25.591299","85.087997","IN"
"VERC","medium_airport","Birsa Munda","23.31430054","85.32170105","IN"
"VERK","medium_airport","Rourkela","22.256571","84.815193","IN"
"VETZ","medium_airport","Tezpur","26.70910072","92.78469849","IN"
"VEUK","medium_airport","Utkela","20.097778","83.183333","IN"
"VEVZ","large_airport","Visakhapatnam International","17.723506","83.227729","IN"
"VEZO","medium_airport","Ziro","27.588301","93.828102","IN"
"VGBR","medium_airport","Barisal","22.801001","90.301201","BD"
"VGCB","medium_airport","Cox's Bazar","21.457517","91.963263","BD"
"VGEG","large_airport","Shah Amanat International","22.249599","91.813301","BD"
"VGHS","large_airport","Dhaka Hazrat Shahjalal International","23.843347","90.397783","BD"
"VGIS","medium_airport","Ishurdi","24.1525","89.0494","BD"
"VGJR","medium_airport","Jessore","23.1838","89.160797","BD"
"VGRJ","medium_airport","Shah Makhdum","24.437201","88.616501","BD"
"VGSD","medium_airport","Saidpur","25.759199","88.908897","BD"
"VGSY","large_airport","Osmany International","24.963071","91.866903","BD"
"VHHH","large_airport","Hong Kong International","22.31184","113.914862","HK"
"VHSK","medium_airport","Shek Kong Air Base","22.4366","114.080002","HK"
"VIAG","medium_airport","Agra / Agra Air Force Station","27.157975","77.961025","IN"
"VIAL","medium_airport","Prayagraj","25.4401","81.733902","IN"
"VIAM","medium_airport","Ambala Air Force Station","30.368099","76.816704","IN"
"VIAR","large_airport","Sri Guru Ram Das Ji International","31.7096","74.797302","IN"
"VIBK","medium_airport","Nal","28.070601","73.207199","IN"
"VIBR","medium_airport","Kullu Manali","31.876699","77.154404","IN"
"VIBT","medium_airport","Bhatinda Air Force Station","30.2701","74.755798","IN"
"VIBY","medium_airport","Bareilly Air Force Station","28.4221","79.450798","IN"
"VICG","large_airport","Shaheed Bhagat Singh International","30.6735","76.788498","IN"
"VICX","medium_airport","Kanpur","26.404301","80.410103","IN"
"VIDD","medium_airport","Safdarjung","28.585453","77.203563","IN"
"VIDN","medium_airport","Dehradun Jolly Grant","30.189243","78.176651","IN"
"VIDP","large_airport","Delhi Indira Gandhi International","28.55563","77.09519","IN"
"VIGG","medium_airport","Kangra","32.164902","76.263018","IN"
"VIGR","medium_airport","Gwalior","26.29330063","78.22779846","IN"
"VIHR","large_airport","Maharaja Agrasen International","29.186065","75.74142","IN"
"VIHX","large_airport","Halwara International","30.748501","75.629799","IN"
"VIJO","medium_airport","Jodhpur","26.25110054","73.04889679","IN"
"VIJP","large_airport","Jaipur International","26.8242","75.812202","IN"
"VIJR","medium_airport","Jaisalmer","26.8887","70.864998","IN"
"VIJU","medium_airport","Jammu","32.688849","74.838152","IN"
"VIKG","medium_airport","Kishangarh Ajmer","26.591007","74.812956","IN"
"VIKO","medium_airport","Kota","25.16020012","75.84559631","IN"
"VILD","medium_airport","Ludhiana","30.85470009","75.95259857","IN"
"VILH","medium_airport","Leh Kushok Bakula Rimpochee","34.135899","77.546501","IN"
"VILK","large_airport","Chaudhary Charan Singh International","26.760599","80.889297","IN"
"VIMB","medium_airport","Moradabad","28.81746","78.92187","IN"
"VIPK","medium_airport","Pathankot","32.233611","75.634444","IN"
"VIPT","medium_airport","Pantnagar","29.0334","79.473701","IN"
"VISA","medium_airport","Sirsa Air Force Station","29.5606","75.006104","IN"
"VISR","large_airport","Sheikh ul Alam International","33.987099","74.7742","IN"
"VIUX","medium_airport","Udhampur Air Force Station","32.902152","75.155709","IN"
"VLLB","large_airport","Luang Phabang International","19.904273","102.167191","LA"
"VLPS","large_airport","Pakse International","15.133973","105.779871","LA"
"VLSK","medium_airport","Savannakhet","16.55660057","104.7600021","LA"
"VLSN","medium_airport","Sam Neua","20.4184","104.067001","LA"
"VLVT","large_airport","Wattay International","17.985052","102.566692","LA"
"VMMC","large_airport","Macau International","22.149599","113.592003","MO"
"VNBW","large_airport","Gautam Buddha International","27.504636","83.410381","NP"
"VNJP","medium_airport","Janakpur","26.708799","85.922401","NP"
"VNKT","large_airport","Kathmandu Tribhuvan International","27.6966","85.3591","NP"
"VNLK","medium_airport","Tenzing-Hillary","27.686768","86.729479","NP"
"VNNG","medium_airport","Nepalgunj","28.1036","81.667","NP"
"VNPK","medium_airport","Pokhara Domestic","28.200621","83.981203","NP"
"VNTJ","medium_airport","Taplejung","27.3509","87.69525","NP"
"VNVT","medium_airport","Biratnagar","26.48150063","87.26399994","NP"
"VOAT","medium_airport","Agatti","10.8237","72.176003","IN"
"VOBG","medium_airport","HAL","12.95","77.668198","IN"
"VOBI","medium_airport","Bellary","15.16279984","76.88279724","IN"
"VOBL","large_airport","Bangalore Kempegowda International Bengaluru","13.1979","77.706299","IN"
"VOBR","medium_airport","Bidar / Bidar Air Force Station","17.9081","77.487099","IN"
"VOBZ","large_airport","Vijayawada International","16.530011","80.804888","IN"
"VOCB","large_airport","Coimbatore International","11.03","77.043404","IN"
"VOCI","large_airport","Cochin International","10.151047","76.400838","IN"
"VOCL","large_airport","Calicut International","11.135996","75.955152","IN"
"VOCP","medium_airport","Kadapa","14.513154","78.769183","IN"
"VOCX","medium_airport","Car Nicobar Air Force Base","9.153056","92.819273","IN"
"VODG","medium_airport","Dundigul Air Force Academy","17.62719917","78.40339661","IN"
"VOGA","large_airport","Manohar International","15.744257","73.860625","IN"
"VOGO","large_airport","Goa Dabolim International","15.380062","73.833328","IN"
"VOHS","large_airport","Rajiv Gandhi International","17.231318","78.429855","IN"
"VOHY","medium_airport","Begumpet","17.4531","78.467598","IN"
"VOKN","large_airport","Kannur International","11.916343","75.544979","IN"
"VOKU","medium_airport","Kurnool","15.716288","78.16923","IN"
"VOMD","medium_airport","Madurai","9.83450985","78.09339905","IN"
"VOML","large_airport","Mangaluru International","12.95471","74.886812","IN"
"VOMM","large_airport","Chennai International","12.990005","80.169296","IN"
"VOMY","medium_airport","Mysore","12.229751","76.653683","IN"
"VOPB","large_airport","Veer Savarkar International / INS Utkrosh","11.640194","92.72902","IN"
"VOPC","medium_airport","Pondicherry","11.968","79.812","IN"
"VOPN","medium_airport","Sri Sathya Sai","14.14929962","77.79109955","IN"
"VORY","medium_airport","Rajahmundry","17.105799","81.813204","IN"
"VOSM","medium_airport","Salem","11.7833004","78.06559753","IN"
"VOTP","large_airport","Tirupati International","13.631988","79.539869","IN"
"VOTR","large_airport","Tiruchirappalli International","10.762915","78.717741","IN"
"VOTV","large_airport","Thiruvananthapuram International","8.481889","76.920029","IN"
"VQGP","medium_airport","Gelephu","26.88456","90.46412","BT"
"VQPR","large_airport","Paro International","27.4032","89.424599","BT"
"VRDA","large_airport","Maafaru International","5.817407","73.468404","MV"
"VRMG","large_airport","Gan International","-0.692975","73.152627","MV"
"VRMH","large_airport","Hanimaadhoo International","6.743235","73.167072","MV"
"VRMK","medium_airport","Kadhdhoo","1.85916996","73.52189636","MV"
"VRMM","large_airport","Velana International","4.19183","73.529099","MV"
"VRMT","medium_airport","Kaadedhdhoo","0.488131","72.996902","MV"
"VRMV","medium_airport","Villa International Maamigili","3.471751","72.832633","MV"
"VTBD","large_airport","Bangkok Don Mueang International","13.9126","100.607002","TH"
"VTBK","medium_airport","Kamphaeng Saen","14.10200024","99.91719818","TH"
"VTBL","medium_airport","Khok Kathiam","14.87462","100.663397","TH"
"VTBO","medium_airport","Trat","12.2746","102.319","TH"
"VTBS","large_airport","Bangkok Suvarnabhumi","13.6811","100.747002","TH"
"VTBU","large_airport","U-Tapao–Rayong–Pattaya International","12.6799","101.004997","TH"
"VTCC","large_airport","Chiang Mai International","18.76679993","98.96260071","TH"
"VTCH","medium_airport","Mae Hong Son","19.3013","97.9758","TH"
"VTCL","medium_airport","Lampang","18.27090073","99.5042038","TH"
"VTCN","medium_airport","Nan","18.80789948","100.7829971","TH"
"VTCP","medium_airport","Phrae","18.1322","100.165001","TH"
"VTCT","large_airport","Mae Fah Luang - Chiang Rai International","19.952299","99.882896","TH"
"VTPB","medium_airport","Phetchabun","16.6760006","101.1949997","TH"
"VTPH","medium_airport","Hua Hin","12.63619995","99.95149994","TH"
"VTPI","medium_airport","Takhli Royal Thai Air Force Base","15.2773","100.295998","TH"
"VTPM","medium_airport","Mae Sot","16.69989967","98.54509735","TH"
"VTPO","medium_airport","Sukhothai","17.23800087","99.81819916","TH"
"VTPP","medium_airport","Phitsanulok","16.7829","100.278999","TH"
"VTPT","medium_airport","Tak","16.896","99.253304","TH"
"VTSB","medium_airport","Surat Thani","9.132599831","99.13559723","TH"
"VTSC","medium_airport","Narathiwat","6.519919872","101.7429962","TH"
"VTSE","medium_airport","Chumphon","10.7112","99.361702","TH"
"VTSF","medium_airport","Nakhon Si Thammarat","8.539620399","99.94470215","TH"
"VTSG","large_airport","Krabi International","8.095591","98.988955","TH"
"VTSH","medium_airport","Songkhla","7.186560154","100.6080017","TH"
"VTSK","medium_airport","Pattani","6.78546","101.153999","TH"
"VTSM","large_airport","Samui International","9.54779","100.061996","TH"
"VTSN","medium_airport","Cha Eian","8.47115","99.955597","TH"
"VTSP","large_airport","Phuket International","8.113257","98.3174","TH"
"VTSR","medium_airport","Ranong","9.77762","98.585503","TH"
"VTSS","large_airport","Hat Yai International","6.93321","100.392998","TH"
"VTST","medium_airport","Trang","7.50874","99.6166","TH"
"VTUD","large_airport","Udon Thani International","17.386186","102.788577","TH"
"VTUI","medium_airport","Sakon Nakhon","17.19510078","104.1190033","TH"
"VTUJ","medium_airport","Surin","14.86830044","103.4980011","TH"
"VTUK","medium_airport","Khon Kaen","16.46660042","102.7839966","TH"
"VTUL","medium_airport","Loei","17.43910027","101.7220001","TH"
"VTUO","medium_airport","Buri Ram","15.2295","103.252998","TH"
"VTUQ","medium_airport","Nakhon Ratchasima","14.9495","102.313004","TH"
"VTUU","medium_airport","Ubon Ratchathani","15.25129986","104.8700027","TH"
"VTUV","medium_airport","Roi Et","16.1168","103.774002","TH"
"VTUW","medium_airport","Nakhon Phanom","17.383801","104.642998","TH"
"VVBM","medium_airport","Buon Ma Thuot","12.66829968","108.1200027","VN"
"VVCI","large_airport","Cat Bi International","20.817428","106.724315","VN"
"VVCM","medium_airport","Cà Mau","9.177667","105.177778","VN"
"VVCR","large_airport","Cam Ranh International / Cam Ranh Air Base","11.9982","109.219002","VN"
"VVCS","medium_airport","Con Dao","8.73183","106.633003","VN"
"VVCT","large_airport","Can Tho International","10.083397","105.709371","VN"
"VVDB","medium_airport","Dien Bien Phu","21.39749908","103.0080032","VN"
"VVDH","medium_airport","Dong Hoi","17.515","106.590556","VN"
"VVDL","medium_airport","Lien Khuong","11.750556","108.366997","VN"
"VVDN","large_airport","Da Nang International","16.0439","108.198997","VN"
"VVGL","medium_airport","Gia Lam Air Base","21.040501","105.886002","VN"
"VVNB","large_airport","Hanoi Noi Bai International","21.221201","105.806999","VN"
"VVPB","medium_airport","Phu Bai International","16.400628","107.703094","VN"
"VVPC","medium_airport","Phu Cat","13.955","109.042","VN"
"VVPK","medium_airport","Pleiku","14.00450039","108.0169983","VN"
"VVPQ","large_airport","Phú Quốc International","10.169783","103.99353","VN"
"VVRG","medium_airport","Rach Gia","9.958029972","105.1323795","VN"
"VVTH","medium_airport","Dong Tac","13.0496","109.334","VN"
"VVTS","large_airport","Ho Chi Minh City Tan Son Nhat International","10.8188","106.652","VN"
"VVVD","medium_airport","Van Don International","21.120693","107.41539","VN"
"VVVH","medium_airport","Vinh","18.73760033","105.6709976","VN"
"VYDW","medium_airport","Dawei","14.1039","98.203598","MM"
"VYHH","medium_airport","Heho","20.74714","96.792029","MM"
"VYKG","medium_airport","Kengtung","21.3015995","99.63600159","MM"
"VYKP","medium_airport","Kyaukpyu","19.42639923","93.53479767","MM"
"VYKT","medium_airport","Kawthoung","10.04930019","98.53800201","MM"
"VYLK","medium_airport","Loikaw","19.69149971","97.21479797","MM"
"VYLS","medium_airport","Lashio","22.97789955","97.75219727","MM"
"VYMD","large_airport","Mandalay International","21.70219994","95.97789764","MM"
"VYME","medium_airport","Myeik","12.43980026","98.62149811","MM"
"VYMK","medium_airport","Myitkyina","25.3836","97.351898","MM"
"VYML","medium_airport","Meiktila Air Base","20.88640022","95.89279175","MM"
"VYMO","medium_airport","Momeik","23.09250069","96.64530182","MM"
"VYMS","medium_airport","Mong Hsat","20.51679993","99.25679779","MM"
"VYNP","medium_airport","Nampong Air Base","25.35440063","97.29519653","MM"
"VYNS","medium_airport","Namsang","20.89049911","97.73590088","MM"
"VYNT","large_airport","Nay Pyi Taw International","19.623501","96.200996","MM"
"VYPT","medium_airport","Putao","27.32990074","97.42630005","MM"
"VYST","medium_airport","Shante Air Base","20.94169998","95.91449738","MM"
"VYSW","medium_airport","Sittwe","20.133165","92.870693","MM"
"VYTD","medium_airport","Thandwe","18.46069908","94.30010223","MM"
"VYTL","medium_airport","Tachileik","20.48380089","99.93540192","MM"
"VYYY","large_airport","Yangon International","16.90730095","96.1332016","MM"
"WAAA","large_airport","Sultan Hasanuddin International","-5.075539","119.553702","ID"
"WABB","medium_airport","Frans Kaisiepo","-1.19002","136.108002","ID"
"WABI","medium_airport","Douw Aturure","-3.397973","135.393071","ID"
"WABO","medium_airport","Stevanus Rumbewas","-1.82842","136.062402","ID"
"WABP","medium_airport","Mozes Kilangin","-4.52978","136.887388","ID"
"WADB","medium_airport","Sultan Muhammad Salahuddin","-8.537184","118.685002","ID"
"WADD","large_airport","Denpasar I Gusti Ngurah Rai International","-8.748409","115.167123","ID"
"WADL","large_airport","Lombok International","-8.759962","116.278169","ID"
"WAEE","medium_airport","Sultan Babullah","0.831012","127.381611","ID"
"WAEW","medium_airport","Pitu","2.04599","128.324997","ID"
"WAFB","medium_airport","Toraja","-3.185833","119.91775","ID"
"WAFF","medium_airport","Mutiara - SIS Al-Jufrie","-0.916462","119.908647","ID"
"WAFP","medium_airport","Kasiguncu","-1.414121","120.659241","ID"
"WAFW","medium_airport","Syukuran Aminuddin Amir","-1.035893","122.773934","ID"
"WAGG","medium_airport","Tjilik Riwut","-2.227146","113.943388","ID"
"WAHI","large_airport","Yogyakarta International","-7.905338","110.057264","ID"
"WAHL","medium_airport","Tunggul Wulung","-7.64506","109.033997","ID"
"WAJJ","large_airport","Dortheys Hiyo Eluay International","-2.579627","140.519857","ID"
"WAJO","medium_airport","Oksibil","-4.9071","140.6277","ID"
"WAKK","medium_airport","Mopah International","-8.523898","140.419693","ID"
"WAKT","medium_airport","Tanah Merah","-6.09669","140.303521","ID"
"WALK","medium_airport","Nusantara International","-1.16053","116.71193","ID"
"WALL","large_airport","Sultan Aji Muhammad Sulaiman Sepinggan International","-1.268342","116.89452","ID"
"WALR","medium_airport","Juwata International / Suharnoko Harbani AFB","3.325145","117.564169","ID"
"WALS","medium_airport","Aji Pangeran Tumenggung Pranoto International","-0.374478","117.250128","ID"
"WAMH","medium_airport","Naha","3.68478","125.527162","ID"
"WAMM","large_airport","Sam Ratulangi International","1.548591","124.92625","ID"
"WAON","medium_airport","Warukin","-2.21656","115.435997","ID"
"WAOO","large_airport","Syamsudin Noor International","-3.440112","114.761209","ID"
"WAPF","medium_airport","Karel Sadsuitubun","-5.760278","132.759444","ID"
"WAPN","medium_airport","Namniwel","-3.143159","126.976469","ID"
"WAPP","large_airport","Pattimura International","-3.71026","128.089005","ID"
"WAQT","medium_airport","Kalimarau","2.14776","117.430705","ID"
"WARA","medium_airport","Abdul Rachman Saleh","-7.929099","112.714233","ID"
"WARJ","medium_airport","Adisutjipto International","-7.78818","110.431999","ID"
"WARQ","large_airport","Adisoemarmo International","-7.516044","110.757492","ID"
"WARR","large_airport","Juanda International","-7.37983","112.787003","ID"
"WARS","large_airport","Jenderal Ahmad Yani","-6.970732","110.373244","ID"
"WASF","medium_airport","Fakfak","-2.920508","132.267011","ID"
"WASK","medium_airport","Utarom","-3.6446","133.695116","ID"
"WASO","medium_airport","Babo","-2.53224","133.438995","ID"
"WASR","medium_airport","Rendani","-0.891833","134.048996","ID"
"WASS","medium_airport","Domine Eduard Osok","-0.894","131.287","ID"
"WATT","medium_airport","El Tari","-10.1716","123.670998","ID"
"WAVV","medium_airport","Wamena","-4.097324","138.952417","ID"
"WAWD","medium_airport","Matahora","-5.292123","123.636233","ID"
"WAWP","medium_airport","Sangia Nibandera","-4.338158","121.524047","ID"
"WBGB","medium_airport","Bintulu","3.123850107","113.0199966","MY"
"WBGG","large_airport","Kuching International","1.487364","110.352859","MY"
"WBGJ","medium_airport","Limbang","4.808300018","115.0100021","MY"
"WBGK","medium_airport","Mukah","2.881944","112.043333","MY"
"WBGM","medium_airport","Marudi","4.178734","114.330318","MY"
"WBGR","medium_airport","Miri","4.32201","113.987","MY"
"WBGS","medium_airport","Sibu","2.2616","111.985001","MY"
"WBGZ","medium_airport","Bario","3.734648","115.478548","MY"
"WBKD","medium_airport","Lahad Datu","5.03241","118.32376","MY"
"WBKK","large_airport","Kota Kinabalu International","5.932743","116.049324","MY"
"WBKL","medium_airport","Labuan","5.301667","115.248333","MY"
"WBKS","medium_airport","Sandakan","5.900899887","118.0589981","MY"
"WBKW","medium_airport","Tawau","4.31338","118.12152","MY"
"WBMU","medium_airport","Mulu","4.04832983","114.8050003","MY"
"WBSB","large_airport","Brunei International","4.9442","114.928001","BN"
"WIBB","medium_airport","Sultan Syarif Kasim II International / Roesmin Nurjadin AFB","0.458647","101.444321","ID"
"WIBD","medium_airport","Pinang Kampai","1.609026","101.433493","ID"
"WIBJ","medium_airport","Japura","-0.352808","102.334999","ID"
"WICA","medium_airport","Kertajati International","-6.647384","108.165561","ID"
"WICC","medium_airport","Husein Sastranegara International","-6.90063","107.575996","ID"
"WIDD","large_airport","Hang Nadim International","1.12103","104.119003","ID"
"WIDN","medium_airport","Raja Haji Fisabilillah International","0.92397","104.53341","ID"
"WIHH","large_airport","Halim Perdanakusuma International","-6.266989","106.890318","ID"
"WIII","large_airport","Jakarta Soekarno-Hatta International","-6.12557","106.655998","ID"
"WILL","medium_airport","Radin Inten II International","-5.246803","105.182531","ID"
"WIMB","medium_airport","Binaka","1.166275","97.705196","ID"
"WIME","medium_airport","Aek Godang","1.4001","99.430496","ID"
"WIMK","medium_airport","Soewondo Air Force Base","3.558425","98.672275","ID"
"WIMM","large_airport","Kualanamu International","3.637847","98.870566","ID"
"WIMS","medium_airport","Dr. Ferdinand Lumban Tobing","1.557127","98.887145","ID"
"WIMU","medium_airport","Alas Leuser","3.391456","97.863726","ID"
"WIOG","medium_airport","Nanga Pinoh","-0.34864","111.746155","ID"
"WIOK","medium_airport","Rahadi Osman","-1.817165","109.963469","ID"
"WION","medium_airport","Ranai","3.90871","108.388","ID"
"WIOO","large_airport","Supadio International","-0.152258","109.404493","ID"
"WIOP","medium_airport","Pangsuma","0.834579","112.940217","ID"
"WIOS","medium_airport","Tebelian","-0.045214","111.458049","ID"
"WIPK","medium_airport","Depati Amir","-2.1622","106.139","ID"
"WIPL","medium_airport","Fatmawati Soekarno","-3.8637","102.338997","ID"
"WIPP","medium_airport","Sultan Mahmud Badaruddin II","-2.897653","104.698147","ID"
"WIPQ","medium_airport","Pendopo","-3.286070108","103.8799973","ID"
"WIPT","large_airport","Minangkabau International","-0.785964","100.280384","ID"
"WITC","medium_airport","Cut Nyak Dhien","4.040998","96.253312","ID"
"WITK","medium_airport","Rembele","4.72113","96.851943","ID"
"WITL","medium_airport","Lhok Sukon","5.06951","97.259201","ID"
"WITT","large_airport","Sultan Iskandar Muda International","5.525087","95.41997","ID"
"WMAP","medium_airport","Kluang","2.041389942","103.3069992","MY"
"WMBT","medium_airport","Tioman","2.81818","104.160004","MY"
"WMKA","medium_airport","Sultan Abdul Halim","6.189670086","100.3980026","MY"
"WMKB","medium_airport","RMAF Butterworth Air Base","5.46592","100.390999","MY"
"WMKC","medium_airport","Sultan Ismail Petra","6.16685009","102.2929993","MY"
"WMKD","medium_airport","Kuantan","3.77538991","103.2089996","MY"
"WMKE","medium_airport","Kerteh","4.53722","103.427002","MY"
"WMKI","large_airport","Sultan Azlan Shah","4.56733","101.091643","MY"
"WMKJ","large_airport","Senai International","1.64131","103.669998","MY"
"WMKK","large_airport","Kuala Lumpur International","2.74558","101.709999","MY"
"WMKL","large_airport","Langkawi International","6.32973","99.728699","MY"
"WMKM","medium_airport","Malacca International","2.265613","102.252778","MY"
"WMKN","medium_airport","Sultan Mahmud","5.382639885","103.1029968","MY"
"WMKP","large_airport","Penang International","5.296303","100.276185","MY"
"WMSA","large_airport","Sultan Abdul Aziz Shah International","3.13058","101.549004","MY"
"WPDB","medium_airport","Commander in Chief of FALINTIL, Kay Rala Xanana Gusmão, International","-9.301856","125.286302","TL"
"WPDL","large_airport","Presidente Nicolau Lobato International","-8.546562","125.524507","TL"
"WPEC","medium_airport","Baucau","-8.486479","126.399981","TL"
"WPOC","large_airport","Oecusse Route of the Sandalwood International","-9.198419","124.337873","TL"
"WSAC","medium_airport","Changi Air Base (East)","1.344140053","104.0090027","SG"
"WSAG","medium_airport","Sembawang Air Base","1.42526","103.813004","SG"
"WSAP","medium_airport","Paya Lebar Air Base","1.36042","103.910004","SG"
"WSAT","medium_airport","Tengah Air Base","1.387561","103.708291","SG"
"WSSL","medium_airport","Seletar","1.41555","103.86673","SG"
"WSSS","large_airport","Singapore Changi International","1.35019","103.994003","SG"
"XRMU","medium_airport","Khankala Air Base","43.2981","45.7841","RU"
"XRWL","medium_airport","Lebyazhye Air Base","50.201698","45.208302","RU"
"YABA","medium_airport","Albany","-34.943333","117.808889","AU"
"YAMB","medium_airport","RAAF Base Amberley","-27.635381","152.711223","AU"
"YARA","medium_airport","Ararat","-37.309978","142.988688","AU"
"YARM","medium_airport","Armidale","-30.52809906","151.6170044","AU"
"YAYE","medium_airport","Ayers Rock Connellan","-25.185913","130.97703","AU"
"YBAR","medium_airport","Barcaldine","-23.566268","145.302086","AU"
"YBAS","medium_airport","Alice Springs","-23.806588","133.903427","AU"
"YBBN","large_airport","Brisbane International","-27.38419914","153.1170044","AU"
"YBCG","large_airport","Gold Coast","-28.165962","153.506641","AU"
"YBCK","medium_airport","Blackall","-24.431678","145.429716","AU"
"YBCS","large_airport","Cairns","-16.878921","145.74948","AU"
"YBCV","medium_airport","Charleville","-26.41329956","146.2619934","AU"
"YBDV","medium_airport","Birdsville","-25.89749908","139.3480072","AU"
"YBHI","medium_airport","Broken Hill","-32.00139999","141.4720001","AU"
"YBHM","medium_airport","Hamilton Island","-20.35810089","148.9519959","AU"
"YBIE","medium_airport","Bedourie","-24.3461","139.460007","AU"
"YBKE","medium_airport","Bourke","-30.03919983","145.9519958","AU"
"YBLA","medium_airport","Benalla","-36.551899","146.007004","AU"
"YBMA","medium_airport","Mount Isa","-20.66638","139.488468","AU"
"YBMK","medium_airport","Mackay","-21.170816","149.182588","AU"
"YBNA","medium_airport","Ballina Byron Gateway","-28.833236","153.561471","AU"
"YBNS","medium_airport","Bairnsdale","-37.887539","147.569379","AU"
"YBOK","medium_airport","Oakey Army Aviation Centre","-27.409262","151.736727","AU"
"YBOU","medium_airport","Boulia","-22.91329956","139.8999939","AU"
"YBPN","medium_airport","Proserpine Whitsunday Coast","-20.494416","148.553583","AU"
"YBRK","medium_airport","Rockhampton","-23.380019","150.475359","AU"
"YBRM","large_airport","Broome International","-17.949194","122.2283","AU"
"YBRN","medium_airport","Balranald","-34.624834","143.577114","AU"
"YBRW","medium_airport","Brewarrina","-29.975792","146.81438","AU"
"YBSU","large_airport","Sunshine Coast","-26.593324","153.08319","AU"
"YBTH","medium_airport","Bathurst","-33.406817","149.651161","AU"
"YBTI","medium_airport","Bathurst Island","-11.764966","130.615774","AU"
"YBTL","medium_airport","Townsville / RAAF Base Townsville","-19.252904","146.766512","AU"
"YBTR","medium_airport","Blackwater","-23.6031","148.807007","AU"
"YBUD","medium_airport","Bundaberg","-24.905039","152.322612","AU"
"YBWP","medium_airport","Weipa","-12.677493","141.922618","AU"
"YBWW","large_airport","Toowoomba Wellcamp","-27.558332","151.793335","AU"
"YCAR","medium_airport","Carnarvon","-24.884337","113.666393","AU"
"YCBA","medium_airport","Cobar","-31.53829956","145.7940063","AU"
"YCBB","medium_airport","Coonabarabran","-31.3325","149.266998","AU"
"YCBP","medium_airport","Coober Pedy","-29.038312","134.722166","AU"
"YCCA","medium_airport","Chinchilla","-26.771947","150.617571","AU"
"YCCY","medium_airport","Cloncurry","-20.66860008","140.5039978","AU"
"YCDU","medium_airport","Ceduna","-32.13059998","133.7100067","AU"
"YCEE","medium_airport","Cleve","-33.709702","136.505005","AU"
"YCFS","medium_airport","Coffs Harbour","-30.320601","153.115997","AU"
"YCIN","medium_airport","RAAF Base Curtin","-17.581389","123.828333","AU"
"YCKN","medium_airport","Cooktown","-15.443649","145.183221","AU"
"YCMT","medium_airport","Clermont","-22.7731","147.621002","AU"
"YCMU","medium_airport","Cunnamulla","-28.03000069","145.621994","AU"
"YCNM","medium_airport","Coonamble","-30.980946","148.377833","AU"
"YCOE","medium_airport","Coen","-13.761133","143.113311","AU"
"YCOM","medium_airport","Cooma Snowy Mountains","-36.300445","148.972408","AU"
"YCOR","medium_airport","Corowa","-35.994701","146.356995","AU"
"YCRG","medium_airport","Corryong","-36.18280029","147.8880005","AU"
"YCTM","medium_airport","Cootamundra","-34.624283","148.036641","AU"
"YCWR","medium_airport","Cowra","-33.846894","148.648007","AU"
"YDBI","medium_airport","Dirranbandi","-28.587912","148.217161","AU"
"YDBY","medium_airport","Derby","-17.37193","123.66221","AU"
"YDLQ","medium_airport","Deniliquin","-35.55939865","144.9459991","AU"
"YDPO","medium_airport","Devonport","-41.16970062","146.4299927","AU"
"YDYS","medium_airport","Dysart","-22.6222","148.363998","AU"
"YECH","medium_airport","Echuca","-36.15719986","144.7619934","AU"
"YELD","medium_airport","Elcho Island","-12.01939964","135.5709991","AU"
"YEML","medium_airport","Emerald","-23.56749916","148.1790009","AU"
"YESP","medium_airport","Esperance","-33.684399","121.822998","AU"
"YEWA","medium_airport","Eliwana","-22.428395","116.887879","AU"
"YFBS","medium_airport","Forbes","-33.363602","147.934998","AU"
"YFRT","medium_airport","Forrest","-30.83662","128.112811","AU"
"YFTZ","medium_airport","Fitzroy Crossing","-18.183596","125.559783","AU"
"YGDH","medium_airport","Gunnedah","-30.957511","150.248981","AU"
"YGEL","medium_airport","Geraldton","-28.796101","114.707001","AU"
"YGFN","medium_airport","Clarence Valley Regional","-29.754795","153.031234","AU"
"YGLA","medium_airport","Gladstone","-23.869763","151.225439","AU"
"YGLB","medium_airport","Goulburn","-34.81029892","149.7259979","AU"
"YGLI","medium_airport","Glen Innes","-29.676029","151.691156","AU"
"YGPT","medium_airport","Garden Point","-11.399686","130.425568","AU"
"YGTE","medium_airport","Groote Eylandt","-13.972405","136.458553","AU"
"YGTH","medium_airport","Griffith","-34.25080109","146.0670013","AU"
"YHAY","medium_airport","Hay","-34.531399","144.830002","AU"
"YHBA","medium_airport","Hervey Bay","-25.320127","152.880662","AU"
"YHID","medium_airport","Horn Island","-10.585636","142.29277","AU"
"YHLC","medium_airport","Halls Creek","-18.2339","127.669998","AU"
"YHML","medium_airport","Hamilton","-37.64889908","142.0650024","AU"
"YHOT","medium_airport","Mount Hotham","-37.04750061","147.3339996","AU"
"YHPN","medium_airport","Hopetoun","-35.715302","142.360001","AU"
"YHSM","medium_airport","Horsham","-36.66970062","142.1730042","AU"
"YIVL","medium_airport","Inverell","-29.88829994","151.1439972","AU"
"YKER","medium_airport","Kerang","-35.75139999","143.9389954","AU"
"YKII","medium_airport","King Island","-39.87749863","143.878006","AU"
"YKMP","medium_airport","Kempsey","-31.07232","152.765313","AU"
"YKOW","medium_airport","Kowanyama","-15.485369","141.752572","AU"
"YKRY","medium_airport","Kingaroy","-26.581077","151.839927","AU"
"YKSC","medium_airport","Kingscote","-35.71390152","137.5209961","AU"
"YLEC","medium_airport","Leigh Creek","-30.598301","138.425995","AU"
"YLEO","medium_airport","Leonora","-28.87809944","121.3150024","AU"
"YLHR","medium_airport","Lockhart River","-12.7869","143.304993","AU"
"YLIS","medium_airport","Lismore","-28.830689","153.258419","AU"
"YLRD","medium_airport","Lightning Ridge","-29.452857","147.977146","AU"
"YLRE","medium_airport","Longreach","-23.4342","144.279999","AU"
"YLST","medium_airport","Leinster","-27.84329987","120.7030029","AU"
"YLTV","medium_airport","Latrobe Valley","-38.211004","146.470817","AU"
"YMAV","large_airport","Melbourne Avalon International","-38.040269","144.467196","AU"
"YMAY","medium_airport","Albury","-36.066758","146.959148","AU"
"YMBA","medium_airport","Mareeba","-17.070277","145.424228","AU"
"YMDG","medium_airport","Mudgee","-32.564794","149.609452","AU"
"YMEK","medium_airport","Meekatharra","-26.61170006","118.5479965","AU"
"YMEN","medium_airport","Melbourne Essendon","-37.7281","144.901993","AU"
"YMER","medium_airport","Merimbula","-36.90859985","149.901001","AU"
"YMES","medium_airport","RAAF Base East Sale","-38.0989","147.149002","AU"
"YMGD","medium_airport","Maningrida","-12.05609989","134.2339935","AU"
"YMHB","large_airport","Hobart International","-42.837032","147.513022","AU"
"YMIA","medium_airport","Mildura","-34.22919846","142.0859985","AU"
"YMLT","medium_airport","Launceston","-41.544935","147.210785","AU"
"YMMB","medium_airport","Melbourne Moorabbin","-37.977765","145.099799","AU"
"YMML","large_airport","Melbourne","-37.670732","144.837898","AU"
"YMNE","medium_airport","Mount Keith","-27.28733","120.554937","AU"
"YMOG","medium_airport","Mount Magnet","-28.11610031","117.8420029","AU"
"YMOR","medium_airport","Moree","-29.49889946","149.8450012","AU"
"YMRB","medium_airport","Moranbah","-22.05780029","148.0769959","AU"
"YMRE","medium_airport","Marree","-29.6633","138.065002","AU"
"YMRY","medium_airport","Moruya","-35.89780045","150.1439972","AU"
"YMTG","medium_airport","Mount Gambier","-37.744382","140.780561","AU"
"YNAR","medium_airport","Narrandera","-34.70220184","146.5119934","AU"
"YNBR","medium_airport","Narrabri","-30.31920052","149.8269959","AU"
"YNGU","medium_airport","Ngukurr","-14.7228","134.746994","AU"
"YNRM","medium_airport","Narromine","-32.214699","148.225006","AU"
"YNTN","medium_airport","Normanton","-17.68409","141.069664","AU"
"YNWN","medium_airport","Newman","-23.4178009","119.8030014","AU"
"YORG","medium_airport","Orange","-33.382014","149.131262","AU"
"YPAD","large_airport","Adelaide International","-34.947512","138.533393","AU"
"YPAG","medium_airport","Port Augusta","-32.50690079","137.7169952","AU"
"YPBO","medium_airport","Paraburdoo","-23.17110062","117.7450027","AU"
"YPCC","large_airport","Cocos (Keeling) Islands","-12.192218","96.834103","CC"
"YPDN","large_airport","Darwin International / RAAF Darwin","-12.41497","130.88185","AU"
"YPEA","medium_airport","RAAF Base Pearce","-31.6678009","116.0149994","AU"
"YPED","medium_airport","RAAF Base Edinburgh","-34.705705","138.615564","AU"
"YPGV","medium_airport","Gove","-12.26939964","136.8179932","AU"
"YPIR","medium_airport","Port Pirie","-33.238899","137.994995","AU"
"YPJT","medium_airport","Perth Jandakot","-32.09749985","115.8809967","AU"
"YPKA","medium_airport","Karratha","-20.71220016","116.7730026","AU"
"YPKG","medium_airport","Kalgoorlie Boulder","-30.791543","121.464586","AU"
"YPKS","medium_airport","Parkes","-33.13140106","148.2389984","AU"
"YPKT","medium_airport","Port Keats","-14.249701","129.529538","AU"
"YPKU","medium_airport","East Kimberley Regional (Kununurra)","-15.7781","128.707993","AU"
"YPLC","medium_airport","Port Lincoln","-34.6053009","135.8800049","AU"
"YPLM","medium_airport","Learmonth","-22.235201","114.090024","AU"
"YPMQ","medium_airport","Port Macquarie","-31.43580055","152.8630066","AU"
"YPOD","medium_airport","Portland","-38.31809998","141.470993","AU"
"YPPD","large_airport","Port Hedland International","-20.382787","118.629789","AU"
"YPPH","large_airport","Perth International","-31.94029999","115.9670029","AU"
"YPTN","medium_airport","Tindal","-14.52110004","132.378006","AU"
"YPXM","medium_airport","Christmas Island International","-10.450387","105.6911","CX"
"YQLP","medium_airport","Quilpie","-26.609176","144.253746","AU"
"YREN","medium_airport","Renmark","-34.1964","140.673996","AU"
"YROM","medium_airport","Roma","-26.54500008","148.7749939","AU"
"YSBK","medium_airport","Sydney Bankstown","-33.923618","150.990792","AU"
"YSCB","medium_airport","Canberra","-35.3069","149.195007","AU"
"YSCN","medium_airport","Camden","-34.038338","150.686406","AU"
"YSDU","medium_airport","Dubbo City Regional","-32.21670151","148.5749969","AU"
"YSHK","medium_airport","Shark Bay","-25.897294","113.575802","AU"
"YSHL","medium_airport","Shellharbour","-34.5611","150.789001","AU"
"YSHT","medium_airport","Shepparton","-36.428341","145.391473","AU"
"YSMI","medium_airport","Smithton","-40.83499908","145.0839996","AU"
"YSNB","medium_airport","Snake Bay","-11.417674","130.648481","AU"
"YSNF","medium_airport","Norfolk Island International","-29.041759","167.939474","NF"
"YSNW","medium_airport","Naval Air Station Nowra - HMAS Albatross","-34.9466","150.542451","AU"
"YSRI","medium_airport","RAAF Base Richmond","-33.604652","150.783051","AU"
"YSSY","large_airport","Sydney Kingsford Smith International","-33.946098","151.177002","AU"
"YSTW","medium_airport","Tamworth","-31.077898","150.845484","AU"
"YSWG","medium_airport","Wagga Wagga","-35.163484","147.46832","AU"
"YSWH","medium_airport","Swan Hill","-35.37580109","143.5330048","AU"
"YSWL","medium_airport","Stawell","-37.07170105","142.7409973","AU"
"YSWS","large_airport","[Duplicate] Western Sydney International","-33.88806","150.71472","AU"
"YTEF","medium_airport","Telfer","-21.715","122.228996","AU"
"YTEM","medium_airport","Temora","-34.421398","147.511993","AU"
"YTGM","medium_airport","Thargomindah","-27.986368","143.812065","AU"
"YTIB","medium_airport","Tibooburra","-29.451099","142.057999","AU"
"YTMU","medium_airport","Tumut Aerodrome","-35.26832","148.240526","AU"
"YTNG","medium_airport","Thangool","-24.494863","150.577967","AU"
"YTNK","medium_airport","Tennant Creek","-19.63439941","134.1829987","AU"
"YTRE","medium_airport","Taree","-31.888599","152.514008","AU"
"YWDH","medium_airport","Windorah","-25.410641","142.668428","AU"
"YWGT","medium_airport","Wangaratta","-36.417914","146.306896","AU"
"YWHA","medium_airport","Whyalla","-33.05889893","137.5140076","AU"
"YWKB","medium_airport","Warracknabeal","-36.32109833","142.4190063","AU"
"YWLG","medium_airport","Walgett","-30.032801","148.126007","AU"
"YWLM","large_airport","Newcastle","-32.796114","151.835025","AU"
"YWLU","medium_airport","Wiluna","-26.62919998","120.2210007","AU"
"YWMC","medium_airport","William Creek Aerodrome","-28.905854","136.3406","AU"
"YWRN","medium_airport","Warren","-31.733299","147.802994","AU"
"YWSL","medium_airport","West Sale","-38.090827","146.965335","AU"
"YWTN","medium_airport","Winton","-22.36359978","143.0859985","AU"
"YWWL","medium_airport","West Wyalong","-33.93719864","147.1909943","AU"
"YWYY","medium_airport","Wynyard","-40.997039","145.726","AU"
"YYNG","medium_airport","Young","-34.255576","148.247118","AU"
"ZBAA","large_airport","Beijing Capital International","40.077349","116.596702","CN"
"ZBAD","large_airport","Beijing Daxing International","39.501289","116.413967","CN"
"ZBBB","medium_airport","Beijing Xijiao","39.958592","116.256765","CN"
"ZBCD","medium_airport","Chengde Puning","41.1225","118.073889","CN"
"ZBCF","medium_airport","Chifeng Yulong","42.159723","118.840971","CN"
"ZBDH","medium_airport","Qinhuangdao Beidaihe","39.666384","119.061384","CN"
"ZBDS","large_airport","Ordos Ejin Horo International","39.493514","109.8599","CN"
"ZBDT","large_airport","Datong Yungang International","40.06139","113.480509","CN"
"ZBER","medium_airport","Erenhot Saiwusu International","43.424079","112.091081","CN"
"ZBES","medium_airport","Arxan Yi'ershi","47.3106","119.9117","CN"
"ZBHD","medium_airport","Handan","36.524824","114.424126","CN"
"ZBHH","large_airport","Hohhot Baita International","40.849658","111.824598","CN"
"ZBHZ","medium_airport","Holingol Huolinhe","45.487222","119.407222","CN"
"ZBLA","large_airport","Hulunbuir Hailar","49.208616","119.822301","CN"
"ZBLF","medium_airport","Linfen Yaodu","36.132629","111.641236","CN"
"ZBLL","medium_airport","Lüliang Dawu","37.683333","111.142778","CN"
"ZBMZ","medium_airport","Manzhouli Xijiao","49.566667","117.33","CN"
"ZBOW","large_airport","Baotou Donghe International","40.560001","109.997002","CN"
"ZBSG","medium_airport","Shuozhou Zirun","39.273241","112.691552","CN"
"ZBSJ","large_airport","Shijiazhuang Zhengding International","38.280701","114.696999","CN"
"ZBTJ","large_airport","Tianjin Binhai International","39.12440109","117.3460007","CN"
"ZBTL","medium_airport","Tongliao","43.556702","122.199997","CN"
"ZBUC","medium_airport","Ulanqab Jining","41.130266","113.107274","CN"
"ZBUH","medium_airport","Wuhai","39.7934","106.7993","CN"
"ZBXH","medium_airport","Xilinhot","43.91559982","115.9639969","CN"
"ZBYC","large_airport","Yuncheng Yanhu International","35.117823","111.034023","CN"
"ZBYN","large_airport","Taiyuan Wusu International","37.746899","112.627998","CN"
"ZBYZ","medium_airport","Bayannur Tianjitai","40.926358","107.74093","CN"
"ZBZJ","medium_airport","Zhangjiakou Ningyuan","40.738664","114.933395","CN"
"ZBZL","medium_airport","Zhalantun Genghis Khan","47.865942","122.768662","CN"
"ZGBH","medium_airport","Beihai Fucheng","21.538659","109.293683","CN"
"ZGBS","medium_airport","Baise (Bose) Bama","23.7206","106.959999","CN"
"ZGCD","medium_airport","Changde Taohuayuan","28.9189","111.639999","CN"
"ZGCJ","medium_airport","Huaihua Zhijiang","27.443087","109.704666","CN"
"ZGCZ","medium_airport","Chenzhou Beihu","25.753419","112.845404","CN"
"ZGDY","large_airport","Zhangjiajie Hehua International","29.104749","110.442786","CN"
"ZGFS","medium_airport","Foshan Shadi","23.0825","113.070833","CN"
"ZGGG","large_airport","Guangzhou Baiyun International","23.392401","113.299004","CN"
"ZGHA","large_airport","Changsha Huanghua International","28.189199","113.220001","CN"
"ZGHC","medium_airport","Hechi Jinchengjiang","24.804344","107.710819","CN"
"ZGHZ","medium_airport","Huizhou Pingtan","23.049999","114.599998","CN"
"ZGKL","large_airport","Guilin Liangjiang International","25.219828","110.039553","CN"
"ZGLG","medium_airport","Yongzhou Lingling","26.338661","111.610043","CN"
"ZGNN","large_airport","Nanning Wuxu International","22.598071","108.181922","CN"
"ZGOW","large_airport","Jieyang Chaoshan International","23.552","116.5033","CN"
"ZGSD","large_airport","Zhuhai Jinwan","22.006399","113.375999","CN"
"ZGSY","medium_airport","Shaoyang Wugang","26.806123","110.641042","CN"
"ZGSZ","large_airport","Shenzhen Bao'an International","22.639474","113.803262","CN"
"ZGWZ","medium_airport","Wuzhou Xijiang","23.40316","111.09331","CN"
"ZGYL","medium_airport","Yulin Fumian","22.433042","110.119996","CN"
"ZGYY","medium_airport","Yueyang Sanhe","29.311699","113.281574","CN"
"ZGZH","medium_airport","Liuzhou Bailian / Bailian Air Base","24.2075","109.390999","CN"
"ZGZJ","large_airport","Zhanjiang Wuchuan International","21.481667","110.590278","CN"
"ZHCC","large_airport","Zhengzhou Xinzheng International","34.526497","113.849165","CN"
"ZHEC","large_airport","Ezhou Huahu International","30.341178","115.03926","CN"
"ZHES","medium_airport","Enshi Xujiaping","30.320299","109.485001","CN"
"ZHGH","medium_airport","Guangzhou MR Air Base / Guanghua","32.38866","111.69425","CN"
"ZHHH","large_airport","Wuhan Tianhe International","30.774798","114.213723","CN"
"ZHJZ","medium_airport","Jingzhou Shashi","30.29281","112.44854","CN"
"ZHLY","large_airport","Luoyang Beijiao","34.7411","112.388","CN"
"ZHSN","medium_airport","Shennongjia Hongping","31.626","110.34","CN"
"ZHSY","medium_airport","Shiyan Wudangshan","32.592889","110.906296","CN"
"ZHXF","medium_airport","Xiangyang Liuji","32.152222","112.291666","CN"
"ZHXY","medium_airport","Xinyang Minggang","32.540819","114.079141","CN"
"ZHYC","medium_airport","Yichang Sanxia","30.554132","111.482563","CN"
"ZJHK","large_airport","Haikou Meilan International","19.9349","110.459","CN"
"ZJQH","medium_airport","Qionghai Bo'ao","19.140951","110.452766","CN"
"ZJSY","large_airport","Sanya Phoenix International","18.3029","109.412003","CN"
"ZKHM","medium_airport","Orang (Chongjin)","41.428538","129.647555","KP"
"ZKPY","large_airport","Pyongyang Sunan International","39.224098","125.669998","KP"
"ZKSC","medium_airport","Sunchon Air Base","39.412463","125.890273","KP"
"ZKSD","medium_airport","Sondok","39.745201","127.473999","KP"
"ZKWS","medium_airport","Wonsan Kalma","39.165219","127.487931","KP"
"ZLDH","large_airport","Dunhuang Mogao International","40.161953","94.812827","CN"
"ZLDL","medium_airport","Haixi Delingha","37.125286","97.268658","CN"
"ZLGL","medium_airport","Golog Maqên","34.418066","100.301144","CN"
"ZLGM","medium_airport","Golmud","36.4006","94.786102","CN"
"ZLGY","medium_airport","Guyuan Liupanshan","36.078889","106.216944","CN"
"ZLHX","medium_airport","Huatugou","38.201645","90.837843","CN"
"ZLHZ","medium_airport","Hanzhong Chenggu","33.133527","107.203817","CN"
"ZLIC","large_airport","Yinchuan Hedong International","38.322758","106.393214","CN"
"ZLJC","medium_airport","Jinchang Jinchuan","38.542222","102.348333","CN"
"ZLJQ","large_airport","Jiayuguan International","39.859052","98.339344","CN"
"ZLLL","large_airport","Lanzhou Zhongchuan International","36.515202","103.620003","CN"
"ZLLN","medium_airport","Longnan Chengzhou","33.789918","105.790014","CN"
"ZLQY","medium_airport","Qingyang Xifeng","35.802638","107.598896","CN"
"ZLSN","medium_airport","Xi'an Xiguan","34.376701","109.120003","CN"
"ZLTS","medium_airport","Tianshui Maijishan","34.5601","105.860343","CN"
"ZLXH","medium_airport","Gannan Xiahe","34.819014","102.622261","CN"
"ZLXN","large_airport","Xining Caojiabao International","36.52775","102.040215","CN"
"ZLXY","large_airport","Xi'an Xianyang International","34.442207","108.762385","CN"
"ZLYA","medium_airport","Yan'an Nanniwan","36.479413","109.464083","CN"
"ZLYL","medium_airport","Yulin Yuyang","38.35971","109.590927","CN"
"ZLYS","medium_airport","Yushu Batang","32.836389","97.036389","CN"
"ZLZW","medium_airport","Zhongwei Shapotou","37.573125","105.154454","CN"
"ZLZY","medium_airport","Zhangye Ganzhou","38.801899","100.675003","CN"
"ZMAH","medium_airport","Arvaikheer","46.25030136","102.802002","MN"
"ZMAT","medium_airport","Altai","46.37639999","96.22109985","MN"
"ZMBH","medium_airport","Bayankhongor","46.1633","100.704002","MN"
"ZMBN","medium_airport","Bulgan","48.85499954","103.4759979","MN"
"ZMBU","medium_airport","Baruun Urt","46.66030121","113.2850037","MN"
"ZMCD","medium_airport","Choibalsan","48.135381","114.647231","MN"
"ZMCK","large_airport","Ulaanbaatar Chinggis Khaan International","47.646916","106.819833","MN"
"ZMDZ","medium_airport","Dalanzadgad","43.608628","104.367734","MN"
"ZMKD","medium_airport","Khovd","47.954102","91.628197","MN"
"ZMMN","medium_airport","Mörön","49.663677","100.100028","MN"
"ZMUB","large_airport","Buyant-Ukhaa International","47.843102","106.766998","MN"
"ZMUG","medium_airport","Ulaangom","50.066588","91.938273","MN"
"ZMUL","medium_airport","Ölgii Mongolei International","48.993301","89.922501","MN"
"ZPBS","medium_airport","Baoshan Yunrui","25.053301","99.168297","CN"
"ZPCW","medium_airport","Cangyuan Washan","23.276331","99.373169","CN"
"ZPDL","medium_airport","Dali Fengyi","25.649401","100.319","CN"
"ZPDQ","medium_airport","Diqing Shangri-La","27.7936","99.6772","CN"
"ZPJH","large_airport","Xishuangbanna Gasa International","21.974648","100.762224","CN"
"ZPJM","medium_airport","Lancang Jingmai","22.417733","99.784012","CN"
"ZPLC","medium_airport","Lincang Boshang","23.7381","100.025002","CN"
"ZPLJ","large_airport","Lijiang Sanyi International","26.677483","100.244944","CN"
"ZPMS","medium_airport","Dehong Mangshi International","24.4011","98.5317","CN"
"ZPPP","large_airport","Kunming Changshui International","25.110313","102.936743","CN"
"ZPYM","medium_airport","Yuanmou Air Base","25.737499","101.882004","CN"
"ZPZT","medium_airport","Zhaotong","27.327549","103.75617","CN"
"ZSAM","large_airport","Xiamen Gaoqi International","24.543889","118.127454","CN"
"ZSAQ","medium_airport","Anqing Tianzhushan / Anqing North Air Base","30.582199","117.050003","CN"
"ZSBB","medium_airport","Bengbu Renheji","32.847733","117.320244","CN"
"ZSCG","medium_airport","Changzhou Benniu International","31.920485","119.77546","CN"
"ZSCN","large_airport","Nanchang Changbei International","28.864815","115.90271","CN"
"ZSDY","medium_airport","Dongying Shengli","37.50137","118.789863","CN"
"ZSFY","medium_airport","Fuyang Xiguan","32.882157","115.734364","CN"
"ZSFZ","large_airport","Fuzhou Changle International","25.929254","119.672524","CN"
"ZSHC","large_airport","Hangzhou Xiaoshan International","30.23609","120.428865","CN"
"ZSHZ","medium_airport","Heze Mudan","35.212972","115.736748","CN"
"ZSJD","medium_airport","Jingdezhen Luojia","29.3386","117.176003","CN"
"ZSJG","medium_airport","Jining Da'an","35.647358","116.743269","CN"
"ZSJN","large_airport","Jinan Yaoqiang International","36.857201","117.216003","CN"
"ZSJU","medium_airport","Quzhou","28.96613","118.898793","CN"
"ZSLG","large_airport","Lianyungang Huaguoshan International","34.41406","119.17899","CN"
"ZSLO","medium_airport","Liancheng Guanzhishan","25.67592","116.745907","CN"
"ZSLQ","medium_airport","Taizhou Luqiao","28.562201","121.429001","CN"
"ZSLY","medium_airport","Linyi Qiyang","35.052918","118.411828","CN"
"ZSNB","large_airport","Ningbo Lishe International","29.82670021","121.461998","CN"
"ZSNJ","large_airport","Nanjing Lukou International","31.735032","118.865949","CN"
"ZSNT","medium_airport","Nantong Xingdong International","32.073566","120.980076","CN"
"ZSOF","large_airport","Hefei Xinqiao International","31.98779","116.9769","CN"
"ZSPD","large_airport","Shanghai Pudong International","31.1434","121.805","CN"
"ZSQD","large_airport","Qingdao Jiaodong International","36.361953","120.088171","CN"
"ZSQZ","large_airport","Quanzhou Jinjiang International","24.795855","118.588599","CN"
"ZSRG","medium_airport","Rugao Air Base","32.258341","120.501131","CN"
"ZSRZ","medium_airport","Rizhao Shanzihe","35.405033","119.324403","CN"
"ZSSH","large_airport","Huai'an Lianshui","33.792712","119.126657","CN"
"ZSSM","medium_airport","Sanming Shaxian","26.4263","117.8336","CN"
"ZSSR","medium_airport","Shangrao Sanqingshan","28.3797","117.9643","CN"
"ZSSS","large_airport","Shanghai Hongqiao International","31.198104","121.33426","CN"
"ZSSZ","medium_airport","Suzhou Guangfu","31.2631","120.401001","CN"
"ZSTX","large_airport","Huangshan Tunxi International","29.733299","118.255997","CN"
"ZSWA","medium_airport","Wuhu Xuanzhou","31.1045","118.66687","CN"
"ZSWF","medium_airport","Weifang Nanyuan","36.646702","119.119003","CN"
"ZSWH","medium_airport","Weihai Dashuibo","37.187099","122.228996","CN"
"ZSWX","large_airport","Sunan Shuofang International","31.496952","120.43038","CN"
"ZSWY","medium_airport","Nanping Wuyishan","27.7019","118.000999","CN"
"ZSWZ","large_airport","Wenzhou Longwan International","27.910572","120.853465","CN"
"ZSXZ","medium_airport","Xuzhou Guanyin International","34.059056","117.555278","CN"
"ZSYA","medium_airport","Yangzhou Taizhou","32.5634","119.7198","CN"
"ZSYC","medium_airport","Yichun Mingyueshan","27.8025","114.3062","CN"
"ZSYN","large_airport","Yancheng Nanyang International","33.428317","120.20545","CN"
"ZSYT","large_airport","Yantai Penglai International","37.659724","120.978124","CN"
"ZSYW","large_airport","Yiwu","29.342095","120.03116","CN"
"ZSZS","large_airport","Zhoushan Putuoshan International","29.933874","122.362307","CN"
"ZUAL","medium_airport","Ngari Gunsa","32.09794","80.053971","CN"
"ZUAS","medium_airport","Anshun Huangguoshu","26.260556","105.873333","CN"
"ZUBD","medium_airport","Qamdo Bangda","30.55360031","97.10829926","CN"
"ZUBJ","medium_airport","Bijie Feixiong","27.267066","105.472097","CN"
"ZUCK","large_airport","Chongqing Jiangbei International","29.712254","106.651895","CN"
"ZUDA","medium_airport","Dazhou Jinya","31.048815","107.435646","CN"
"ZUDC","medium_airport","Daocheng Yading","29.31632","100.060317","CN"
"ZUDJ","medium_airport","Tongren Dejiang (Under Construction)","28.121","108.1631","CN"
"ZUGH","medium_airport","Guanghan","30.9485","104.3296","CN"
"ZUGU","medium_airport","Guangyuan Panlong","32.390254","105.694571","CN"
"ZUGY","large_airport","Guiyang Longdongbao International","26.541805","106.80402","CN"
"ZUHY","medium_airport","Hongyuan","32.53154","102.35224","CN"
"ZUJZ","medium_airport","Jiuzhai Huanglong","32.853333","103.682222","CN"
"ZUKD","medium_airport","Kangding","30.142464","101.73872","CN"
"ZUKJ","medium_airport","Kaili Huangping","26.972","107.988","CN"
"ZULS","large_airport","Lhasa Gonggar International","29.298001","90.911951","CN"
"ZULZ","medium_airport","Luzhou Yunlong","29.030357","105.468407","CN"
"ZUMT","medium_airport","Zunyi Maotai","27.961837","106.435416","CN"
"ZUMY","medium_airport","Mianyang Nanjiao","31.428101","104.740997","CN"
"ZUNP","medium_airport","Liping","26.32217","109.1499","CN"
"ZUNZ","medium_airport","Nyingchi Mainling","29.303301","94.335297","CN"
"ZUPS","medium_airport","Liupanshui Yuezhao","26.609417","104.979","CN"
"ZUQJ","medium_airport","Qianjiang Wulingshan","29.51333333","108.8311111","CN"
"ZURK","large_airport","Xigaze Peace / Shigatse Air Base","29.350876","89.299157","CN"
"ZUTC","medium_airport","Tengchong Tuofeng","24.938056","98.485833","CN"
"ZUTF","large_airport","Chengdu Tianfu International","30.31252","104.441284","CN"
"ZUTR","medium_airport","Tongren Fenghuang","27.883333","109.308889","CN"
"ZUUU","large_airport","Chengdu Shuangliu International","30.558257","103.945966","CN"
"ZUWL","medium_airport","Chongqing Xiannüshan","29.465658","107.693664","CN"
"ZUXC","medium_airport","Xichang Qingshan","27.9891","102.183998","CN"
"ZUYB","medium_airport","Yibin Wuliangye","28.858431","104.526157","CN"
"ZUYI","medium_airport","Xingyi Wanfenglin","25.083423","104.960804","CN"
"ZUZH","medium_airport","Panzhihua Bao'anying","26.54","101.79852","CN"
"ZUZY","medium_airport","Zunyi Xinzhou","27.810723","107.247189","CN"
"ZWAK","medium_airport","Aksu Hongqipo","41.262501","80.291702","CN"
"ZWAT","medium_airport","Altay Xuedu","47.749886","88.085808","CN"
"ZWBL","medium_airport","Bole Alashankou","44.895461","82.30007","CN"
"ZWCM","medium_airport","Qiemo Yudu","38.234516","85.465462","CN"
"ZWFY","medium_airport","Fuyun Koktokay","46.804169","89.512006","CN"
"ZWHM","medium_airport","Hami","42.8414","93.669197","CN"
"ZWKL","medium_airport","Korla Licheng","41.614979","86.140817","CN"
"ZWKN","medium_airport","Burqin Kanas","48.2223","86.9959","CN"
"ZWLK","medium_airport","Barkol Dahe","43.756544","93.137164","CN"
"ZWNL","medium_airport","Xinyuan Nalati","43.4318","83.3786","CN"
"ZWRQ","medium_airport","Ruoqiang Loulan","38.974722","88.008333","CN"
"ZWSC","medium_airport","Shache","38.24542","77.056149","CN"
"ZWSH","large_airport","Kashgar Laining International","39.542273","76.02023","CN"
"ZWSS","medium_airport","Shanshan","42.911701","90.247498","CN"
"ZWTL","medium_airport","Turpan Jiaohe","43.0308","89.0987","CN"
"ZWTN","medium_airport","Hotan","37.03850174","79.86489868","CN"
"ZWWW","large_airport","Ürümqi Tianshan International","43.913584","87.479372","CN"
"ZWYN","medium_airport","Ili Yining International","43.955799","81.330299","CN"
"ZYAS","medium_airport","Anshan Teng'ao / Anshan Air Base","41.105301","122.853996","CN"
"ZYBA","medium_airport","Baicheng Chang'an","45.505278","123.019722","CN"
"ZYBS","medium_airport","Changbaishan","42.066944","127.602222","CN"
"ZYCC","large_airport","Changchun Longjia International","43.996201","125.684998","CN"
"ZYCY","medium_airport","Chaoyang","41.538101","120.434998","CN"
"ZYDD","medium_airport","Dandong Langtou International","40.025453","124.28669","CN"
"ZYDU","medium_airport","Wudalianchi Dedu","48.441037","126.128374","CN"
"ZYFY","medium_airport","Fuyuan Dongji","48.197219","134.36298","CN"
"ZYHB","large_airport","Harbin Taiping International","45.623402","126.25","CN"
"ZYHE","medium_airport","Heihe Aihui","50.171621","127.308884","CN"
"ZYJD","medium_airport","Daxing'anling Elunchun","50.371389","124.1175","CN"
"ZYJM","medium_airport","Jiamusi Songjiang International","46.842793","130.46426","CN"
"ZYJS","medium_airport","Jiansanjiang Shidi","47.108248","132.65792","CN"
"ZYJX","medium_airport","Jixi Xingkaihu","45.293","131.193","CN"
"ZYJZ","medium_airport","Jinzhou Bay","40.936032","121.277114","CN"
"ZYLD","medium_airport","Yichun Lindu","47.752056","129.019125","CN"
"ZYMD","medium_airport","Mudanjiang Hailang International","44.525172","129.568634","CN"
"ZYMH","medium_airport","Mohe Gulian","52.916871","122.422759","CN"
"ZYQQ","large_airport","Qiqihar Sanjiazi","47.229969","123.914179","CN"
"ZYSQ","medium_airport","Songyuan Chaganhu","44.931143","124.552121","CN"
"ZYTL","large_airport","Dalian Zhoushuizi International","38.965719","121.538477","CN"
"ZYTN","medium_airport","Tonghua Sanyuanpu","42.048435","125.733963","CN"
"ZYTX","large_airport","Shenyang Taoxian International","41.6398","123.483668","CN"
"ZYXC","medium_airport","Xingcheng Air Base","40.580328","120.700374","CN"
"ZYYJ","medium_airport","Yanji Chaoyangchuan","42.88280106","129.451004","CN"
"ZYYK","medium_airport","Yingkou Lanqi","40.542524","122.3586","CN"
"ZYYY","medium_airport","Shenyang Dongta","41.784354","123.496308","CN"
